Handle,Title,Body (HTML),Vendor,Product Category,Type,Collections,Published,Option1 Name,Option1 Value,Option2 Name,Option2 Value,Option3 Name,Option3 Value,Variant SKU,Variant Inventory Tracker,Variant Inventory Policy,Variant Fulfillment Service,Variant Price,Variant Compare At Price,Cost per item,Variant Requires Shipping,Variant Taxable,Variant Weight Unit,Variant Grams,Image Src,Image Position,Image Alt Text,Variant Image,SEO Title,SEO Description,Gift Card,Included / United States,Price / United States,Compare At Price / United States,Included / International,Price / International,Compare At Price / International,Status,Pictorem_Canvas_Cost_Stretched,Pictorem_Canvas_Cost_Roll,Pictorem_Frame_Cost,Canvas_Type,Total_Cost,Suggested_Retail_Price,Markup_Percentage,Pictorem_Size_Match,Pricing_Updated
deep-echoes,Deep Echoes,"<div>
    <p>
        <span>Deep Echos</span> from the <span>Chromatic Echoes</span> collection showcases a vibrant geometric composition that evokes the shimmering facets of a gemstone. The piece is characterized by layers of overlapping shapes in varying shades of deep blues, creating a visual depth that suggests a multifaceted surface. The central alignment and mirroring of shapes give the artwork a balanced and harmonious aesthetic, reminiscent of the symmetry found in natural crystals.
    </p>
</div>
<div>
    <div style=""display: flex; flex-wrap: wrap; gap: 10px; justify-content: start;"">
        <span style=""display: inline-block; font-size: 16px; border-radius: 20px; background-color: #f1f1f1; padding: 3px 10px;"">Deep Echos</span>
        <span style=""display: inline-block; font-size: 16px; border-radius: 20px; background-color: #f1f1f1; padding: 3px 10px;"">Gemstone Inspiration</span>
        <span style=""display: inline-block; font-size: 16px; border-radius: 20px; background-color: #f1f1f1; padding: 3px 10px;"">Geometric Art</span>
        <span style=""display: inline-block; font-size: 16px; border-radius: 20px; background-color: #f1f1f1; padding: 3px 10px;"">Symmetrical Composition</span>
        <span style=""display: inline-block; font-size: 16px; border-radius: 20px; background-color: #f1f1f1; padding: 3px 10px;"">Visual Depth</span>
        <span style=""display: inline-block; font-size: 16px; border-radius: 20px; background-color: #f1f1f1; padding: 3px 10px;"">Chromatic Echoes</span>
        <span style=""display: inline-block; font-size: 16px; border-radius: 20px; background-color: #f1f1f1; padding: 3px 10px;"">Artistic Harmony</span>
        <span style=""display: inline-block; font-size: 16px; border-radius: 20px; background-color: #f1f1f1; padding: 3px 10px;"">Layered Artwork</span>
        <span style=""display: inline-block; font-size: 16px; border-radius: 20px; background-color: #f1f1f1; padding: 3px 10px;"">Luxurious Decor</span>
        <span style=""display: inline-block; font-size: 16px; border-radius: 20px; background-color: #f1f1f1; padding: 3px 10px;"">Abstract Art</span>
    </div>
</div>
",VividWalls,Home & Garden > Decor > Artwork,Artwork,Chromatic Echoes,True,Frame Size,53x72,Frame Color,Black,Frame Style,Thin Floating Frame,DEEP-ECHOES-CHROMATIC-ECHOES-BLACK-THIN-FLOATING-FRAME-53X72,shopify,deny,manual,579.99,0.0,305.26,True,False,lb,0.0,https://cdn.shopify.com/s/files/1/0785/1504/4639/files/chromatic_echos_deep_no1_black_frame_53x72_9eef57ca-4dce-4ed9-853d-0097eaebab0a.png?v=1713722113,1.0,"Abstract Art, Wall Art, Ready-To-Hang, Deep Echoes, Chromatic Echoes, Frame Size-53x72, Frame Color-Black,Frame Style-Thin Floating Frame, VividWalls, Artwork",https://cdn.shopify.com/s/files/1/0785/1504/4639/files/chromatic_echos_deep_no1_black_frame_53x72_9eef57ca-4dce-4ed9-853d-0097eaebab0a.png?v=1713722113,"Abstract Art, Wall Art, Ready-To-Hang, Collection Chromatic Echoes Deep Echoes 53x72, Black Frame Artwork",,False,True,,,True,,,active,289.96,217.47,15.3,Stretched,305.26,579.99,90.0,53x72 (estimated),2025-05-29 00:51:14
deep-echoes,,,,,,,,,53x72,,White,,Thin Floating Frame,DEEP-ECHOES-CHROMATIC-ECHOES-WHITE-THIN-FLOATING-FRAME-53X72,shopify,deny,manual,610.68,0.0,321.41,True,False,lb,0.0,https://cdn.shopify.com/s/files/1/0785/1504/4639/files/chromatic_echos_deep_no1_white_frame_53x72_bfa08f74-e7b6-4918-8c87-9bd450dcf770.png?v=1713722113,2.0,"Abstract Art, Wall Art, Ready-To-Hang, Deep Echoes, Chromatic Echoes, Frame Size-53x72, Frame Color-White,Frame Style-Thin Floating Frame, VividWalls, Artwork",https://cdn.shopify.com/s/files/1/0785/1504/4639/files/chromatic_echos_deep_no1_white_frame_53x72_bfa08f74-e7b6-4918-8c87-9bd450dcf770.png?v=1713722113,,,,,,,,,,,289.96,217.47,31.45,Stretched,321.41,610.68,90.0,53x72 (estimated),2025-05-29 00:51:14
deep-echoes,,,,,,,,,53x72,,,,No Frame,DEEP-ECHOES-CHROMATIC-ECHOES-NA-NO-FRAME-53X72,shopify,deny,manual,550.92,0.0,289.96,True,False,lb,0.0,https://cdn.shopify.com/s/files/1/0785/1504/4639/files/chromatic_echos_deep_no1_no_frame_53x72_db98bf74-d666-4c20-9c9c-fa6b0a04baaf.png?v=1713722113,3.0,"Abstract Art, Wall Art, Ready-To-Hang, Deep Echoes, Chromatic Echoes, Frame Size-53x72, Frame Color-NA,Frame Style-Thin Floating Frame, VividWalls, Artwork",https://cdn.shopify.com/s/files/1/0785/1504/4639/files/chromatic_echos_deep_no1_no_frame_53x72_db98bf74-d666-4c20-9c9c-fa6b0a04baaf.png?v=1713722113,,,,,,,,,,,289.96,217.47,0.0,Stretched,289.96,550.92,90.0,53x72 (estimated),2025-05-29 00:51:14
deep-echoes,,,,,,,,,36x48,,Black,,Thin Floating Frame,DEEP-ECHOES-CHROMATIC-ECHOES-BLACK-THIN-FLOATING-FRAME-36X48,shopify,deny,manual,348.07,0.0,165.75,True,False,lb,0.0,https://cdn.shopify.com/s/files/1/0785/1504/4639/files/chromatic_echos_deep_no1_canvas_black_frame_36x48_2054e543-c660-41e8-a8a0-a7c91272e953.png?v=1713722113,4.0,"Abstract Art, Wall Art, Ready-To-Hang, Deep Echoes, Chromatic Echoes, Frame Size-36x48, Frame Color-Black,Frame Style-Thin Floating Frame, VividWalls, Artwork",https://cdn.shopify.com/s/files/1/0785/1504/4639/files/chromatic_echos_deep_no1_canvas_black_frame_36x48_2054e543-c660-41e8-a8a0-a7c91272e953.png?v=1713722113,,,,,,,,,,,150.45,112.84,15.3,Stretched,165.75,348.07,110.0,36x48,2025-05-29 00:51:14
deep-echoes,,,,,,,,,36x48,,White,,Thin Floating Frame,DEEP-ECHOES-CHROMATIC-ECHOES-WHITE-THIN-FLOATING-FRAME-36X48,shopify,deny,manual,381.99,0.0,181.9,True,False,lb,0.0,https://cdn.shopify.com/s/files/1/0785/1504/4639/files/chromatic_echos_deep_no1_canvas_white_frame_36x48_77e0a0b9-2f42-419f-b61f-55891f8e1777.png?v=1713722113,5.0,"Abstract Art, Wall Art, Ready-To-Hang, Deep Echoes, Chromatic Echoes, Frame Size-36x48, Frame Color-White,Frame Style-Thin Floating Frame, VividWalls, Artwork",https://cdn.shopify.com/s/files/1/0785/1504/4639/files/chromatic_echos_deep_no1_canvas_white_frame_36x48_77e0a0b9-2f42-419f-b61f-55891f8e1777.png?v=1713722113,,,,,,,,,,,150.45,112.84,31.45,Stretched,181.9,381.99,110.0,36x48,2025-05-29 00:51:14
deep-echoes,,,,,,,,,36x48,,,,No Frame,DEEP-ECHOES-CHROMATIC-ECHOES-NA-NO-FRAME-36X48,shopify,deny,manual,315.94,0.0,150.45,True,False,lb,0.0,https://cdn.shopify.com/s/files/1/0785/1504/4639/files/chromatic_echos_deep_no1_canvas_no_frame_36x48_7c27050e-b0b1-4f72-8bd7-8d98ed4389b3.png?v=1713722113,6.0,"Abstract Art, Wall Art, Ready-To-Hang, Deep Echoes, Chromatic Echoes, Frame Size-36x48, Frame Color-NA,Frame Style-Thin Floating Frame, VividWalls, Artwork",https://cdn.shopify.com/s/files/1/0785/1504/4639/files/chromatic_echos_deep_no1_canvas_no_frame_36x48_7c27050e-b0b1-4f72-8bd7-8d98ed4389b3.png?v=1713722113,,,,,,,,,,,150.45,112.84,0.0,Stretched,150.45,315.94,110.0,36x48,2025-05-29 00:51:14
deep-echoes,,,,,,,,,24x36,,Black,,Thin Floating Frame,DEEP-ECHOES-CHROMATIC-ECHOES-BLACK-THIN-FLOATING-FRAME-24X36,shopify,deny,manual,210.63,0.0,100.3,True,False,lb,0.0,https://cdn.shopify.com/s/files/1/0785/1504/4639/files/chromatic_echos_deep_no1_canvas_black_frame_24x36_1059d929-1b71-46b5-90fa-92378a2c52c3.png?v=1713722113,7.0,"Abstract Art, Wall Art, Ready-To-Hang, Deep Echoes, Chromatic Echoes, Frame Size-24x36, Frame Color-Black,Frame Style-Thin Floating Frame, VividWalls, Artwork",https://cdn.shopify.com/s/files/1/0785/1504/4639/files/chromatic_echos_deep_no1_canvas_black_frame_24x36_1059d929-1b71-46b5-90fa-92378a2c52c3.png?v=1713722113,,,,,,,,,,,85.0,63.75,15.3,Stretched,100.3,210.63,110.0,24x36,2025-05-29 00:51:14
deep-echoes,,,,,,,,,24x36,,,,No Frame,DEEP-ECHOES-CHROMATIC-ECHOES-BLACK-THIN-FLOATING-FRAME-24X36,shopify,deny,manual,204.0,0.0,85.0,True,False,lb,0.0,https://cdn.shopify.com/s/files/1/0785/1504/4639/files/chromatic_echos_deep_no1_canvas_white_frame_24x36_4c1793c6-292d-484f-8661-8f7b15ec7ca0.png?v=1713722113,8.0,"Abstract Art, Wall Art, Ready-To-Hang, Deep Echoes, Chromatic Echoes, Frame Size-24x36, Frame Color-White,Frame Style-Thin Floating Frame, VividWalls, Artwork",https://cdn.shopify.com/s/files/1/0785/1504/4639/files/chromatic_echos_deep_no1_canvas_black_frame_24x36_1059d929-1b71-46b5-90fa-92378a2c52c3.png?v=1713722113,,,,,,,,,,,85.0,63.75,0.0,Stretched,85.0,204.0,140.0,24x36,2025-05-29 00:51:14
deep-echoes,,,,,,,,,24x36,,White,,Thin Floating Frame,DEEP-ECHOES-CHROMATIC-ECHOES-WHITE-THIN-FLOATING-FRAME-24X36,shopify,deny,manual,244.55,0.0,116.45,True,False,lb,0.0,https://cdn.shopify.com/s/files/1/0785/1504/4639/files/chromatic_echos_deep_no1_canvas_white_frame_24x36_7f6ad875-3d28-40c9-892e-de681c4a4e9b.png?v=1713722113,9.0,"Abstract Art, Wall Art, Ready-To-Hang, Deep Echoes, Chromatic Echoes, Frame Size-24x37, Frame Color-White,Frame Style-Thin Floating Frame, VividWalls, Artwork",https://cdn.shopify.com/s/files/1/0785/1504/4639/files/chromatic_echos_deep_no1_canvas_white_frame_24x36_4c1793c6-292d-484f-8661-8f7b15ec7ca0.png?v=1713722113,,,,,,,,,,,85.0,63.75,31.45,Stretched,116.45,244.55,110.0,24x36,2025-05-29 00:51:14
space-form-no4,Space & Form no4,"<div>
    <p>
        <span>Space &amp; Form No.2</span> from the <span>Resonating Structure</span> collection is a compelling display of the artist's ability to invoke depth through minimalistic design. This piece strikes a commanding presence, its bold monochromatic shapes creating a stark interplay of contrast and negative space.
    </p>
    <p>
        Here, the artist employs a palette of black, white, and greys to sculpt the illusion of volume and space. The composition is both geometrically rigorous and intriguingly imprecise, suggesting a fluidity of movement within its rigid bounds. The texture applied throughout the piece gives it a tactile quality, as if the shapes are carved out of the canvas itself.
    </p>
    <p>
        'Space &amp; Form No.2' is a masterful exercise in restraint and intentionality, where the artist uses the absence of color to emphasize form and shadow, inviting the viewer to fill the voids with personal interpretation. The artwork is a meditation on the essence of form and the space it occupies, both physically and metaphorically.
    </p>
    <p style=""text-align: right; margin-top: 20px; font-style: italic;"">
        ""Monochrome whispers of the spatial dance."" - Artist: Kingler Bercy
    </p>
</div>
<div>
    <div style=""display: flex; flex-wrap: wrap; gap: 10px; justify-content: start;"">
        <span style=""display: inline-block; font-size: 16px; border-radius: 20px; background-color: #f1f1f1; padding: 3px 10px;"">Minimalism</span>
        <span style=""display: inline-block; font-size: 16px; border-radius: 20px; background-color: #f1f1f1; padding: 3px 10px;"">Monochrome Art</span>
        <span style=""display: inline-block; font-size: 16px; border-radius: 20px; background-color: #f1f1f1; padding: 3px 10px;"">Negative Space</span>
        <span style=""display: inline-block; font-size: 16px; border-radius: 20px; background-color: #f1f1f1; padding: 3px 10px;"">Geometric Forms</span>
        <span style=""display: inline-block; font-size: 16px; border-radius: 20px; background-color: #f1f1f1; padding: 3px 10px;"">Textural Art</span>
        <span style=""display: inline-block; font-size: 16px; border-radius: 20px; background-color: #f1f1f1; padding: 3px 10px;"">Resonating Structure Collection</span>
        <span style=""display: inline-block; font-size: 16px; border-radius: 20px; background-color: #f1f1f1; padding: 3px 10px;"">Abstract Expression</span>
    </div>
</div>
",VividWalls,Home & Garden > Decor > Artwork,Artwork,Resonant Structure,True,Frame Size,53x72,Frame Color,Black,Frame Style,Thin Floating Frame,SPACE-&-FORM-NO4-BLACK-THIN-FLOATING-FRAME-53X72,shopify,deny,manual,579.99,0.0,305.26,True,False,lb,0.0,https://cdn.shopify.com/s/files/1/0785/1504/4639/files/space_shape_no5_black_frame_53x72_a52e3b13-f19f-4e58-a276-dc5a137fcdd0.png?v=1713722349,1.0,"Abstract Art, Wall Art, Ready-To-Hang, Space & Form no4, Resonant Structure, Frame Size-53x72, Frame Color-Black,Frame Style-Thin Floating Frame, VividWalls, Artwork",https://cdn.shopify.com/s/files/1/0785/1504/4639/files/space_shape_no5_black_frame_53x72_a52e3b13-f19f-4e58-a276-dc5a137fcdd0.png?v=1713722349,"Abstract Art, Wall Art, Ready-To-Hang, Collection Resonant Structure Space & Form no4 53x72, Black Frame Artwork","<div>
    <p>
        <span>Space & Form No.2</span> from the <span>Resonating Structure</span> collection is a compelling display of the artist's ability to invoke depth through minimalistic design. This piece strikes a commanding presence, its bold monochromatic shapes creating a stark interplay of contrast and negative space.
    </p>
    <p>
        Here, the artist employs a palette of black, white, and greys to sculpt the illusion of volume and space. The composition is both geometrically rigorous and intriguingly imprecise, suggesting a fluidity of movement within its rigid bounds. The texture applied throughout the piece gives it a tactile quality, as if the shapes are carved out of the canvas itself.
    </p>
    <p>
        'Space & Form No.2' is a masterful exercise in restraint and intentionality, where the artist uses the absence of color to emphasize form and shadow, inviting the viewer to fill the voids with personal interpretation. The artwork is a meditation on the essence of form and the space it occupies, both physically and metaphorically.
    </p>
    <p style=""text-align: right; margin-top: 20px; font-style: italic;"">
        ""Monochrome whispers of the spatial dance."" - Artist: Kingler Bercy
    </p>
</div>
<div>
    <div style=""display: flex; flex-wrap: wrap; gap: 10px; justify-content: start;"">
        <span style=""display: inline-block; font-size: 16px; border-radius: 20px; background-color: #f1f1f1; padding: 3px 10px;"">Minimalism</span>
        <span style=""display: inline-block; font-size: 16px; border-radius: 20px; background-color: #f1f1f1; padding: 3px 10px;"">Monochrome Art</span>
        <span style=""display: inline-block; font-size: 16px; border-radius: 20px; background-color: #f1f1f1; padding: 3px 10px;"">Negative Space</span>
        <span style=""display: inline-block; font-size: 16px; border-radius: 20px; background-color: #f1f1f1; padding: 3px 10px;"">Geometric Forms</span>
        <span style=""display: inline-block; font-size: 16px; border-radius: 20px; background-color: #f1f1f1; padding: 3px 10px;"">Textural Art</span>
        <span style=""display: inline-block; font-size: 16px; border-radius: 20px; background-color: #f1f1f1; padding: 3px 10px;"">Resonating Structure Collection</span>
        <span style=""display: inline-block; font-size: 16px; border-radius: 20px; background-color: #f1f1f1; padding: 3px 10px;"">Abstract Expression</span>
    </div>
</div>
",False,True,,,True,,,active,289.96,217.47,15.3,Stretched,305.26,579.99,90.0,53x72 (estimated),2025-05-29 00:51:14
space-form-no4,,,,,,,,,53x72,,White,,Thin Floating Frame,SPACE-&-FORM-NO4-WHITE-THIN-FLOATING-FRAME-53X72,shopify,deny,manual,610.68,0.0,321.41,True,False,lb,0.0,https://cdn.shopify.com/s/files/1/0785/1504/4639/files/space_shape_no5_white_frame_53x72_2bf0790a-e6f3-43b7-8efb-1d781ac12d34.png?v=1713722349,2.0,"Abstract Art, Wall Art, Ready-To-Hang, Space & Form no4, Resonant Structure, Frame Size-53x72, Frame Color-White,Frame Style-Thin Floating Frame, VividWalls, Artwork",https://cdn.shopify.com/s/files/1/0785/1504/4639/files/space_shape_no5_white_frame_53x72_2bf0790a-e6f3-43b7-8efb-1d781ac12d34.png?v=1713722349,,,,,,,,,,,289.96,217.47,31.45,Stretched,321.41,610.68,90.0,53x72 (estimated),2025-05-29 00:51:14
space-form-no4,,,,,,,,,53x72,,,,,SPACE-&-FORM-NO4-NA-NA-53X72,shopify,deny,manual,550.92,0.0,289.96,True,False,lb,0.0,https://cdn.shopify.com/s/files/1/0785/1504/4639/files/space_shape_no5_no_frame_53x72_c9199580-9bf3-4e3c-8236-c0a022a80023.png?v=1713722349,3.0,"Abstract Art, Wall Art, Ready-To-Hang, Space & Form no4, Resonant Structure, Frame Size-53x72, Frame Color-NA,Frame Style-Thin Floating Frame, VividWalls, Artwork",https://cdn.shopify.com/s/files/1/0785/1504/4639/files/space_shape_no5_no_frame_53x72_c9199580-9bf3-4e3c-8236-c0a022a80023.png?v=1713722349,,,,,,,,,,,289.96,217.47,0.0,Stretched,289.96,550.92,90.0,53x72 (estimated),2025-05-29 00:51:14
space-form-no4,,,,,,,,,36x48,,Black,,Thin Floating Frame,SPACE-&-FORM-NO4-BLACK-THIN-FLOATING-FRAME-36X48,shopify,deny,manual,348.07,0.0,165.75,True,False,lb,0.0,https://cdn.shopify.com/s/files/1/0785/1504/4639/files/space_shape_no3_black_frame_36x48_3b06933c-fa1a-4a12-a0b8-31538d7419ad.png?v=1713722350,4.0,"Abstract Art, Wall Art, Ready-To-Hang, Space & Form no4, Resonant Structure, Frame Size-36x48, Frame Color-Black,Frame Style-Thin Floating Frame, VividWalls, Artwork",https://cdn.shopify.com/s/files/1/0785/1504/4639/files/space_shape_no3_black_frame_36x48_3b06933c-fa1a-4a12-a0b8-31538d7419ad.png?v=1713722350,,,,,,,,,,,150.45,112.84,15.3,Stretched,165.75,348.07,110.0,36x48,2025-05-29 00:51:14
space-form-no4,,,,,,,,,36x48,,White,,Thin Floating Frame,SPACE-&-FORM-NO4-WHITE-THIN-FLOATING-FRAME-36X48,shopify,deny,manual,381.99,0.0,181.9,True,False,lb,0.0,https://cdn.shopify.com/s/files/1/0785/1504/4639/files/space_shape_no5_white_frame_36x48_8efaa11d-d091-445f-9c4e-30a720705498.png?v=1713722350,5.0,"Abstract Art, Wall Art, Ready-To-Hang, Space & Form no4, Resonant Structure, Frame Size-36x48, Frame Color-White,Frame Style-Thin Floating Frame, VividWalls, Artwork",https://cdn.shopify.com/s/files/1/0785/1504/4639/files/space_shape_no5_white_frame_36x48_8efaa11d-d091-445f-9c4e-30a720705498.png?v=1713722350,,,,,,,,,,,150.45,112.84,31.45,Stretched,181.9,381.99,110.0,36x48,2025-05-29 00:51:14
space-form-no4,,,,,,,,,36x48,,,,,SPACE-&-FORM-NO4-NA-NA-36X48,shopify,deny,manual,315.94,0.0,150.45,True,False,lb,0.0,https://cdn.shopify.com/s/files/1/0785/1504/4639/files/space_shape_no5_no_frame_36x48_4de377ac-81ab-44c6-92e1-fc9732383fa2.png?v=1713722350,6.0,"Abstract Art, Wall Art, Ready-To-Hang, Space & Form no4, Resonant Structure, Frame Size-36x48, Frame Color-NA,Frame Style-Thin Floating Frame, VividWalls, Artwork",https://cdn.shopify.com/s/files/1/0785/1504/4639/files/space_shape_no5_no_frame_36x48_4de377ac-81ab-44c6-92e1-fc9732383fa2.png?v=1713722350,,,,,,,,,,,150.45,112.84,0.0,Stretched,150.45,315.94,110.0,36x48,2025-05-29 00:51:14
space-form-no4,,,,,,,,,24x36,,Black,,Thin Floating Frame,SPACE-&-FORM-NO4-BLACK-THIN-FLOATING-FRAME-24X36,shopify,deny,manual,210.63,0.0,100.3,True,False,lb,0.0,https://cdn.shopify.com/s/files/1/0785/1504/4639/files/space_shape_no5_black_frame_24x36_8c1223ff-4427-4923-b452-6216d6d117ed.png?v=1713722350,7.0,"Abstract Art, Wall Art, Ready-To-Hang, Space & Form no4, Resonant Structure, Frame Size-24x36, Frame Color-Black,Frame Style-Thin Floating Frame, VividWalls, Artwork",https://cdn.shopify.com/s/files/1/0785/1504/4639/files/space_shape_no5_black_frame_24x36_8c1223ff-4427-4923-b452-6216d6d117ed.png?v=1713722350,,,,,,,,,,,85.0,63.75,15.3,Stretched,100.3,210.63,110.0,24x36,2025-05-29 00:51:14
space-form-no4,,,,,,,,,24x36,,White,,Thin Floating Frame,SPACE-&-FORM-NO4-WHITE-THIN-FLOATING-FRAME-24X36,shopify,deny,manual,244.55,0.0,116.45,True,False,lb,0.0,https://cdn.shopify.com/s/files/1/0785/1504/4639/files/space_shape_no5_white_frame_24x36_9e97c8ff-0152-40f8-acb2-ef93701985a0.png?v=1713722350,8.0,"Abstract Art, Wall Art, Ready-To-Hang, Space & Form no4, Resonant Structure, Frame Size-24x36, Frame Color-White,Frame Style-Thin Floating Frame, VividWalls, Artwork",https://cdn.shopify.com/s/files/1/0785/1504/4639/files/space_shape_no5_white_frame_24x36_9e97c8ff-0152-40f8-acb2-ef93701985a0.png?v=1713722350,,,,,,,,,,,85.0,63.75,31.45,Stretched,116.45,244.55,110.0,24x36,2025-05-29 00:51:14
space-form-no4,,,,,,,,,24x36,,,,,SPACE-&-FORM-NO4-NA-NA-24X36,shopify,deny,manual,204.0,0.0,85.0,True,False,lb,0.0,https://cdn.shopify.com/s/files/1/0785/1504/4639/files/space_shape_no5_no_frame_24x36_db556600-27c8-446c-9ae5-8023b6a484d3.png?v=1713722350,9.0,"Abstract Art, Wall Art, Ready-To-Hang, Space & Form no4, Resonant Structure, Frame Size-24x36, Frame Color-NA,Frame Style-Thin Floating Frame, VividWalls, Artwork",https://cdn.shopify.com/s/files/1/0785/1504/4639/files/space_shape_no5_no_frame_24x36_db556600-27c8-446c-9ae5-8023b6a484d3.png?v=1713722350,,,,,,,,,,,85.0,63.75,0.0,Stretched,85.0,204.0,140.0,24x36,2025-05-29 00:51:14
vista-echoes,Vista Echoes,"<div>
    <p>
        <span>Vista Echos</span> from the <span>Chromatic Echoes</span> collection presents an evocative play of shapes and colors that echo the depth and vastness of a panoramic view. Deep blues and purples form the foundation of the piece, suggesting the mysteries of the twilight sky or the depths of the ocean. Intersecting geometric forms in contrasting hues of pink and lighter blue create an illusion of light refracting through a prism, offering a sense of dimensionality and complexity.
    </p>
</div>
<div>
    <div style=""display: flex; flex-wrap: wrap; gap: 10px; justify-content: start;"">
        <span style=""display: inline-block; font-size: 16px; border-radius: 20px; background-color: #f1f1f1; padding: 3px 10px;"">Vista Art</span>
        <span style=""display: inline-block; font-size: 16px; border-radius: 20px; background-color: #f1f1f1; padding: 3px 10px;"">Deep Blue Artwork</span>
        <span style=""display: inline-block; font-size: 16px; border-radius: 20px; background-color: #f1f1f1; padding: 3px 10px;"">Geometric Patterns</span>
        <span style=""display: inline-block; font-size: 16px; border-radius: 20px; background-color: #f1f1f1; padding: 3px 10px;"">Chromatic Echoes Collection</span>
        <span style=""display: inline-block; font-size: 16px; border-radius: 20px; background-color: #f1f1f1; padding: 3px 10px;"">Panoramic Art</span>
        <span style=""display: inline-block; font-size: 16px; border-radius: 20px; background-color: #f1f1f1; padding: 3px 10px;"">Twilight Sky Imagery</span>
        <span style=""display: inline-block; font-size: 16px; border-radius: 20px; background-color: #f1f1f1; padding: 3px 10px;"">Ocean Depth</span>
        <span style=""display: inline-block; font-size: 16px; border-radius: 20px; background-color: #f1f1f1; padding: 3px 10px;"">Prismatic Light</span>
        <span style=""display: inline-block; font-size: 16px; border-radius: 20px; background-color: #f1f1f1; padding: 3px 10px;"">Dimensional Art</span>
        <span style=""display: inline-block; font-size: 16px; border-radius: 20px; background-color: #f1f1f1; padding: 3px 10px;"">Abstract Expression</span>
    </div>
</div>
",VividWalls,Home & Garden > Decor > Artwork,Artwork,Chromatic Echoes,False,Frame Size,53x72,Frame Color,Black,Frame Style,Thin Floating Frame,EARTH-ECHOES-CHROMATIC-ECHOES-BLACK-THIN-FLOATING-FRAME-53X72,shopify,deny,manual,579.99,0.0,305.26,True,False,lb,0.0,https://cdn.shopify.com/s/files/1/0785/1504/4639/files/chromatic_echos_emerald_no1_canvas_black_frame_53x72_bb2293db-b647-40c6-992d-9c531efb6d00.png?v=1713064047,1.0,"Abstract Art, Wall Art, Ready-To-Hang, Vista Echoes, Chromatic Echoes, Frame Size-53x72, Frame Color-Black,Frame Style-Thin Floating Frame, VividWalls, Artwork",https://cdn.shopify.com/s/files/1/0785/1504/4639/files/chromatic_echos_emerald_no1_canvas_black_frame_53x72_bb2293db-b647-40c6-992d-9c531efb6d00.png?v=1713064047,"Abstract Art, Wall Art, Ready-To-Hang, Collection Chromatic Echoes Vista Echoes 53x72, Black Frame Artwork",,False,True,,,True,,,draft,289.96,217.47,15.3,Stretched,305.26,579.99,90.0,53x72 (estimated),2025-05-29 00:51:14
vista-echoes,,,,,,,,,53x72,,White,,Thin Floating Frame,EARTH-ECHOES-CHROMATIC-ECHOES-WHITE-THIN-FLOATING-FRAME-53X72,shopify,deny,manual,610.68,0.0,321.41,True,False,lb,0.0,https://cdn.shopify.com/s/files/1/0785/1504/4639/files/chromatic_echos_emerald_no1_canvas_white_frame_53x72_dba83b50-3ef0-47b3-a4bd-32cfaf5ab323.png?v=1713064047,2.0,"Abstract Art, Wall Art, Ready-To-Hang, Vista Echoes, Chromatic Echoes, Frame Size-53x72, Frame Color-White,Frame Style-Thin Floating Frame, VividWalls, Artwork",https://cdn.shopify.com/s/files/1/0785/1504/4639/files/chromatic_echos_emerald_no1_canvas_white_frame_53x72_dba83b50-3ef0-47b3-a4bd-32cfaf5ab323.png?v=1713064047,,,,,,,,,,,289.96,217.47,31.45,Stretched,321.41,610.68,90.0,53x72 (estimated),2025-05-29 00:51:14
vista-echoes,,,,,,,,,53x72,,,,,EARTH-ECHOES-CHROMATIC-ECHOES-NA-NA-53X72,shopify,deny,manual,550.92,0.0,289.96,True,False,lb,0.0,https://cdn.shopify.com/s/files/1/0785/1504/4639/files/chromatic_echos_emerald_no1_canvas_no_frame_53x72_95cdfa3d-a86d-4d72-a90a-5f6a605525ff.png?v=1713064048,3.0,"Abstract Art, Wall Art, Ready-To-Hang, Vista Echoes, Chromatic Echoes, Frame Size-53x72, Frame Color-NA,Frame Style-Thin Floating Frame, VividWalls, Artwork",https://cdn.shopify.com/s/files/1/0785/1504/4639/files/chromatic_echos_emerald_no1_canvas_no_frame_53x72_95cdfa3d-a86d-4d72-a90a-5f6a605525ff.png?v=1713064048,,,,,,,,,,,289.96,217.47,0.0,Stretched,289.96,550.92,90.0,53x72 (estimated),2025-05-29 00:51:14
vista-echoes,,,,,,,,,36x48,,Black,,Thin Floating Frame,EARTH-ECHOES-CHROMATIC-ECHOES-BLACK-THIN-FLOATING-FRAME-36X48,shopify,deny,manual,348.07,0.0,165.75,True,False,lb,0.0,https://cdn.shopify.com/s/files/1/0785/1504/4639/files/chromatic_echos_emerald_no1_canvas_no_frame_36x48_0be81b24-d26b-4263-8fbd-c1aaf6623e7b.png?v=1713064048,4.0,"Abstract Art, Wall Art, Ready-To-Hang, Vista Echoes, Chromatic Echoes, Frame Size-36x48, Frame Color-Black,Frame Style-Thin Floating Frame, VividWalls, Artwork",https://cdn.shopify.com/s/files/1/0785/1504/4639/files/chromatic_echos_emerald_no1_canvas_no_frame_36x48_0be81b24-d26b-4263-8fbd-c1aaf6623e7b.png?v=1713064048,,,,,,,,,,,150.45,112.84,15.3,Stretched,165.75,348.07,110.0,36x48,2025-05-29 00:51:14
vista-echoes,,,,,,,,,36x48,,White,,Thin Floating Frame,EARTH-ECHOES-CHROMATIC-ECHOES-WHITE-THIN-FLOATING-FRAME-36X48,shopify,deny,manual,381.99,0.0,181.9,True,False,lb,0.0,https://cdn.shopify.com/s/files/1/0785/1504/4639/files/chromatic_echos_emerald_no1_canvas_white_frame_36x48_ef0b1bb9-861d-4427-83d0-813fb526679c.png?v=1713064048,5.0,"Abstract Art, Wall Art, Ready-To-Hang, Vista Echoes, Chromatic Echoes, Frame Size-36x48, Frame Color-White,Frame Style-Thin Floating Frame, VividWalls, Artwork",https://cdn.shopify.com/s/files/1/0785/1504/4639/files/chromatic_echos_emerald_no1_canvas_white_frame_36x48_ef0b1bb9-861d-4427-83d0-813fb526679c.png?v=1713064048,,,,,,,,,,,150.45,112.84,31.45,Stretched,181.9,381.99,110.0,36x48,2025-05-29 00:51:14
vista-echoes,,,,,,,,,36x48,,,,,EARTH-ECHOES-CHROMATIC-ECHOES-NA-NA-36X48,shopify,deny,manual,315.94,0.0,150.45,True,False,lb,0.0,https://cdn.shopify.com/s/files/1/0785/1504/4639/files/ChromaticEchos_emerald_no1_canvas_black_frame_36x48_c1817d3f-aead-4592-8f0e-157a0e098973.png?v=1713064048,6.0,"Abstract Art, Wall Art, Ready-To-Hang, Vista Echoes, Chromatic Echoes, Frame Size-36x48, Frame Color-NA,Frame Style-Thin Floating Frame, VividWalls, Artwork",https://cdn.shopify.com/s/files/1/0785/1504/4639/files/ChromaticEchos_emerald_no1_canvas_black_frame_36x48_c1817d3f-aead-4592-8f0e-157a0e098973.png?v=1713064048,,,,,,,,,,,150.45,112.84,0.0,Stretched,150.45,315.94,110.0,36x48,2025-05-29 00:51:14
vista-echoes,,,,,,,,,24x36,,Black,,Thin Floating Frame,EARTH-ECHOES-CHROMATIC-ECHOES-BLACK-THIN-FLOATING-FRAME-24X36,shopify,deny,manual,210.63,0.0,100.3,True,False,lb,0.0,https://cdn.shopify.com/s/files/1/0785/1504/4639/files/chromatic_echos_emerald_no1_canvas_black_frame_24x36_4b1a75ac-482c-42f6-918f-0633496cd940.png?v=1713064048,7.0,"Abstract Art, Wall Art, Ready-To-Hang, Vista Echoes, Chromatic Echoes, Frame Size-24x36, Frame Color-Black,Frame Style-Thin Floating Frame, VividWalls, Artwork",https://cdn.shopify.com/s/files/1/0785/1504/4639/files/chromatic_echos_emerald_no1_canvas_black_frame_24x36_4b1a75ac-482c-42f6-918f-0633496cd940.png?v=1713064048,,,,,,,,,,,85.0,63.75,15.3,Stretched,100.3,210.63,110.0,24x36,2025-05-29 00:51:14
vista-echoes,,,,,,,,,24x36,,White,,Thin Floating Frame,EARTH-ECHOES-CHROMATIC-ECHOES-WHITE-THIN-FLOATING-FRAME-24X36,shopify,deny,manual,244.55,0.0,116.45,True,False,lb,0.0,https://cdn.shopify.com/s/files/1/0785/1504/4639/files/chromatic_echos_emerald_no1_canvas_white_frame_24x36_9dc2d71d-6ce0-43f1-aed8-ff7ad6b1d990.png?v=1713064048,8.0,"Abstract Art, Wall Art, Ready-To-Hang, Vista Echoes, Chromatic Echoes, Frame Size-24x36, Frame Color-White,Frame Style-Thin Floating Frame, VividWalls, Artwork",https://cdn.shopify.com/s/files/1/0785/1504/4639/files/chromatic_echos_emerald_no1_canvas_white_frame_24x36_9dc2d71d-6ce0-43f1-aed8-ff7ad6b1d990.png?v=1713064048,,,,,,,,,,,85.0,63.75,31.45,Stretched,116.45,244.55,110.0,24x36,2025-05-29 00:51:14
vista-echoes,,,,,,,,,24x36,,,,,EARTH-ECHOES-CHROMATIC-ECHOES-NA-NA-24X36,shopify,deny,manual,204.0,0.0,85.0,True,False,lb,0.0,https://cdn.shopify.com/s/files/1/0785/1504/4639/files/chromatic_echos_emerald_no1_canvas_no_frame_24x36_786bf377-6af3-431b-b37e-7cf98e807bcb.png?v=1713064048,9.0,"Abstract Art, Wall Art, Ready-To-Hang, Vista Echoes, Chromatic Echoes, Frame Size-24x36, Frame Color-NA,Frame Style-Thin Floating Frame, VividWalls, Artwork",https://cdn.shopify.com/s/files/1/0785/1504/4639/files/chromatic_echos_emerald_no1_canvas_no_frame_24x36_786bf377-6af3-431b-b37e-7cf98e807bcb.png?v=1713064048,,,,,,,,,,,85.0,63.75,0.0,Stretched,85.0,204.0,140.0,24x36,2025-05-29 00:51:14
noir-echoes,Noir Echoes,"<div>
<p><span>Noir Echoes </span>from the <span>Chromatic Echoes</span> collection by Kingler Bercy is a visually striking digital tapestry that weaves together depth, contrast, and geometric symmetry. This piece delves into the monochromatic spectrum, masterfully playing with shades from the darkest black to the brightest white to create a symphonic visual experience.</p>
<p>The art gives a nod to the op art movement, with its potential to evoke movement through static imagery. Staring at the artwork, one might feel the pulsating patterns and shifting planes, as the gradients of gray add a gentle rhythm to the starkness of the black and white.</p>
<p>'Chromatic Echoes Noir' is a modern exploration of the enduring power of grayscale, utilizing digital means to create a timeless aesthetic. It stands as a bold statement on the power of simplicity and the intricate beauty that can be found within a restricted color palette.</p>
<p style=""text-align: right; margin-top: 20px; font-style: italic;"">""Simplicity is complexity resolved through art."" - Artist: Kingler Bercy</p>
</div>
<div>
<div style=""display: flex; flex-wrap: wrap; gap: 10px; justify-content: start;"">
<span style=""display: inline-block; font-size: 16px; border-radius: 20px; background-color: #f1f1f1; padding: 3px 10px;"">Op Art</span> <span style=""display: inline-block; font-size: 16px; border-radius: 20px; background-color: #f1f1f1; padding: 3px 10px;"">Monochromatic Spectrum</span> <span style=""display: inline-block; font-size: 16px; border-radius: 20px; background-color: #f1f1f1; padding: 3px 10px;"">Geometric Symmetry</span> <span style=""display: inline-block; font-size: 16px; border-radius: 20px; background-color: #f1f1f1; padding: 3px 10px;"">Digital Tapestry</span> <span style=""display: inline-block; font-size: 16px; border-radius: 20px; background-color: #f1f1f1; padding: 3px 10px;"">Chromatic Echoes Collection</span> <span style=""display: inline-block; font-size: 16px; border-radius: 20px; background-color: #f1f1f1; padding: 3px 10px;"">Kingler Bercy</span>
</div>
</div>",VividWalls,Home & Garden > Decor > Artwork,Artwork,Chromatic Echoes,True,Frame Size,53x72,Frame Color,Black,Frame Style,Thin Floating Frame,NOIR-ECHOES-BLACK-THIN-FLOATING-FRAME-53X72,shopify,deny,manual,579.99,0.0,305.26,True,False,lb,0.0,https://cdn.shopify.com/s/files/1/0785/1504/4639/files/chromatic_echos_noir_canvas_black_frame_53x72_07b275fb-5cbe-4ef9-a4a4-c1ad49340830.png?v=1713722143,1.0,"Abstract Art, Wall Art, Ready-To-Hang, Noir Echoes, Chromatic Echoes, Frame Size-53x72, Frame Color-Black,Frame Style-Thin Floating Frame, VividWalls, Artwork",https://cdn.shopify.com/s/files/1/0785/1504/4639/files/chromatic_echos_noir_canvas_black_frame_53x72_07b275fb-5cbe-4ef9-a4a4-c1ad49340830.png?v=1713722143,"Abstract Art, Wall Art, Ready-To-Hang, Collection Chromatic Echoes Noir Echoes 53x72, Black Frame Artwork",,False,True,,,True,,,active,289.96,217.47,15.3,Stretched,305.26,579.99,90.0,53x72 (estimated),2025-05-29 00:51:14
noir-echoes,,,,,,,,,53x72,,White,,Thin Floating Frame,NOIR-ECHOES-WHITE-THIN-FLOATING-FRAME-53X72,shopify,deny,manual,610.68,0.0,321.41,True,False,lb,0.0,https://cdn.shopify.com/s/files/1/0785/1504/4639/files/chromatic_echos_noir_canvas_white_frame_53x72_d0b5e06a-0b06-4116-86a4-6b0077f4186c.png?v=1713722143,2.0,"Abstract Art, Wall Art, Ready-To-Hang, Noir Echoes, Chromatic Echoes, Frame Size-53x72, Frame Color-White,Frame Style-Thin Floating Frame, VividWalls, Artwork",https://cdn.shopify.com/s/files/1/0785/1504/4639/files/chromatic_echos_noir_canvas_white_frame_53x72_d0b5e06a-0b06-4116-86a4-6b0077f4186c.png?v=1713722143,,,,,,,,,,,289.96,217.47,31.45,Stretched,321.41,610.68,90.0,53x72 (estimated),2025-05-29 00:51:14
noir-echoes,,,,,,,,,53x72,,,,No Frame,NOIR-ECHOES-NA-NO-FRAME-53X72,shopify,deny,manual,550.92,0.0,289.96,True,False,lb,0.0,https://cdn.shopify.com/s/files/1/0785/1504/4639/files/chromatic_echos_noir_canvas_no_frame_53x72_f79cb208-f01f-46fe-9704-8d99cafd8ca4.png?v=1713722143,3.0,"Abstract Art, Wall Art, Ready-To-Hang, Noir Echoes, Chromatic Echoes, Frame Size-53x72, Frame Color-NA,Frame Style-Thin Floating Frame, VividWalls, Artwork",https://cdn.shopify.com/s/files/1/0785/1504/4639/files/chromatic_echos_noir_canvas_no_frame_53x72_f79cb208-f01f-46fe-9704-8d99cafd8ca4.png?v=1713722143,,,,,,,,,,,289.96,217.47,0.0,Stretched,289.96,550.92,90.0,53x72 (estimated),2025-05-29 00:51:14
noir-echoes,,,,,,,,,36x48,,Black,,Thin Floating Frame,NOIR-ECHOES-BLACK-THIN-FLOATING-FRAME-36X48,shopify,deny,manual,348.07,0.0,165.75,True,False,lb,0.0,https://cdn.shopify.com/s/files/1/0785/1504/4639/files/chromatic_echos_noir_canvas_black_frame_36x48_9e896ea0-fc49-4015-98d1-56b79aa8d12a.png?v=1713722143,4.0,"Abstract Art, Wall Art, Ready-To-Hang, Noir Echoes, Chromatic Echoes, Frame Size-36x48, Frame Color-Black,Frame Style-Thin Floating Frame, VividWalls, Artwork",https://cdn.shopify.com/s/files/1/0785/1504/4639/files/chromatic_echos_noir_canvas_black_frame_36x48_9e896ea0-fc49-4015-98d1-56b79aa8d12a.png?v=1713722143,,,,,,,,,,,150.45,112.84,15.3,Stretched,165.75,348.07,110.0,36x48,2025-05-29 00:51:14
noir-echoes,,,,,,,,,36x48,,White,,Thin Floating Frame,NOIR-ECHOES-WHITE-THIN-FLOATING-FRAME-36X48,shopify,deny,manual,381.99,0.0,181.9,True,False,lb,0.0,https://cdn.shopify.com/s/files/1/0785/1504/4639/files/chromatic_echos_noir_canvas_white_frame_36x48_bd4b310d-ea26-4c03-8661-8d5feab8461f.png?v=1713722143,5.0,"Abstract Art, Wall Art, Ready-To-Hang, Noir Echoes, Chromatic Echoes, Frame Size-36x48, Frame Color-White,Frame Style-Thin Floating Frame, VividWalls, Artwork",https://cdn.shopify.com/s/files/1/0785/1504/4639/files/chromatic_echos_noir_canvas_white_frame_36x48_bd4b310d-ea26-4c03-8661-8d5feab8461f.png?v=1713722143,,,,,,,,,,,150.45,112.84,31.45,Stretched,181.9,381.99,110.0,36x48,2025-05-29 00:51:14
noir-echoes,,,,,,,,,36x48,,,,No Frame,NOIR-ECHOES-NA-NO-FRAME-36X48,shopify,deny,manual,315.94,0.0,150.45,True,False,lb,0.0,https://cdn.shopify.com/s/files/1/0785/1504/4639/files/chromatic_echos_noir_canvas_no_frame_36x48_92d20465-041f-4f28-82eb-1f2466c2f90d.png?v=1713722143,6.0,"Abstract Art, Wall Art, Ready-To-Hang, Noir Echoes, Chromatic Echoes, Frame Size-36x48, Frame Color-NA,Frame Style-Thin Floating Frame, VividWalls, Artwork",https://cdn.shopify.com/s/files/1/0785/1504/4639/files/chromatic_echos_noir_canvas_no_frame_36x48_92d20465-041f-4f28-82eb-1f2466c2f90d.png?v=1713722143,,,,,,,,,,,150.45,112.84,0.0,Stretched,150.45,315.94,110.0,36x48,2025-05-29 00:51:14
noir-echoes,,,,,,,,,24x36,,Black,,Thin Floating Frame,NOIR-ECHOES-BLACK-THIN-FLOATING-FRAME-24X36,shopify,deny,manual,210.63,0.0,100.3,True,False,lb,0.0,https://cdn.shopify.com/s/files/1/0785/1504/4639/files/chromatic_echos_noir_canvas_black_frame_24x36_fd409d74-62d7-426f-9602-8fe559bba278.png?v=1713722143,7.0,"Abstract Art, Wall Art, Ready-To-Hang, Noir Echoes, Chromatic Echoes, Frame Size-24x36, Frame Color-Black,Frame Style-Thin Floating Frame, VividWalls, Artwork",https://cdn.shopify.com/s/files/1/0785/1504/4639/files/chromatic_echos_noir_canvas_black_frame_24x36_fd409d74-62d7-426f-9602-8fe559bba278.png?v=1713722143,,,,,,,,,,,85.0,63.75,15.3,Stretched,100.3,210.63,110.0,24x36,2025-05-29 00:51:14
noir-echoes,,,,,,,,,24x36,,White,,Thin Floating Frame,NOIR-ECHOES-WHITE-THIN-FLOATING-FRAME-24X36,shopify,deny,manual,244.55,0.0,116.45,True,False,lb,0.0,https://cdn.shopify.com/s/files/1/0785/1504/4639/files/chromatic_echos_noir_canvas_white_frame_24x36_7011f513-5bcf-4f51-aee4-810d5e5b8f3e.png?v=1713722143,8.0,"Abstract Art, Wall Art, Ready-To-Hang, Noir Echoes, Chromatic Echoes, Frame Size-24x36, Frame Color-White,Frame Style-Thin Floating Frame, VividWalls, Artwork",https://cdn.shopify.com/s/files/1/0785/1504/4639/files/chromatic_echos_noir_canvas_white_frame_24x36_7011f513-5bcf-4f51-aee4-810d5e5b8f3e.png?v=1713722143,,,,,,,,,,,85.0,63.75,31.45,Stretched,116.45,244.55,110.0,24x36,2025-05-29 00:51:14
noir-echoes,,,,,,,,,24x36,,,,No Frame,NOIR-ECHOES-NA-NO-FRAME-24X36,shopify,deny,manual,204.0,0.0,85.0,True,False,lb,0.0,https://cdn.shopify.com/s/files/1/0785/1504/4639/files/chromatic_echos_noir_canvas_no_frame_24x36_8db94c9b-5c66-4907-81a4-dfebaaa6d6cf.png?v=1713722143,9.0,"Abstract Art, Wall Art, Ready-To-Hang, Noir Echoes, Chromatic Echoes, Frame Size-24x36, Frame Color-NA,Frame Style-Thin Floating Frame, VividWalls, Artwork",https://cdn.shopify.com/s/files/1/0785/1504/4639/files/chromatic_echos_noir_canvas_no_frame_24x36_8db94c9b-5c66-4907-81a4-dfebaaa6d6cf.png?v=1713722143,,,,,,,,,,,85.0,63.75,0.0,Stretched,85.0,204.0,140.0,24x36,2025-05-29 00:51:14
emerald-echoes,Emerald Echoes,"<div>
<p><span>Emerald Echos</span> from the <span>Chromatic Echoes</span> collection presents an evocative play of shapes and colors that echo the depth and vastness of a panoramic view. Deep blues and purples form the foundation of the piece, suggesting the mysteries of the twilight sky or the depths of the ocean. Intersecting geometric forms in contrasting hues of pink and lighter blue create an illusion of light refracting through a prism, offering a sense of dimensionality and complexity.</p>
</div>
<div>
<div style=""display: flex; flex-wrap: wrap; gap: 10px; justify-content: start;"">
<span style=""display: inline-block; font-size: 16px; border-radius: 20px; background-color: #f1f1f1; padding: 3px 10px;"">Vista Art</span> <span style=""display: inline-block; font-size: 16px; border-radius: 20px; background-color: #f1f1f1; padding: 3px 10px;"">Deep Blue Artwork</span> <span style=""display: inline-block; font-size: 16px; border-radius: 20px; background-color: #f1f1f1; padding: 3px 10px;"">Geometric Patterns</span> <span style=""display: inline-block; font-size: 16px; border-radius: 20px; background-color: #f1f1f1; padding: 3px 10px;"">Chromatic Echoes Collection</span> <span style=""display: inline-block; font-size: 16px; border-radius: 20px; background-color: #f1f1f1; padding: 3px 10px;"">Panoramic Art</span> <span style=""display: inline-block; font-size: 16px; border-radius: 20px; background-color: #f1f1f1; padding: 3px 10px;"">Twilight Sky Imagery</span> <span style=""display: inline-block; font-size: 16px; border-radius: 20px; background-color: #f1f1f1; padding: 3px 10px;"">Ocean Depth</span> <span style=""display: inline-block; font-size: 16px; border-radius: 20px; background-color: #f1f1f1; padding: 3px 10px;"">Prismatic Light</span> <span style=""display: inline-block; font-size: 16px; border-radius: 20px; background-color: #f1f1f1; padding: 3px 10px;"">Dimensional Art</span> <span style=""display: inline-block; font-size: 16px; border-radius: 20px; background-color: #f1f1f1; padding: 3px 10px;"">Abstract Expression</span>
</div>
</div>",VividWalls,Home & Garden > Decor > Artwork,Artwork,Chromatic Echoes,True,Frame Size,53x72,Frame Color,Black,Frame Style,Thin Floating Frame,EMERALD-ECHOES-CHROMATIC-ECHOES-BLACK-THIN-FLOATING-FRAME-53X72,shopify,deny,manual,579.99,0.0,305.26,True,False,lb,0.0,https://cdn.shopify.com/s/files/1/0785/1504/4639/files/chromatic_echos_emerald_no1_canvas_black_frame_53x72_bafdaa39-33d2-4dcc-8e71-b7849723b420.png?v=1713722085,1.0,"Abstract Art, Wall Art, Ready-To-Hang, Emerald Echoes, Chromatic Echoes, Frame Size-53x72, Frame Color-Black,Frame Style-Thin Floating Frame, VividWalls, Artwork",https://cdn.shopify.com/s/files/1/0785/1504/4639/files/chromatic_echos_emerald_no1_canvas_black_frame_53x72_bafdaa39-33d2-4dcc-8e71-b7849723b420.png?v=1713722085,"Abstract Art, Wall Art, Ready-To-Hang, Collection Chromatic Echoes Emerald Echoes 53x72, Black Frame Artwork",,False,True,,,True,,,active,289.96,217.47,15.3,Stretched,305.26,579.99,90.0,53x72 (estimated),2025-05-29 00:51:14
emerald-echoes,,,,,,,,,53x72,,White,,Thin Floating Frame,EMERALD-ECHOES-CHROMATIC-ECHOES-WHITE-THIN-FLOATING-FRAME-53X72,shopify,deny,manual,610.68,0.0,321.41,True,False,lb,0.0,https://cdn.shopify.com/s/files/1/0785/1504/4639/files/chromatic_echos_emerald_no1_canvas_white_frame_53x72_63a01a84-1e36-42c7-853d-e7a3c6873145.png?v=1713722085,2.0,"Abstract Art, Wall Art, Ready-To-Hang, Emerald Echoes, Chromatic Echoes, Frame Size-53x72, Frame Color-White,Frame Style-Thin Floating Frame, VividWalls, Artwork",https://cdn.shopify.com/s/files/1/0785/1504/4639/files/chromatic_echos_emerald_no1_canvas_white_frame_53x72_63a01a84-1e36-42c7-853d-e7a3c6873145.png?v=1713722085,,,,,,,,,,,289.96,217.47,31.45,Stretched,321.41,610.68,90.0,53x72 (estimated),2025-05-29 00:51:14
emerald-echoes,,,,,,,,,53x72,,,,,EMERALD-ECHOES-CHROMATIC-ECHOES-NA-NA-53X72,shopify,deny,manual,550.92,0.0,289.96,True,False,lb,0.0,https://cdn.shopify.com/s/files/1/0785/1504/4639/files/chromatic_echos_emerald_no1_canvas_no_frame_53x72_33b9293d-2648-437d-830e-323cb6170dcb.png?v=1713722085,3.0,"Abstract Art, Wall Art, Ready-To-Hang, Emerald Echoes, Chromatic Echoes, Frame Size-53x72, Frame Color-NA,Frame Style-Thin Floating Frame, VividWalls, Artwork",https://cdn.shopify.com/s/files/1/0785/1504/4639/files/chromatic_echos_emerald_no1_canvas_no_frame_53x72_33b9293d-2648-437d-830e-323cb6170dcb.png?v=1713722085,,,,,,,,,,,289.96,217.47,0.0,Stretched,289.96,550.92,90.0,53x72 (estimated),2025-05-29 00:51:14
emerald-echoes,,,,,,,,,36x48,,Black,,Thin Floating Frame,EMERALD-ECHOES-CHROMATIC-ECHOES-BLACK-THIN-FLOATING-FRAME-36X48,shopify,deny,manual,348.07,0.0,165.75,True,False,lb,0.0,https://cdn.shopify.com/s/files/1/0785/1504/4639/files/chromatic_echos_emerald_no1_canvas_no_frame_36x48_d75ca18a-15a7-4504-aa07-f67b2f49dc38.png?v=1713722085,4.0,"Abstract Art, Wall Art, Ready-To-Hang, Emerald Echoes, Chromatic Echoes, Frame Size-36x48, Frame Color-Black,Frame Style-Thin Floating Frame, VividWalls, Artwork",https://cdn.shopify.com/s/files/1/0785/1504/4639/files/chromatic_echos_emerald_no1_canvas_no_frame_36x48_d75ca18a-15a7-4504-aa07-f67b2f49dc38.png?v=1713722085,,,,,,,,,,,150.45,112.84,15.3,Stretched,165.75,348.07,110.0,36x48,2025-05-29 00:51:14
emerald-echoes,,,,,,,,,36x48,,White,,Thin Floating Frame,EMERALD-ECHOES-CHROMATIC-ECHOES-WHITE-THIN-FLOATING-FRAME-36X48,shopify,deny,manual,381.99,0.0,181.9,True,False,lb,0.0,https://cdn.shopify.com/s/files/1/0785/1504/4639/files/chromatic_echos_emerald_no1_canvas_white_frame_36x48_46d3a721-3bc4-40f8-8bba-7c5e356754cb.png?v=1713722085,5.0,"Abstract Art, Wall Art, Ready-To-Hang, Emerald Echoes, Chromatic Echoes, Frame Size-36x48, Frame Color-White,Frame Style-Thin Floating Frame, VividWalls, Artwork",https://cdn.shopify.com/s/files/1/0785/1504/4639/files/chromatic_echos_emerald_no1_canvas_white_frame_36x48_46d3a721-3bc4-40f8-8bba-7c5e356754cb.png?v=1713722085,,,,,,,,,,,150.45,112.84,31.45,Stretched,181.9,381.99,110.0,36x48,2025-05-29 00:51:14
emerald-echoes,,,,,,,,,36x48,,,,,EMERALD-ECHOES-CHROMATIC-ECHOES-NA-NA-36X48,shopify,deny,manual,315.94,0.0,150.45,True,False,lb,0.0,https://cdn.shopify.com/s/files/1/0785/1504/4639/files/ChromaticEchos_emerald_no1_canvas_black_frame_36x48_d1d45c1f-700f-434d-85ec-02d6fa935a18.png?v=1713722085,6.0,"Abstract Art, Wall Art, Ready-To-Hang, Emerald Echoes, Chromatic Echoes, Frame Size-36x48, Frame Color-NA,Frame Style-Thin Floating Frame, VividWalls, Artwork",https://cdn.shopify.com/s/files/1/0785/1504/4639/files/ChromaticEchos_emerald_no1_canvas_black_frame_36x48_d1d45c1f-700f-434d-85ec-02d6fa935a18.png?v=1713722085,,,,,,,,,,,150.45,112.84,0.0,Stretched,150.45,315.94,110.0,36x48,2025-05-29 00:51:14
emerald-echoes,,,,,,,,,24x36,,Black,,Thin Floating Frame,EMERALD-ECHOES-CHROMATIC-ECHOES-BLACK-THIN-FLOATING-FRAME-24X36,shopify,deny,manual,210.63,0.0,100.3,True,False,lb,0.0,https://cdn.shopify.com/s/files/1/0785/1504/4639/files/chromatic_echos_emerald_no1_canvas_black_frame_24x36_f88395df-2f83-43e0-95c1-5c5b030f5746.png?v=1713722085,7.0,"Abstract Art, Wall Art, Ready-To-Hang, Emerald Echoes, Chromatic Echoes, Frame Size-24x36, Frame Color-Black,Frame Style-Thin Floating Frame, VividWalls, Artwork",https://cdn.shopify.com/s/files/1/0785/1504/4639/files/chromatic_echos_emerald_no1_canvas_black_frame_24x36_f88395df-2f83-43e0-95c1-5c5b030f5746.png?v=1713722085,,,,,,,,,,,85.0,63.75,15.3,Stretched,100.3,210.63,110.0,24x36,2025-05-29 00:51:14
emerald-echoes,,,,,,,,,24x36,,White,,Thin Floating Frame,EMERALD-ECHOES-CHROMATIC-ECHOES-WHITE-THIN-FLOATING-FRAME-24X36,shopify,deny,manual,244.55,0.0,116.45,True,False,lb,0.0,https://cdn.shopify.com/s/files/1/0785/1504/4639/files/chromatic_echos_emerald_no1_canvas_white_frame_24x36_8e7a6872-c00f-431d-ba7a-63476c4b62f0.png?v=1713722085,8.0,"Abstract Art, Wall Art, Ready-To-Hang, Emerald Echoes, Chromatic Echoes, Frame Size-24x36, Frame Color-White,Frame Style-Thin Floating Frame, VividWalls, Artwork",https://cdn.shopify.com/s/files/1/0785/1504/4639/files/chromatic_echos_emerald_no1_canvas_white_frame_24x36_8e7a6872-c00f-431d-ba7a-63476c4b62f0.png?v=1713722085,,,,,,,,,,,85.0,63.75,31.45,Stretched,116.45,244.55,110.0,24x36,2025-05-29 00:51:14
emerald-echoes,,,,,,,,,24x36,,,,,EMERALD-ECHOES-CHROMATIC-ECHOES-NA-NA-24X36,shopify,deny,manual,204.0,0.0,85.0,True,False,lb,0.0,https://cdn.shopify.com/s/files/1/0785/1504/4639/files/chromatic_echos_emerald_no1_canvas_no_frame_24x36_5bbb2a62-6b05-46e4-9d87-af0dd7a408cb.png?v=1713722085,9.0,"Abstract Art, Wall Art, Ready-To-Hang, Emerald Echoes, Chromatic Echoes, Frame Size-24x36, Frame Color-NA,Frame Style-Thin Floating Frame, VividWalls, Artwork",https://cdn.shopify.com/s/files/1/0785/1504/4639/files/chromatic_echos_emerald_no1_canvas_no_frame_24x36_5bbb2a62-6b05-46e4-9d87-af0dd7a408cb.png?v=1713722085,,,,,,,,,,,85.0,63.75,0.0,Stretched,85.0,204.0,140.0,24x36,2025-05-29 00:51:14
earth-echoes,Earth Echoes,"<div>
    <p>
        <span>Earth</span> from the <span>Geometric Symmetry</span> collection features a symmetrical design, with a color palette that evokes the richness of the earth. The artwork weaves together a tapestry of red, blue, and golden hues, intersected by sharp geometric shapes and a central column that could symbolize the spine of traditional Japanese attire. The intricate overlay of textures and the gradient of colors create a sense of depth and sophistication.
    </p>
</div>
<div>
    <div style=""display: flex; flex-wrap: wrap; gap: 10px; justify-content: start;"">
        <span style=""display: inline-block; font-size: 16px; border-radius: 20px; background-color: #f1f1f1; padding: 3px 10px;"">Symmetrical Art</span>
        <span style=""display: inline-block; font-size: 16px; border-radius: 20px; background-color: #f1f1f1; padding: 3px 10px;"">Earthy Palette</span>
        <span style=""display: inline-block; font-size: 16px; border-radius: 20px; background-color: #f1f1f1; padding: 3px 10px;"">Textured Layers</span>
        <span style=""display: inline-block; font-size: 16px; border-radius: 20px; background-color: #f1f1f1; padding: 3px 10px;"">Color Depth</span>
        <span style=""display: inline-block; font-size: 16px; border-radius: 20px; background-color: #f1f1f1; padding: 3px 10px;"">Geometric Complexity</span>
        <span style=""display: inline-block; font-size: 16px; border-radius: 20px; background-color: #f1f1f1; padding: 3px 10px;"">Artistic Depth</span>
        <span style=""display: inline-block; font-size: 16px; border-radius: 20px; background-color: #f1f1f1; padding: 3px 10px;"">Cultural Fusion</span>
        <span style=""display: inline-block; font-size: 16px; border-radius: 20px; background-color: #f1f1f1; padding: 3px 10px;"">Vibrant Expression</span>
        <span style=""display: inline-block; font-size: 16px; border-radius: 20px; background-color: #f1f1f1; padding: 3px 10px;"">Contemporary Geometric</span>
    </div>
</div>
",VividWalls,Home & Garden > Decor > Artwork,Artwork,Chromatic Echoes,False,Frame Size,53x72,Frame Color,Black,Frame Style,Thin Floating Frame,EARTH-ECHOES-CHROMATIC-ECHOES-BLACK-THIN-FLOATING-FRAME-53X72,shopify,deny,manual,579.99,0.0,305.26,True,False,lb,0.0,https://cdn.shopify.com/s/files/1/0785/1504/4639/files/chromatic_echos_earthy_no1_black_frame_53x72_4266564f-a1a2-4934-bdad-ca503c5141e4.png?v=1713722054,1.0,"Abstract Art, Wall Art, Ready-To-Hang, Collection Chromatic Echoes Earth Echoes,Frame Size-53x72, Frame Color-Black,Frame Style-Thin Floating Frame, VividWalls, Artwork",https://cdn.shopify.com/s/files/1/0785/1504/4639/files/chromatic_echos_earthy_no1_black_frame_53x72_4266564f-a1a2-4934-bdad-ca503c5141e4.png?v=1713722054,"Abstract Art, Wall Art, Ready-To-Hang, Collection Chromatic Echoes Earth Echoes 53x72, Black Frame Artwork",,False,True,,,True,,,draft,289.96,217.47,15.3,Stretched,305.26,579.99,90.0,53x72 (estimated),2025-05-29 00:51:14
earth-echoes,,,,,,,,,53x72,,White,,,EARTH-ECHOES-CHROMATIC-ECHOES-WHITE-NA-53X72,shopify,deny,manual,610.68,0.0,321.41,True,False,lb,0.0,https://cdn.shopify.com/s/files/1/0785/1504/4639/files/chromatic_echos_earthy_no1_white_frame_53x72_619bd69a-a3bf-42f7-9a7e-cc647cfe1229.png?v=1713722054,2.0,"Abstract Art, Wall Art, Ready-To-Hang, Collection Chromatic Echoes Earth Echoes,Frame Size-53x72, Frame Color-White,Frame Style-Thin Floating Frame, VividWalls, Artwork",https://cdn.shopify.com/s/files/1/0785/1504/4639/files/chromatic_echos_earthy_no1_white_frame_53x72_619bd69a-a3bf-42f7-9a7e-cc647cfe1229.png?v=1713722054,,,,,,,,,,,289.96,217.47,31.45,Stretched,321.41,610.68,90.0,53x72 (estimated),2025-05-29 00:51:14
earth-echoes,,,,,,,,,53x72,,,,Thin Floating Frame,EARTH-ECHOES-CHROMATIC-ECHOES-NA-THIN-FLOATING-FRAME-53X72,shopify,deny,manual,550.92,0.0,289.96,True,False,lb,0.0,https://cdn.shopify.com/s/files/1/0785/1504/4639/files/chromatic_echos_earthy_no1_no_frame_53x72_e6c29da4-8eb4-470b-8c56-1f87363bc141.png?v=1713722055,3.0,"Abstract Art, Wall Art, Ready-To-Hang, Collection Chromatic Echoes Earth Echoes,Frame Size-53x72, Frame Color-NA,Frame Style-Thin Floating Frame, VividWalls, Artwork",https://cdn.shopify.com/s/files/1/0785/1504/4639/files/chromatic_echos_earthy_no1_no_frame_53x72_e6c29da4-8eb4-470b-8c56-1f87363bc141.png?v=1713722055,,,,,,,,,,,289.96,217.47,0.0,Stretched,289.96,550.92,90.0,53x72 (estimated),2025-05-29 00:51:14
earth-echoes,,,,,,,,,48x36,,Black,,Thin Floating Frame,EARTH-ECHOES-CHROMATIC-ECHOES-BLACK-THIN-FLOATING-FRAME-48X36,shopify,deny,manual,348.07,0.0,165.75,True,False,lb,0.0,https://cdn.shopify.com/s/files/1/0785/1504/4639/files/chromatic_echos_earthy_no1_canvas_black_frame_36x48_41416693-b92d-462f-a29c-6768491b2a71.png?v=1713722055,4.0,"Abstract Art, Wall Art, Ready-To-Hang, Collection Chromatic Echoes Earth Echoes,Frame Size-48x36, Frame Color-Black,Frame Style-Thin Floating Frame, VividWalls, Artwork",https://cdn.shopify.com/s/files/1/0785/1504/4639/files/chromatic_echos_earthy_no1_canvas_black_frame_36x48_41416693-b92d-462f-a29c-6768491b2a71.png?v=1713722055,,,,,,,,,,,150.45,112.84,15.3,Stretched,165.75,348.07,110.0,48x36,2025-05-29 00:51:14
earth-echoes,,,,,,,,,48x36,,White,,,EARTH-ECHOES-CHROMATIC-ECHOES-WHITE-NA-48X36,shopify,deny,manual,381.99,0.0,181.9,True,False,lb,0.0,https://cdn.shopify.com/s/files/1/0785/1504/4639/files/chromatic_echos_earthy_no1_canvas_white_frame_36x48_1278c745-c3db-4d6a-80fb-72c1c5a790ea.png?v=1713722055,5.0,"Abstract Art, Wall Art, Ready-To-Hang, Collection Chromatic Echoes Earth Echoes,Frame Size-48x36, Frame Color-White,Frame Style-Thin Floating Frame, VividWalls, Artwork",https://cdn.shopify.com/s/files/1/0785/1504/4639/files/chromatic_echos_earthy_no1_canvas_white_frame_36x48_1278c745-c3db-4d6a-80fb-72c1c5a790ea.png?v=1713722055,,,,,,,,,,,150.45,112.84,31.45,Stretched,181.9,381.99,110.0,48x36,2025-05-29 00:51:14
earth-echoes,,,,,,,,,48x36,,,,Thin Floating Frame,EARTH-ECHOES-CHROMATIC-ECHOES-NA-THIN-FLOATING-FRAME-48X36,shopify,deny,manual,315.94,0.0,150.45,True,False,lb,0.0,https://cdn.shopify.com/s/files/1/0785/1504/4639/files/chromatic_echos_earthy_no1_canvas_no_frame_36x48_f24923fd-aeba-4a73-b30d-df5c283b9f3e.png?v=1713722055,6.0,"Abstract Art, Wall Art, Ready-To-Hang, Collection Chromatic Echoes Earth Echoes,Frame Size-48x36, Frame Color-NA,Frame Style-Thin Floating Frame, VividWalls, Artwork",https://cdn.shopify.com/s/files/1/0785/1504/4639/files/chromatic_echos_earthy_no1_canvas_no_frame_36x48_f24923fd-aeba-4a73-b30d-df5c283b9f3e.png?v=1713722055,,,,,,,,,,,150.45,112.84,0.0,Stretched,150.45,315.94,110.0,48x36,2025-05-29 00:51:14
earth-echoes,,,,,,,,,24x36,,Black,,Thin Floating Frame,EARTH-ECHOES-CHROMATIC-ECHOES-BLACK-THIN-FLOATING-FRAME-24X36,shopify,deny,manual,210.63,0.0,100.3,True,False,lb,0.0,https://cdn.shopify.com/s/files/1/0785/1504/4639/files/chromatic_echos_earthy_no1_canvas_black_frame_24x36_edf1c382-8fb7-4132-b7d2-b6ce5f00755a.png?v=1713722055,7.0,"Abstract Art, Wall Art, Ready-To-Hang, Collection Chromatic Echoes Earth Echoes,Frame Size-24x36, Frame Color-Black,Frame Style-Thin Floating Frame, VividWalls, Artwork",https://cdn.shopify.com/s/files/1/0785/1504/4639/files/chromatic_echos_earthy_no1_canvas_black_frame_24x36_edf1c382-8fb7-4132-b7d2-b6ce5f00755a.png?v=1713722055,,,,,,,,,,,85.0,63.75,15.3,Stretched,100.3,210.63,110.0,24x36,2025-05-29 00:51:14
earth-echoes,,,,,,,,,24x36,,White,,Thin Floating Frame,EARTH-ECHOES-CHROMATIC-ECHOES-WHITE-THIN-FLOATING-FRAME-24X36,shopify,deny,manual,244.55,0.0,116.45,True,False,lb,0.0,https://cdn.shopify.com/s/files/1/0785/1504/4639/files/chromatic_echos_earthy_no1_canvas_white_frame_24x36_5bcbcf87-9d8f-43df-bb98-c59c925b5560.png?v=1713722055,8.0,"Abstract Art, Wall Art, Ready-To-Hang, Collection Chromatic Echoes Earth Echoes,Frame Size-24x36, Frame Color-White,Frame Style-Thin Floating Frame, VividWalls, Artwork",https://cdn.shopify.com/s/files/1/0785/1504/4639/files/chromatic_echos_earthy_no1_canvas_white_frame_24x36_5bcbcf87-9d8f-43df-bb98-c59c925b5560.png?v=1713722055,,,,,,,,,,,85.0,63.75,31.45,Stretched,116.45,244.55,110.0,24x36,2025-05-29 00:51:14
earth-echoes,,,,,,,,,24x36,,,,,EARTH-ECHOES-CHROMATIC-ECHOES-NA-NA-24X36,shopify,deny,manual,204.0,0.0,85.0,True,False,lb,0.0,https://cdn.shopify.com/s/files/1/0785/1504/4639/files/chromatic_echos_earthy_no1_canvas_no_frame_24x36_4cfdafd6-cab5-41c0-969f-5c7040250197.png?v=1713722055,9.0,"Abstract Art, Wall Art, Ready-To-Hang, Collection Chromatic Echoes Earth Echoes,Frame Size-24x36, Frame Color-NA,Frame Style-Thin Floating Frame, VividWalls, Artwork",https://cdn.shopify.com/s/files/1/0785/1504/4639/files/chromatic_echos_earthy_no1_canvas_no_frame_24x36_4cfdafd6-cab5-41c0-969f-5c7040250197.png?v=1713722055,,,,,,,,,,,85.0,63.75,0.0,Stretched,85.0,204.0,140.0,24x36,2025-05-29 00:51:14
space-form-no3,Space & Form no3,"<div>
    <p>
        <span>Space &amp; Form No.2</span> from the <span>Resonating Structure</span> collection is a compelling display of the artist's ability to invoke depth through minimalistic design. This piece strikes a commanding presence, its bold monochromatic shapes creating a stark interplay of contrast and negative space.
    </p>
    <p>
        Here, the artist employs a palette of black, white, and greys to sculpt the illusion of volume and space. The composition is both geometrically rigorous and intriguingly imprecise, suggesting a fluidity of movement within its rigid bounds. The texture applied throughout the piece gives it a tactile quality, as if the shapes are carved out of the canvas itself.
    </p>
    <p>
        'Space &amp; Form No.2' is a masterful exercise in restraint and intentionality, where the artist uses the absence of color to emphasize form and shadow, inviting the viewer to fill the voids with personal interpretation. The artwork is a meditation on the essence of form and the space it occupies, both physically and metaphorically.
    </p>
    <p style=""text-align: right; margin-top: 20px; font-style: italic;"">
        ""Monochrome whispers of the spatial dance."" - Artist: Kingler Bercy
    </p>
</div>
<div>
    <div style=""display: flex; flex-wrap: wrap; gap: 10px; justify-content: start;"">
        <span style=""display: inline-block; font-size: 16px; border-radius: 20px; background-color: #f1f1f1; padding: 3px 10px;"">Minimalism</span>
        <span style=""display: inline-block; font-size: 16px; border-radius: 20px; background-color: #f1f1f1; padding: 3px 10px;"">Monochrome Art</span>
        <span style=""display: inline-block; font-size: 16px; border-radius: 20px; background-color: #f1f1f1; padding: 3px 10px;"">Negative Space</span>
        <span style=""display: inline-block; font-size: 16px; border-radius: 20px; background-color: #f1f1f1; padding: 3px 10px;"">Geometric Forms</span>
        <span style=""display: inline-block; font-size: 16px; border-radius: 20px; background-color: #f1f1f1; padding: 3px 10px;"">Textural Art</span>
        <span style=""display: inline-block; font-size: 16px; border-radius: 20px; background-color: #f1f1f1; padding: 3px 10px;"">Resonating Structure Collection</span>
        <span style=""display: inline-block; font-size: 16px; border-radius: 20px; background-color: #f1f1f1; padding: 3px 10px;"">Abstract Expression</span>
    </div>
</div>
",VividWalls,Home & Garden > Decor > Artwork,Artwork,Resonant Structure,True,Frame Size,53x72,Frame Color,Black,Frame Style,Thin Floating Frame,SPACE-&-FORM-NO3-BLACK-THIN-FLOATING-FRAME-53X72,shopify,deny,manual,579.99,0.0,305.26,True,False,lb,0.0,https://cdn.shopify.com/s/files/1/0785/1504/4639/files/space_shape_no3_black_frame_53x72_3c0621e9-98df-4fa7-a62b-40c6a5f8c9d2.png?v=1713722322,1.0,"Abstract Art, Wall Art, Ready-To-Hang, Space & Form no3, Resonant Structure, Frame Size-53x72, Frame Color-Black,Frame Style-Thin Floating Frame, VividWalls, Artwork",https://cdn.shopify.com/s/files/1/0785/1504/4639/files/space_shape_no3_black_frame_53x72_3c0621e9-98df-4fa7-a62b-40c6a5f8c9d2.png?v=1713722322,"Abstract Art, Wall Art, Ready-To-Hang, Collection Resonant Structure Noir Shade 53x72, Black Frame Artwork","<div>
    <p>
        <span>Space & Form No.2</span> from the <span>Resonating Structure</span> collection is a compelling display of the artist's ability to invoke depth through minimalistic design. This piece strikes a commanding presence, its bold monochromatic shapes creating a stark interplay of contrast and negative space.
    </p>
    <p>
        Here, the artist employs a palette of black, white, and greys to sculpt the illusion of volume and space. The composition is both geometrically rigorous and intriguingly imprecise, suggesting a fluidity of movement within its rigid bounds. The texture applied throughout the piece gives it a tactile quality, as if the shapes are carved out of the canvas itself.
    </p>
    <p>
        'Space & Form No.2' is a masterful exercise in restraint and intentionality, where the artist uses the absence of color to emphasize form and shadow, inviting the viewer to fill the voids with personal interpretation. The artwork is a meditation on the essence of form and the space it occupies, both physically and metaphorically.
    </p>
    <p style=""text-align: right; margin-top: 20px; font-style: italic;"">
        ""Monochrome whispers of the spatial dance."" - Artist: Kingler Bercy
    </p>
</div>
<div>
    <div style=""display: flex; flex-wrap: wrap; gap: 10px; justify-content: start;"">
        <span style=""display: inline-block; font-size: 16px; border-radius: 20px; background-color: #f1f1f1; padding: 3px 10px;"">Minimalism</span>
        <span style=""display: inline-block; font-size: 16px; border-radius: 20px; background-color: #f1f1f1; padding: 3px 10px;"">Monochrome Art</span>
        <span style=""display: inline-block; font-size: 16px; border-radius: 20px; background-color: #f1f1f1; padding: 3px 10px;"">Negative Space</span>
        <span style=""display: inline-block; font-size: 16px; border-radius: 20px; background-color: #f1f1f1; padding: 3px 10px;"">Geometric Forms</span>
        <span style=""display: inline-block; font-size: 16px; border-radius: 20px; background-color: #f1f1f1; padding: 3px 10px;"">Textural Art</span>
        <span style=""display: inline-block; font-size: 16px; border-radius: 20px; background-color: #f1f1f1; padding: 3px 10px;"">Resonating Structure Collection</span>
        <span style=""display: inline-block; font-size: 16px; border-radius: 20px; background-color: #f1f1f1; padding: 3px 10px;"">Abstract Expression</span>
    </div>
</div>
",False,True,,,True,,,active,289.96,217.47,15.3,Stretched,305.26,579.99,90.0,53x72 (estimated),2025-05-29 00:51:14
space-form-no3,,,,,,,,,53x72,,White,,Thin Floating Frame,SPACE-&-FORM-NO3-WHITE-THIN-FLOATING-FRAME-53X72,shopify,deny,manual,610.68,0.0,321.41,True,False,lb,0.0,https://cdn.shopify.com/s/files/1/0785/1504/4639/files/space_shape_no3_white_frame_53x72_63e211aa-d2ee-4795-a1ae-7d6c86e9ba0c.png?v=1713722322,2.0,"Abstract Art, Wall Art, Ready-To-Hang, Space & Form no3, Resonant Structure, Frame Size-53x72, Frame Color-White,Frame Style-Thin Floating Frame, VividWalls, Artwork",https://cdn.shopify.com/s/files/1/0785/1504/4639/files/space_shape_no3_white_frame_53x72_63e211aa-d2ee-4795-a1ae-7d6c86e9ba0c.png?v=1713722322,,,,,,,,,,,289.96,217.47,31.45,Stretched,321.41,610.68,90.0,53x72 (estimated),2025-05-29 00:51:14
space-form-no3,,,,,,,,,53x72,,,,,SPACE-&-FORM-NO3-NA-NA-53X72,shopify,deny,manual,550.92,0.0,289.96,True,False,lb,0.0,https://cdn.shopify.com/s/files/1/0785/1504/4639/files/space_shape_no3_no_frame_53x72_2634a332-4911-4c58-ae15-ff334098a862.png?v=1713722322,3.0,"Abstract Art, Wall Art, Ready-To-Hang, Space & Form no3, Resonant Structure, Frame Size-53x72, Frame Color-NA,Frame Style-Thin Floating Frame, VividWalls, Artwork",https://cdn.shopify.com/s/files/1/0785/1504/4639/files/space_shape_no3_no_frame_53x72_2634a332-4911-4c58-ae15-ff334098a862.png?v=1713722322,,,,,,,,,,,289.96,217.47,0.0,Stretched,289.96,550.92,90.0,53x72 (estimated),2025-05-29 00:51:14
space-form-no3,,,,,,,,,36x48,,Black,,Thin Floating Frame,SPACE-&-FORM-NO3-BLACK-THIN-FLOATING-FRAME-36X48,shopify,deny,manual,348.07,0.0,165.75,True,False,lb,0.0,https://cdn.shopify.com/s/files/1/0785/1504/4639/files/space_shape_no3_black_frame_36x48_65e01ac3-7317-4614-9edb-9d78eeb47b13.png?v=1713722322,4.0,"Abstract Art, Wall Art, Ready-To-Hang, Space & Form no3, Resonant Structure, Frame Size-36x48, Frame Color-Black,Frame Style-Thin Floating Frame, VividWalls, Artwork",https://cdn.shopify.com/s/files/1/0785/1504/4639/files/space_shape_no3_black_frame_36x48_65e01ac3-7317-4614-9edb-9d78eeb47b13.png?v=1713722322,,,,,,,,,,,150.45,112.84,15.3,Stretched,165.75,348.07,110.0,36x48,2025-05-29 00:51:14
space-form-no3,,,,,,,,,36x48,,White,,Thin Floating Frame,SPACE-&-FORM-NO3-WHITE-THIN-FLOATING-FRAME-36X48,shopify,deny,manual,381.99,0.0,181.9,True,False,lb,0.0,https://cdn.shopify.com/s/files/1/0785/1504/4639/files/space_shape_no3_white_frame_36x48_d8039894-998c-4ee9-884b-1860f677cf3b.png?v=1713722322,5.0,"Abstract Art, Wall Art, Ready-To-Hang, Space & Form no3, Resonant Structure, Frame Size-36x48, Frame Color-White,Frame Style-Thin Floating Frame, VividWalls, Artwork",https://cdn.shopify.com/s/files/1/0785/1504/4639/files/space_shape_no3_white_frame_36x48_d8039894-998c-4ee9-884b-1860f677cf3b.png?v=1713722322,,,,,,,,,,,150.45,112.84,31.45,Stretched,181.9,381.99,110.0,36x48,2025-05-29 00:51:14
space-form-no3,,,,,,,,,36x48,,,,,SPACE-&-FORM-NO3-NA-NA-36X48,shopify,deny,manual,315.94,0.0,150.45,True,False,lb,0.0,https://cdn.shopify.com/s/files/1/0785/1504/4639/files/space_shape_no3_no_frame_36x48_f2d19a2b-1e56-4869-9629-57e21bbe0719.png?v=1713722322,6.0,"Abstract Art, Wall Art, Ready-To-Hang, Space & Form no3, Resonant Structure, Frame Size-36x48, Frame Color-NA,Frame Style-Thin Floating Frame, VividWalls, Artwork",https://cdn.shopify.com/s/files/1/0785/1504/4639/files/space_shape_no3_no_frame_36x48_f2d19a2b-1e56-4869-9629-57e21bbe0719.png?v=1713722322,,,,,,,,,,,150.45,112.84,0.0,Stretched,150.45,315.94,110.0,36x48,2025-05-29 00:51:14
space-form-no3,,,,,,,,,24x36,,Black,,Thin Floating Frame,SPACE-&-FORM-NO3-BLACK-THIN-FLOATING-FRAME-24X36,shopify,deny,manual,210.63,0.0,100.3,True,False,lb,0.0,https://cdn.shopify.com/s/files/1/0785/1504/4639/files/space_shape_no3_black_frame_24x36_133458d5-93b5-4022-98cd-d953e6662409.png?v=1713722322,7.0,"Abstract Art, Wall Art, Ready-To-Hang, Space & Form no3, Resonant Structure, Frame Size-24x36, Frame Color-Black,Frame Style-Thin Floating Frame, VividWalls, Artwork",https://cdn.shopify.com/s/files/1/0785/1504/4639/files/space_shape_no3_black_frame_24x36_133458d5-93b5-4022-98cd-d953e6662409.png?v=1713722322,,,,,,,,,,,85.0,63.75,15.3,Stretched,100.3,210.63,110.0,24x36,2025-05-29 00:51:14
space-form-no3,,,,,,,,,24x36,,White,,Thin Floating Frame,SPACE-&-FORM-NO3-WHITE-THIN-FLOATING-FRAME-24X36,shopify,deny,manual,244.55,0.0,116.45,True,False,lb,0.0,https://cdn.shopify.com/s/files/1/0785/1504/4639/files/space_shape_no3_white_frame_24x36_f5da88f1-3929-4a9f-b974-08824cc4df8e.png?v=1713722322,8.0,"Abstract Art, Wall Art, Ready-To-Hang, Space & Form no3, Resonant Structure, Frame Size-24x36, Frame Color-White,Frame Style-Thin Floating Frame, VividWalls, Artwork",https://cdn.shopify.com/s/files/1/0785/1504/4639/files/space_shape_no3_white_frame_24x36_f5da88f1-3929-4a9f-b974-08824cc4df8e.png?v=1713722322,,,,,,,,,,,85.0,63.75,31.45,Stretched,116.45,244.55,110.0,24x36,2025-05-29 00:51:14
space-form-no3,,,,,,,,,24x36,,,,,SPACE-&-FORM-NO3-NA-NA-24X36,shopify,deny,manual,204.0,0.0,85.0,True,False,lb,0.0,https://cdn.shopify.com/s/files/1/0785/1504/4639/files/space_shape_no3_no_frame_24x36_a33b4958-5b73-4842-915e-12c7021165e5.png?v=1713722322,9.0,"Abstract Art, Wall Art, Ready-To-Hang, Space & Form no3, Resonant Structure, Frame Size-24x36, Frame Color-NA,Frame Style-Thin Floating Frame, VividWalls, Artwork",https://cdn.shopify.com/s/files/1/0785/1504/4639/files/space_shape_no3_no_frame_24x36_a33b4958-5b73-4842-915e-12c7021165e5.png?v=1713722322,,,,,,,,,,,85.0,63.75,0.0,Stretched,85.0,204.0,140.0,24x36,2025-05-29 00:51:14
space-form-no2,Space & Form no2,"<div>
    <p>
        <span>Space &amp; Form No.2</span> from the <span>Resonating Structure</span> collection is a compelling display of the artist's ability to invoke depth through minimalistic design. This piece strikes a commanding presence, its bold monochromatic shapes creating a stark interplay of contrast and negative space.
    </p>
    <p>
        Here, the artist employs a palette of black, white, and greys to sculpt the illusion of volume and space. The composition is both geometrically rigorous and intriguingly imprecise, suggesting a fluidity of movement within its rigid bounds. The texture applied throughout the piece gives it a tactile quality, as if the shapes are carved out of the canvas itself.
    </p>
    <p>
        'Space &amp; Form No.2' is a masterful exercise in restraint and intentionality, where the artist uses the absence of color to emphasize form and shadow, inviting the viewer to fill the voids with personal interpretation. The artwork is a meditation on the essence of form and the space it occupies, both physically and metaphorically.
    </p>
    <p style=""text-align: right; margin-top: 20px; font-style: italic;"">
        ""Monochrome whispers of the spatial dance."" - Artist: Kingler Bercy
    </p>
</div>
<div>
    <div style=""display: flex; flex-wrap: wrap; gap: 10px; justify-content: start;"">
        <span style=""display: inline-block; font-size: 16px; border-radius: 20px; background-color: #f1f1f1; padding: 3px 10px;"">Minimalism</span>
        <span style=""display: inline-block; font-size: 16px; border-radius: 20px; background-color: #f1f1f1; padding: 3px 10px;"">Monochrome Art</span>
        <span style=""display: inline-block; font-size: 16px; border-radius: 20px; background-color: #f1f1f1; padding: 3px 10px;"">Negative Space</span>
        <span style=""display: inline-block; font-size: 16px; border-radius: 20px; background-color: #f1f1f1; padding: 3px 10px;"">Geometric Forms</span>
        <span style=""display: inline-block; font-size: 16px; border-radius: 20px; background-color: #f1f1f1; padding: 3px 10px;"">Textural Art</span>
        <span style=""display: inline-block; font-size: 16px; border-radius: 20px; background-color: #f1f1f1; padding: 3px 10px;"">Resonating Structure Collection</span>
        <span style=""display: inline-block; font-size: 16px; border-radius: 20px; background-color: #f1f1f1; padding: 3px 10px;"">Abstract Expression</span>
    </div>
</div>
",VividWalls,Home & Garden > Decor > Artwork,Artwork,Resonant Structure,True,Frame Size,53x72,Frame Color,Black,Frame Style,Thin Floating Frame,SPACE-&-FORM-NO2-BLACK-THIN-FLOATING-FRAME-53X72,shopify,deny,manual,579.99,0.0,305.26,True,False,lb,0.0,https://cdn.shopify.com/s/files/1/0785/1504/4639/files/space_shape_noir_no1_black_frame_53x72_55315629-4452-46ab-9f69-5a86e0f2166f.png?v=1713722289,1.0,"Abstract Art, Wall Art, Ready-To-Hang, Space & Form no2, Resonant Structure, Frame Size-53x72, Frame Color-Black,Frame Style-Thin Floating Frame, VividWalls, Artwork",https://cdn.shopify.com/s/files/1/0785/1504/4639/files/space_shape_noir_no1_black_frame_53x72_55315629-4452-46ab-9f69-5a86e0f2166f.png?v=1713722289,"Abstract Art, Wall Art, Ready-To-Hang, Collection Resonant Structure Noir Shade 53x72, Black Frame Artwork","<div>
    <p>
        <span>Space & Form No.2</span> from the <span>Resonating Structure</span> collection is a compelling display of the artist's ability to invoke depth through minimalistic design. This piece strikes a commanding presence, its bold monochromatic shapes creating a stark interplay of contrast and negative space.
    </p>
    <p>
        Here, the artist employs a palette of black, white, and greys to sculpt the illusion of volume and space. The composition is both geometrically rigorous and intriguingly imprecise, suggesting a fluidity of movement within its rigid bounds. The texture applied throughout the piece gives it a tactile quality, as if the shapes are carved out of the canvas itself.
    </p>
    <p>
        'Space & Form No.2' is a masterful exercise in restraint and intentionality, where the artist uses the absence of color to emphasize form and shadow, inviting the viewer to fill the voids with personal interpretation. The artwork is a meditation on the essence of form and the space it occupies, both physically and metaphorically.
    </p>
    <p style=""text-align: right; margin-top: 20px; font-style: italic;"">
        ""Monochrome whispers of the spatial dance."" - Artist: Kingler Bercy
    </p>
</div>
<div>
    <div style=""display: flex; flex-wrap: wrap; gap: 10px; justify-content: start;"">
        <span style=""display: inline-block; font-size: 16px; border-radius: 20px; background-color: #f1f1f1; padding: 3px 10px;"">Minimalism</span>
        <span style=""display: inline-block; font-size: 16px; border-radius: 20px; background-color: #f1f1f1; padding: 3px 10px;"">Monochrome Art</span>
        <span style=""display: inline-block; font-size: 16px; border-radius: 20px; background-color: #f1f1f1; padding: 3px 10px;"">Negative Space</span>
        <span style=""display: inline-block; font-size: 16px; border-radius: 20px; background-color: #f1f1f1; padding: 3px 10px;"">Geometric Forms</span>
        <span style=""display: inline-block; font-size: 16px; border-radius: 20px; background-color: #f1f1f1; padding: 3px 10px;"">Textural Art</span>
        <span style=""display: inline-block; font-size: 16px; border-radius: 20px; background-color: #f1f1f1; padding: 3px 10px;"">Resonating Structure Collection</span>
        <span style=""display: inline-block; font-size: 16px; border-radius: 20px; background-color: #f1f1f1; padding: 3px 10px;"">Abstract Expression</span>
    </div>
</div>
",False,True,,,True,,,active,289.96,217.47,15.3,Stretched,305.26,579.99,90.0,53x72 (estimated),2025-05-29 00:51:14
space-form-no2,,,,,,,,,53x72,,White,,Thin Floating Frame,SPACE-&-FORM-NO2-WHITE-THIN-FLOATING-FRAME-53X72,shopify,deny,manual,610.68,0.0,321.41,True,False,lb,0.0,https://cdn.shopify.com/s/files/1/0785/1504/4639/files/space_shape_noir_no1_white_frame_53x72_300abbf2-7a63-4749-80ec-db3c375dc871.png?v=1713722289,2.0,"Abstract Art, Wall Art, Ready-To-Hang, Space & Form no2, Resonant Structure, Frame Size-53x72, Frame Color-White,Frame Style-Thin Floating Frame, VividWalls, Artwork",https://cdn.shopify.com/s/files/1/0785/1504/4639/files/space_shape_noir_no1_white_frame_53x72_300abbf2-7a63-4749-80ec-db3c375dc871.png?v=1713722289,,,,,,,,,,,289.96,217.47,31.45,Stretched,321.41,610.68,90.0,53x72 (estimated),2025-05-29 00:51:14
space-form-no2,,,,,,,,,53x72,,,,,SPACE-&-FORM-NO2-NA-NA-53X72,shopify,deny,manual,550.92,0.0,289.96,True,False,lb,0.0,https://cdn.shopify.com/s/files/1/0785/1504/4639/files/space_shape_noir_no1_no_frame_36x48-2_829e3d3e-31b2-49d8-af88-b696c83571bf.png?v=1713722289,3.0,"Abstract Art, Wall Art, Ready-To-Hang, Space & Form no2, Resonant Structure, Frame Size-53x72, Frame Color-NA,Frame Style-Thin Floating Frame, VividWalls, Artwork",https://cdn.shopify.com/s/files/1/0785/1504/4639/files/space_shape_noir_no1_no_frame_36x48-2_829e3d3e-31b2-49d8-af88-b696c83571bf.png?v=1713722289,,,,,,,,,,,289.96,217.47,0.0,Stretched,289.96,550.92,90.0,53x72 (estimated),2025-05-29 00:51:14
space-form-no2,,,,,,,,,36x48,,Black,,Thin Floating Frame,SPACE-&-FORM-NO2-BLACK-THIN-FLOATING-FRAME-36X48,shopify,deny,manual,348.07,0.0,165.75,True,False,lb,0.0,https://cdn.shopify.com/s/files/1/0785/1504/4639/files/space_shape_noir_no1_white_frame_36x48_06bdcd9d-ebb1-4cfb-a1d1-f37d05666eac.png?v=1713722289,4.0,"Abstract Art, Wall Art, Ready-To-Hang, Space & Form no2, Resonant Structure, Frame Size-36x48, Frame Color-Black,Frame Style-Thin Floating Frame, VividWalls, Artwork",https://cdn.shopify.com/s/files/1/0785/1504/4639/files/space_shape_noir_no1_white_frame_36x48_06bdcd9d-ebb1-4cfb-a1d1-f37d05666eac.png?v=1713722289,,,,,,,,,,,150.45,112.84,15.3,Stretched,165.75,348.07,110.0,36x48,2025-05-29 00:51:14
space-form-no2,,,,,,,,,36x48,,White,,Thin Floating Frame,SPACE-&-FORM-NO2-WHITE-THIN-FLOATING-FRAME-36X48,shopify,deny,manual,381.99,0.0,181.9,True,False,lb,0.0,https://cdn.shopify.com/s/files/1/0785/1504/4639/files/space_shape_no1_white_frame_36x48_48729a01-5384-41fb-83fc-65bc4af57803.png?v=1713722289,5.0,"Abstract Art, Wall Art, Ready-To-Hang, Space & Form no2, Resonant Structure, Frame Size-36x48, Frame Color-White,Frame Style-Thin Floating Frame, VividWalls, Artwork",https://cdn.shopify.com/s/files/1/0785/1504/4639/files/space_shape_no1_white_frame_36x48_48729a01-5384-41fb-83fc-65bc4af57803.png?v=1713722289,,,,,,,,,,,150.45,112.84,31.45,Stretched,181.9,381.99,110.0,36x48,2025-05-29 00:51:14
space-form-no2,,,,,,,,,36x48,,,,,SPACE-&-FORM-NO2-NA-NA-36X48,shopify,deny,manual,315.94,0.0,150.45,True,False,lb,0.0,https://cdn.shopify.com/s/files/1/0785/1504/4639/files/space_shape_noir_no1_no_frame_36x48_c1b10d7c-84b0-4b35-a82d-395ce0db48fe.png?v=1713722289,6.0,"Abstract Art, Wall Art, Ready-To-Hang, Space & Form no2, Resonant Structure, Frame Size-36x48, Frame Color-NA,Frame Style-Thin Floating Frame, VividWalls, Artwork",https://cdn.shopify.com/s/files/1/0785/1504/4639/files/space_shape_noir_no1_no_frame_36x48_c1b10d7c-84b0-4b35-a82d-395ce0db48fe.png?v=1713722289,,,,,,,,,,,150.45,112.84,0.0,Stretched,150.45,315.94,110.0,36x48,2025-05-29 00:51:14
space-form-no2,,,,,,,,,24x36,,Black,,Thin Floating Frame,SPACE-&-FORM-NO2-BLACK-THIN-FLOATING-FRAME-24X36,shopify,deny,manual,210.63,0.0,100.3,True,False,lb,0.0,https://cdn.shopify.com/s/files/1/0785/1504/4639/files/space_shape_noir_no1_black_frame_24x36_9d7f224c-b80a-4360-83b7-2e69a08e6c55.png?v=1713722289,7.0,"Abstract Art, Wall Art, Ready-To-Hang, Space & Form no2, Resonant Structure, Frame Size-24x36, Frame Color-Black,Frame Style-Thin Floating Frame, VividWalls, Artwork",https://cdn.shopify.com/s/files/1/0785/1504/4639/files/space_shape_noir_no1_black_frame_24x36_9d7f224c-b80a-4360-83b7-2e69a08e6c55.png?v=1713722289,,,,,,,,,,,85.0,63.75,15.3,Stretched,100.3,210.63,110.0,24x36,2025-05-29 00:51:14
space-form-no2,,,,,,,,,24x36,,White,,Thin Floating Frame,SPACE-&-FORM-NO2-WHITE-THIN-FLOATING-FRAME-24X36,shopify,deny,manual,244.55,0.0,116.45,True,False,lb,0.0,https://cdn.shopify.com/s/files/1/0785/1504/4639/files/space_shape_noir_no1_white_frame_24x36_0beb59a0-dac8-4c43-a34d-33f1214fdf60.png?v=1713722289,8.0,"Abstract Art, Wall Art, Ready-To-Hang, Space & Form no2, Resonant Structure, Frame Size-24x36, Frame Color-White,Frame Style-Thin Floating Frame, VividWalls, Artwork",https://cdn.shopify.com/s/files/1/0785/1504/4639/files/space_shape_noir_no1_white_frame_24x36_0beb59a0-dac8-4c43-a34d-33f1214fdf60.png?v=1713722289,,,,,,,,,,,85.0,63.75,31.45,Stretched,116.45,244.55,110.0,24x36,2025-05-29 00:51:14
space-form-no2,,,,,,,,,24x36,,,,,SPACE-&-FORM-NO2-NA-NA-24X36,shopify,deny,manual,204.0,0.0,85.0,True,False,lb,0.0,https://cdn.shopify.com/s/files/1/0785/1504/4639/files/space_shape_noir_no1_no_frame_24x36_11e7f704-ab30-4d2b-b5d1-e31b256ff791.png?v=1713722289,9.0,"Abstract Art, Wall Art, Ready-To-Hang, Space & Form no2, Resonant Structure, Frame Size-24x36, Frame Color-NA,Frame Style-Thin Floating Frame, VividWalls, Artwork",https://cdn.shopify.com/s/files/1/0785/1504/4639/files/space_shape_noir_no1_no_frame_24x36_11e7f704-ab30-4d2b-b5d1-e31b256ff791.png?v=1713722289,,,,,,,,,,,85.0,63.75,0.0,Stretched,85.0,204.0,140.0,24x36,2025-05-29 00:51:14
space-form-no1,Space & Form no1,"<div>
    <p>
        <span>Space &amp; Form No.1</span> from the <span>Resonating Structure</span> collection is a compelling narrative of texture and depth realized through the medium of digital art. Here, the artist presents a symphony of forms that resonate with the raw energy of natural elements, suffused with an aura of mystery and contemplation.
    </p>
    <p>
        The canvas is a patchwork of darkness and light, with jagged geometries cutting through a tapestry of organic textures. Each shape interacts with its neighbor, forming a cohesive yet complex visual field. The layering technique employed creates an illusion of three-dimensional space, pulling the observer into a seemingly infinite recess.
    </p>
    <p>
        With 'Space &amp; Form No.1,' the artist plays with the viewer's perception, using contrasting hues and saturation to evoke an emotional response. This piece is a testament to the artist's ability to manipulate digital tools to imitate the imperfections and richness of the physical world, bridging the gap between the virtual and the real.
    </p>
    <p style=""text-align: right; margin-top: 20px; font-style: italic;"">
        ""The digital canvas, a portal to unseen dimensions."" - Artist: Kingler Bercy
    </p>
</div>
<div>
    <div style=""display: flex; flex-wrap: wrap; gap: 10px; justify-content: start;"">
        <span style=""display: inline-block; font-size: 16px; border-radius: 20px; background-color: #f1f1f1; padding: 3px 10px;"">Digital Art</span>
        <span style=""display: inline-block; font-size: 16px; border-radius: 20px; background-color: #f1f1f1; padding: 3px 10px;"">Textural Depth</span>
        <span style=""display: inline-block; font-size: 16px; border-radius: 20px; background-color: #f1f1f1; padding: 3px 10px;"">Organic Textures</span>
        <span style=""display: inline-block; font-size: 16px; border-radius: 20px; background-color: #f1f1f1; padding: 3px 10px;"">Geometric Forms</span>
        <span style=""display: inline-block; font-size: 16px; border-radius: 20px; background-color: #f1f1f1; padding: 3px 10px;"">Layering Technique</span>
        <span style=""display: inline-block; font-size: 16px; border-radius: 20px; background-color: #f1f1f1; padding: 3px 10px;"">Resonating Structure Collection</span>
        <span style=""display: inline-block; font-size: 16px; border-radius: 20px; background-color: #f1f1f1; padding: 3px 10px;"">Perceptual Play</span>
    </div>
</div>
",VividWalls,Home & Garden > Decor > Artwork,Artwork,Resonant Structure,True,Frame Size,53x72,Frame Color,Black,Frame Style,Thin Floating Frame,SPACE-&-FORM-NO1-BLACK-THIN-FLOATING-FRAME-53X72,shopify,deny,manual,579.99,0.0,305.26,True,False,lb,0.0,https://cdn.shopify.com/s/files/1/0785/1504/4639/files/space_shape_no1_black_frame_53x72_0938d567-3505-459d-b2ab-5803a1ec4dce.png?v=1713722259,1.0,"Abstract Art, Wall Art, Ready-To-Hang, Space & Form no1, Resonant Structure, Frame Size-53x72, Frame Color-Black,Frame Style-Thin Floating Frame, VividWalls, Artwork",https://cdn.shopify.com/s/files/1/0785/1504/4639/files/space_shape_no1_black_frame_53x72_0938d567-3505-459d-b2ab-5803a1ec4dce.png?v=1713722259,"Abstract Art, Wall Art, Ready-To-Hang, Collection Resonant Structure Noir Shade 53x72, Black Frame Artwork","<div>
    <p>
        <span>Space & Form No.1</span> from the <span>Resonating Structure</span> collection is a compelling narrative of texture and depth realized through the medium of digital art. Here, the artist presents a symphony of forms that resonate with the raw energy of natural elements, suffused with an aura of mystery and contemplation.
    </p>
    <p>
        The canvas is a patchwork of darkness and light, with jagged geometries cutting through a tapestry of organic textures. Each shape interacts with its neighbor, forming a cohesive yet complex visual field. The layering technique employed creates an illusion of three-dimensional space, pulling the observer into a seemingly infinite recess.
    </p>
    <p>
        With 'Space & Form No.1,' the artist plays with the viewer's perception, using contrasting hues and saturation to evoke an emotional response. This piece is a testament to the artist's ability to manipulate digital tools to imitate the imperfections and richness of the physical world, bridging the gap between the virtual and the real.
    </p>
    <p style=""text-align: right; margin-top: 20px; font-style: italic;"">
        ""The digital canvas, a portal to unseen dimensions."" - Artist: Kingler Bercy
    </p>
</div>
<div>
    <div style=""display: flex; flex-wrap: wrap; gap: 10px; justify-content: start;"">
        <span style=""display: inline-block; font-size: 16px; border-radius: 20px; background-color: #f1f1f1; padding: 3px 10px;"">Digital Art</span>
        <span style=""display: inline-block; font-size: 16px; border-radius: 20px; background-color: #f1f1f1; padding: 3px 10px;"">Textural Depth</span>
        <span style=""display: inline-block; font-size: 16px; border-radius: 20px; background-color: #f1f1f1; padding: 3px 10px;"">Organic Textures</span>
        <span style=""display: inline-block; font-size: 16px; border-radius: 20px; background-color: #f1f1f1; padding: 3px 10px;"">Geometric Forms</span>
        <span style=""display: inline-block; font-size: 16px; border-radius: 20px; background-color: #f1f1f1; padding: 3px 10px;"">Layering Technique</span>
        <span style=""display: inline-block; font-size: 16px; border-radius: 20px; background-color: #f1f1f1; padding: 3px 10px;"">Resonating Structure Collection</span>
        <span style=""display: inline-block; font-size: 16px; border-radius: 20px; background-color: #f1f1f1; padding: 3px 10px;"">Perceptual Play</span>
    </div>
</div>
",False,True,,,True,,,active,289.96,217.47,15.3,Stretched,305.26,579.99,90.0,53x72 (estimated),2025-05-29 00:51:14
space-form-no1,,,,,,,,,53x72,,White,,Thin Floating Frame,SPACE-&-FORM-NO1-WHITE-THIN-FLOATING-FRAME-53X72,shopify,deny,manual,610.68,0.0,321.41,True,False,lb,0.0,https://cdn.shopify.com/s/files/1/0785/1504/4639/files/space_shape_no1_white_frame_53x72_c26d2332-dd60-44b4-8fed-85863c9d387c.png?v=1713722259,2.0,"Abstract Art, Wall Art, Ready-To-Hang, Space & Form no1, Resonant Structure, Frame Size-53x72, Frame Color-White,Frame Style-Thin Floating Frame, VividWalls, Artwork",https://cdn.shopify.com/s/files/1/0785/1504/4639/files/space_shape_no1_white_frame_53x72_c26d2332-dd60-44b4-8fed-85863c9d387c.png?v=1713722259,,,,,,,,,,,289.96,217.47,31.45,Stretched,321.41,610.68,90.0,53x72 (estimated),2025-05-29 00:51:14
space-form-no1,,,,,,,,,53x72,,,,,SPACE-&-FORM-NO1-NA-NA-53X72,shopify,deny,manual,550.92,0.0,289.96,True,False,lb,0.0,https://cdn.shopify.com/s/files/1/0785/1504/4639/files/space_shape_no1_no_frame_53x72_77d9e98f-089a-4f0c-b4ba-6ea5662eb7b5.png?v=1713722259,3.0,"Abstract Art, Wall Art, Ready-To-Hang, Space & Form no1, Resonant Structure, Frame Size-53x72, Frame Color-NA,Frame Style-Thin Floating Frame, VividWalls, Artwork",https://cdn.shopify.com/s/files/1/0785/1504/4639/files/space_shape_no1_no_frame_53x72_77d9e98f-089a-4f0c-b4ba-6ea5662eb7b5.png?v=1713722259,,,,,,,,,,,289.96,217.47,0.0,Stretched,289.96,550.92,90.0,53x72 (estimated),2025-05-29 00:51:14
space-form-no1,,,,,,,,,36x48,,Black,,Thin Floating Frame,SPACE-&-FORM-NO1-BLACK-THIN-FLOATING-FRAME-36X48,shopify,deny,manual,348.07,0.0,165.75,True,False,lb,0.0,https://cdn.shopify.com/s/files/1/0785/1504/4639/files/space_shape_no1_black_frame_36x48_bea9929e-9d49-4913-b655-3e877196d250.png?v=1713722259,4.0,"Abstract Art, Wall Art, Ready-To-Hang, Space & Form no1, Resonant Structure, Frame Size-36x48, Frame Color-Black,Frame Style-Thin Floating Frame, VividWalls, Artwork",https://cdn.shopify.com/s/files/1/0785/1504/4639/files/space_shape_no1_black_frame_36x48_bea9929e-9d49-4913-b655-3e877196d250.png?v=1713722259,,,,,,,,,,,150.45,112.84,15.3,Stretched,165.75,348.07,110.0,36x48,2025-05-29 00:51:14
space-form-no1,,,,,,,,,36x48,,White,,Thin Floating Frame,SPACE-&-FORM-NO1-WHITE-THIN-FLOATING-FRAME-36X48,shopify,deny,manual,381.99,0.0,181.9,True,False,lb,0.0,https://cdn.shopify.com/s/files/1/0785/1504/4639/files/space_shape_no1_white_frame_36x48_74442f27-640d-4bcf-a266-562d47893073.png?v=1713722259,5.0,"Abstract Art, Wall Art, Ready-To-Hang, Space & Form no1, Resonant Structure, Frame Size-36x48, Frame Color-White,Frame Style-Thin Floating Frame, VividWalls, Artwork",https://cdn.shopify.com/s/files/1/0785/1504/4639/files/space_shape_no1_white_frame_36x48_74442f27-640d-4bcf-a266-562d47893073.png?v=1713722259,,,,,,,,,,,150.45,112.84,31.45,Stretched,181.9,381.99,110.0,36x48,2025-05-29 00:51:14
space-form-no1,,,,,,,,,36x48,,,,,SPACE-&-FORM-NO1-NA-NA-36X48,shopify,deny,manual,315.94,0.0,150.45,True,False,lb,0.0,https://cdn.shopify.com/s/files/1/0785/1504/4639/files/space_shape_no1_no_frame_36x48_bf78e3a1-8cdc-4e92-a0d1-a39842bd6383.png?v=1713722259,6.0,"Abstract Art, Wall Art, Ready-To-Hang, Space & Form no1, Resonant Structure, Frame Size-36x48, Frame Color-NA,Frame Style-Thin Floating Frame, VividWalls, Artwork",https://cdn.shopify.com/s/files/1/0785/1504/4639/files/space_shape_no1_no_frame_36x48_bf78e3a1-8cdc-4e92-a0d1-a39842bd6383.png?v=1713722259,,,,,,,,,,,150.45,112.84,0.0,Stretched,150.45,315.94,110.0,36x48,2025-05-29 00:51:14
space-form-no1,,,,,,,,,24x36,,Black,,Thin Floating Frame,SPACE-&-FORM-NO1-BLACK-THIN-FLOATING-FRAME-24X36,shopify,deny,manual,210.63,0.0,100.3,True,False,lb,0.0,https://cdn.shopify.com/s/files/1/0785/1504/4639/files/space_shape_no1_black_frame_24x36_f2e5b944-582e-4cad-b65a-3bb06f8338d5.png?v=1713722259,7.0,"Abstract Art, Wall Art, Ready-To-Hang, Space & Form no1, Resonant Structure, Frame Size-24x36, Frame Color-Black,Frame Style-Thin Floating Frame, VividWalls, Artwork",https://cdn.shopify.com/s/files/1/0785/1504/4639/files/space_shape_no1_black_frame_24x36_f2e5b944-582e-4cad-b65a-3bb06f8338d5.png?v=1713722259,,,,,,,,,,,85.0,63.75,15.3,Stretched,100.3,210.63,110.0,24x36,2025-05-29 00:51:14
space-form-no1,,,,,,,,,24x36,,White,,Thin Floating Frame,SPACE-&-FORM-NO1-WHITE-THIN-FLOATING-FRAME-24X36,shopify,deny,manual,244.55,0.0,116.45,True,False,lb,0.0,https://cdn.shopify.com/s/files/1/0785/1504/4639/files/space_shape_no1_white_frame_24x36_61e53f5b-6156-42fe-8473-6b79657c77a8.png?v=1713722259,8.0,"Abstract Art, Wall Art, Ready-To-Hang, Space & Form no1, Resonant Structure, Frame Size-24x36, Frame Color-White,Frame Style-Thin Floating Frame, VividWalls, Artwork",https://cdn.shopify.com/s/files/1/0785/1504/4639/files/space_shape_no1_white_frame_24x36_61e53f5b-6156-42fe-8473-6b79657c77a8.png?v=1713722259,,,,,,,,,,,85.0,63.75,31.45,Stretched,116.45,244.55,110.0,24x36,2025-05-29 00:51:14
space-form-no1,,,,,,,,,24x36,,,,,SPACE-&-FORM-NO1-NA-NA-24X36,shopify,deny,manual,204.0,0.0,85.0,True,False,lb,0.0,https://cdn.shopify.com/s/files/1/0785/1504/4639/files/space_shape_no1_no_frame_24x36_f02ed994-4988-40f2-8883-c89d03bc67dd.png?v=1713722259,9.0,"Abstract Art, Wall Art, Ready-To-Hang, Space & Form no1, Resonant Structure, Frame Size-24x36, Frame Color-NA,Frame Style-Thin Floating Frame, VividWalls, Artwork",https://cdn.shopify.com/s/files/1/0785/1504/4639/files/space_shape_no1_no_frame_24x36_f02ed994-4988-40f2-8883-c89d03bc67dd.png?v=1713722259,,,,,,,,,,,85.0,63.75,0.0,Stretched,85.0,204.0,140.0,24x36,2025-05-29 00:51:14
noir-structures,Noir Structures,"<div>
    <p>
        <span>Noir Structures</span> from the <span>Intersecting Spaces</span> collection is a powerful exploration of monochrome geometry that encapsulates the essence of minimalist art. The artist harnesses the stark contrast of black and white to create a composition that is both arresting and enigmatic.
    </p>
    <p>
        The artwork presents a series of angular forms that layer and intersect with a deliberate asymmetry, evoking a sense of depth and perspective. This visual depth is further enhanced by the subtle gradients of gray that soften the rigid boundaries between light and shadow, giving the piece a pulsating, living quality.
    </p>
    <p>
        Textural elements within 'Noir Structures' suggest a tactile dimension, with each shade of gray and every line offering a sensory experience. The artist's choice of a restricted palette highlights the complexity that can be achieved within a limited spectrum, inviting the viewer to delve into the nuances of form and tonality.
    </p>
    <p style=""text-align: right; margin-top: 20px; font-style: italic;"">
        ""In the absence of color, form speaks volumes."" - Artist: Kingler Bercy
    </p>
</div>
<div>
    <div style=""display: flex; flex-wrap: wrap; gap: 10px; justify-content: start;"">
        <span style=""display: inline-block; font-size: 16px; border-radius: 20px; background-color: #f1f1f1; padding: 3px 10px;"">Minimalist Art</span>
        <span style=""display: inline-block; font-size: 16px; border-radius: 20px; background-color: #f1f1f1; padding: 3px 10px;"">Monochrome Geometry</span>
        <span style=""display: inline-block; font-size: 16px; border-radius: 20px; background-color: #f1f1f1; padding: 3px 10px;"">Black and White</span>
        <span style=""display: inline-block; font-size: 16px; border-radius: 20px; background-color: #f1f1f1; padding: 3px 10px;"">Asymmetrical Forms</span>
        <span style=""display: inline-block; font-size: 16px; border-radius: 20px; background-color: #f1f1f1; padding: 3px 10px;"">Texture Contrast</span>
        <span style=""display: inline-block; font-size: 16px; border-radius: 20px; background-color: #f1f1f1; padding: 3px 10px;"">Intersecting Spaces Collection</span>
        <span style=""display: inline-block; font-size: 16px; border-radius: 20px; background-color: #f1f1f1; padding: 3px 10px;"">Visual Depth</span>
    </div>
</div>
",VividWalls,Home & Garden > Decor > Artwork,Artwork,Intersecting Spaces,False,Frame Size,72x53,Frame Color,Black,Frame Style,Thin Floating Frame,NOIR-STRUCTURES-BLACK-THIN-FLOATING-FRAME-72X53,shopify,deny,manual,579.99,,305.26,True,False,lb,0.0,https://cdn.shopify.com/s/files/1/0785/1504/4639/files/intersecting_spaces_noir_no3_black_frame_53x72_470bebfc-b43c-48e9-80c9-83b322934c09.png?v=1713722172,1.0,"Abstract Art, Wall Art, Ready-To-Hang, Noir Structures, Intersecting Spaces, Frame Size-72x53, Frame Color-Black,Frame Style-Thin Floating Frame, VividWalls, Artwork",https://cdn.shopify.com/s/files/1/0785/1504/4639/files/intersecting_spaces_noir_no3_black_frame_53x72_470bebfc-b43c-48e9-80c9-83b322934c09.png?v=1713722172,"Abstract Art, Wall Art, Ready-To-Hang, Collection Intersecting Spaces Noir Structures 72x53, Black Frame Artwork",,False,True,,,True,,,draft,289.96,217.47,15.3,Stretched,305.26,579.99,90.0,72x53 (estimated),2025-05-29 00:51:14
noir-structures,,,,,,,,,72x53,,White,,Thin Floating Frame,NOIR-STRUCTURES-WHITE-THIN-FLOATING-FRAME-72X53,shopify,deny,manual,610.68,,321.41,True,False,lb,0.0,https://cdn.shopify.com/s/files/1/0785/1504/4639/files/intersecting_spaces_noir_no3_white_frame_53x72_a0b63107-7268-4ac4-84ae-610a0a264411.png?v=1713722172,2.0,"Abstract Art, Wall Art, Ready-To-Hang, Noir Structures, Intersecting Spaces, Frame Size-72x53, Frame Color-White,Frame Style-Thin Floating Frame, VividWalls, Artwork",https://cdn.shopify.com/s/files/1/0785/1504/4639/files/intersecting_spaces_noir_no3_white_frame_53x72_a0b63107-7268-4ac4-84ae-610a0a264411.png?v=1713722172,,,,,,,,,,,289.96,217.47,31.45,Stretched,321.41,610.68,90.0,72x53 (estimated),2025-05-29 00:51:14
noir-structures,,,,,,,,,72x53,,,,,-NA-NA-72X53,shopify,deny,manual,550.92,,289.96,True,False,lb,0.0,https://cdn.shopify.com/s/files/1/0785/1504/4639/files/intersecting_spaces_noir_no3_no_frame_53x72_d2bd0675-7772-47a3-8e0f-82f80b41d9d9.png?v=1713722172,3.0,"Abstract Art, Wall Art, Ready-To-Hang, Noir Structures, Intersecting Spaces, Frame Size-72x53, Frame Color-NA,Frame Style-Thin Floating Frame, VividWalls, Artwork",https://cdn.shopify.com/s/files/1/0785/1504/4639/files/intersecting_spaces_noir_no3_no_frame_53x72_d2bd0675-7772-47a3-8e0f-82f80b41d9d9.png?v=1713722172,,,,,,,,,,,289.96,217.47,0.0,Stretched,289.96,550.92,90.0,72x53 (estimated),2025-05-29 00:51:14
noir-structures,,,,,,,,,48x36,,Black,,Thin Floating Frame,NOIR-STRUCTURES-BLACK-THIN-FLOATING-FRAME-48X36,shopify,deny,manual,348.07,,165.75,True,False,lb,0.0,https://cdn.shopify.com/s/files/1/0785/1504/4639/files/intersecting_spaces_noir_no3_black_frame_48x36-1_e7bd85b4-95bd-4a22-a56c-3d0e23651e8c.png?v=1713722172,4.0,"Abstract Art, Wall Art, Ready-To-Hang, Noir Structures, Intersecting Spaces, Frame Size-48x36, Frame Color-Black,Frame Style-Thin Floating Frame, VividWalls, Artwork",https://cdn.shopify.com/s/files/1/0785/1504/4639/files/intersecting_spaces_noir_no3_black_frame_48x36-1_e7bd85b4-95bd-4a22-a56c-3d0e23651e8c.png?v=1713722172,,,,,,,,,,,150.45,112.84,15.3,Stretched,165.75,348.07,110.0,48x36,2025-05-29 00:51:14
noir-structures,,,,,,,,,48x36,,White,,Thin Floating Frame,NOIR-STRUCTURES-WHITE-THIN-FLOATING-FRAME-48X36,shopify,deny,manual,381.99,,181.9,True,False,lb,0.0,https://cdn.shopify.com/s/files/1/0785/1504/4639/files/intersecting_spaces_noir_no3_black_frame_48x36_dd6c8765-6d80-4089-a199-d9ee1c64e5f7.png?v=1713722172,5.0,"Abstract Art, Wall Art, Ready-To-Hang, Noir Structures, Intersecting Spaces, Frame Size-48x36, Frame Color-White,Frame Style-Thin Floating Frame, VividWalls, Artwork",https://cdn.shopify.com/s/files/1/0785/1504/4639/files/intersecting_spaces_noir_no3_black_frame_48x36_dd6c8765-6d80-4089-a199-d9ee1c64e5f7.png?v=1713722172,,,,,,,,,,,150.45,112.84,31.45,Stretched,181.9,381.99,110.0,48x36,2025-05-29 00:51:14
noir-structures,,,,,,,,,48x36,,,,,NOIR-STRUCTURES-NA-NA-48X36,shopify,deny,manual,315.94,,150.45,True,False,lb,0.0,https://cdn.shopify.com/s/files/1/0785/1504/4639/files/intersecting_spaces_noir_no3_no_frame_48x36_4524fbfb-d27a-4a60-836b-dbd800b929e0.png?v=1713722172,6.0,"Abstract Art, Wall Art, Ready-To-Hang, Noir Structures, Intersecting Spaces, Frame Size-48x36, Frame Color-NA,Frame Style-Thin Floating Frame, VividWalls, Artwork",https://cdn.shopify.com/s/files/1/0785/1504/4639/files/intersecting_spaces_noir_no3_no_frame_48x36_4524fbfb-d27a-4a60-836b-dbd800b929e0.png?v=1713722172,,,,,,,,,,,150.45,112.84,0.0,Stretched,150.45,315.94,110.0,48x36,2025-05-29 00:51:14
noir-structures,,,,,,,,,36x24,,Black,,Thin Floating Frame,NOIR-STRUCTURES-BLACK-THIN-FLOATING-FRAME-36X24,shopify,deny,manual,210.63,,100.3,True,False,lb,0.0,https://cdn.shopify.com/s/files/1/0785/1504/4639/files/intersecting_spaces_noir_no3_black_frame_36x24_9c52b459-f8f6-415b-87d3-a7c0051bf8d9.png?v=1713722172,7.0,"Abstract Art, Wall Art, Ready-To-Hang, Noir Structures, Intersecting Spaces, Frame Size-36x24, Frame Color-Black,Frame Style-Thin Floating Frame, VividWalls, Artwork",https://cdn.shopify.com/s/files/1/0785/1504/4639/files/intersecting_spaces_noir_no3_black_frame_36x24_9c52b459-f8f6-415b-87d3-a7c0051bf8d9.png?v=1713722172,,,,,,,,,,,85.0,63.75,15.3,Stretched,100.3,210.63,110.0,36x24,2025-05-29 00:51:14
noir-structures,,,,,,,,,36x24,,White,,Thin Floating Frame,NOIR-STRUCTURES-WHITE-THIN-FLOATING-FRAME-36X24,shopify,deny,manual,244.55,,116.45,True,False,lb,0.0,https://cdn.shopify.com/s/files/1/0785/1504/4639/files/intersecting_spaces_noir_no3_no_frame_36x24_321b75df-7ea3-44fb-8807-a1877c53205f.png?v=1713722172,8.0,"Abstract Art, Wall Art, Ready-To-Hang, Noir Structures, Intersecting Spaces, Frame Size-36x24, Frame Color-White,Frame Style-Thin Floating Frame, VividWalls, Artwork",https://cdn.shopify.com/s/files/1/0785/1504/4639/files/intersecting_spaces_noir_no3_no_frame_36x24_321b75df-7ea3-44fb-8807-a1877c53205f.png?v=1713722172,,,,,,,,,,,85.0,63.75,31.45,Stretched,116.45,244.55,110.0,36x24,2025-05-29 00:51:14
noir-structures,,,,,,,,,36x24,,,,,NOIR-STRUCTURES-NO-FRAME-36X24,shopify,deny,manual,204.0,,85.0,True,False,lb,0.0,https://cdn.shopify.com/s/files/1/0785/1504/4639/files/intersecting_spaces_noir_no3_white_frame_36x24_17065fe0-29fd-4c5a-b14b-d3ca1be57f81.png?v=1713722172,9.0,"Abstract Art, Wall Art, Ready-To-Hang, Noir Structures, Intersecting Spaces, Frame Size-36x24, Frame Color-NA,Frame Style-Thin Floating Frame, VividWalls, Artwork",https://cdn.shopify.com/s/files/1/0785/1504/4639/files/intersecting_spaces_noir_no3_white_frame_36x24_17065fe0-29fd-4c5a-b14b-d3ca1be57f81.png?v=1713722172,,,,,,,,,,,85.0,63.75,0.0,Stretched,85.0,204.0,140.0,36x24,2025-05-29 00:51:14
teal-earth,Teal Earth,"<div>
    <p>
        <span>Teal Earth</span> from the <span>Intersecting Spaces</span> collection is a captivating embodiment of digital art's transformative power. The artwork is a striking mosaic of geometric precision, where the artist skillfully harnesses the allure of teal and earthen tones to craft a visual narrative that is both grounded and ethereal.
    </p>
    <p>
        Sharp angles and bold lines converge, creating a labyrinth of form that is both chaotic and meticulously ordered. The central dark form appears to pulsate, surrounded by a constellation of shapes that seem to dance in and out of the canvas. Textures reminiscent of woven fabric give life to the two-dimensional surface, suggesting a tactile sensation that beckons to be explored.
    </p>
    <p>
        Through 'Teal Earth,' the artist explores the juxtaposition of color and shape, inviting the viewer to consider the interconnectedness of natural and digital realms. The piece stands as a celebration of geometric diversity, an ode to the synthetic and the organic coalescing in a tapestry of form.
    </p>
    <p style=""text-align: right; margin-top: 20px; font-style: italic;"">
        ""Where digital landscapes meet organic horizons."" - Artist: Kingler Bercy
    </p>
</div>
<div>
    <div style=""display: flex; flex-wrap: wrap; gap: 10px; justify-content: start;"">
        <span style=""display: inline-block; font-size: 16px; border-radius: 20px; background-color: #f1f1f1; padding: 3px 10px;"">Digital Mosaic</span>
        <span style=""display: inline-block; font-size: 16px; border-radius: 20px; background-color: #f1f1f1; padding: 3px 10px;"">Geometric Precision</span>
        <span style=""display: inline-block; font-size: 16px; border-radius: 20px; background-color: #f1f1f1; padding: 3px 10px;"">Teal Tones</span>
        <span style=""display: inline-block; font-size: 16px; border-radius: 20px; background-color: #f1f1f1; padding: 3px 10px;"">Earthen Tones</span>
        <span style=""display: inline-block; font-size: 16px; border-radius: 20px; background-color: #f1f1f1; padding: 3px 10px;"">Texture Contrast</span>
        <span style=""display: inline-block; font-size: 16px; border-radius: 20px; background-color: #f1f1f1; padding: 3px 10px;"">Intersecting Spaces Collection</span>
        <span style=""display: inline-block; font-size: 16px; border-radius: 20px; background-color: #f1f1f1; padding: 3px 10px;"">Organic Digital Art</span>
    </div>
</div>",VividWalls,Home & Garden > Decor > Artwork,Artwork,Intersecting Spaces,False,Frame Size,72x53,Frame Color,Black,Frame Style,Thin Floating Frame,TEAL-EARTH-BLACK-THIN-FLOATING-FRAME-72X53,shopify,deny,manual,579.99,,305.26,True,False,lb,0.0,https://cdn.shopify.com/s/files/1/0785/1504/4639/files/intersecting_spaces_teal_earth_no3_black_frame_72x53_ab818af5-0f69-4958-9ee1-938bf7190ae8.png?v=1713721483,1.0,"Abstract Art, Wall Art, Ready-To-Hang, Teal Earth, Intersecting Spaces, Frame Size-72x53, Frame Color-Black,Frame Style-Thin Floating Frame, VividWalls, Artwork",https://cdn.shopify.com/s/files/1/0785/1504/4639/files/intersecting_spaces_teal_earth_no3_black_frame_72x53_ab818af5-0f69-4958-9ee1-938bf7190ae8.png?v=1713721483,"Abstract Art, Wall Art, Ready-To-Hang, Collection Intersecting Spaces Teal Earth 72x53, Black Frame Artwork",,False,True,,,True,,,draft,289.96,217.47,15.3,Stretched,305.26,579.99,90.0,72x53 (estimated),2025-05-29 00:51:14
teal-earth,,,,,,,,,72x53,,White,,Thin Floating Frame,TEAL-EARTH-WHITE-THIN-FLOATING-FRAME-72X53,shopify,deny,manual,610.68,,321.41,True,False,lb,0.0,https://cdn.shopify.com/s/files/1/0785/1504/4639/files/intersecting_spaces_teal_earth_no3_white_frame_72x53_14903501-b4f5-4fae-b736-10d4b638706e.png?v=1713721483,2.0,"Abstract Art, Wall Art, Ready-To-Hang, Teal Earth, Intersecting Spaces, Frame Size-72x53, Frame Color-White,Frame Style-Thin Floating Frame, VividWalls, Artwork",https://cdn.shopify.com/s/files/1/0785/1504/4639/files/intersecting_spaces_teal_earth_no3_white_frame_72x53_14903501-b4f5-4fae-b736-10d4b638706e.png?v=1713721483,,,,,,,,,,,289.96,217.47,31.45,Stretched,321.41,610.68,90.0,72x53 (estimated),2025-05-29 00:51:14
teal-earth,,,,,,,,,72x53,,,,,TEAL-EARTH-NA-NA-72X53,shopify,deny,manual,550.92,,289.96,True,False,lb,0.0,https://cdn.shopify.com/s/files/1/0785/1504/4639/files/intersecting_spaces_teal_earth_no3_no_frame_72x53_a516efef-59bf-4c57-908a-aea73300db4e.png?v=1713721483,3.0,"Abstract Art, Wall Art, Ready-To-Hang, Teal Earth, Intersecting Spaces, Frame Size-72x53, Frame Color-NA,Frame Style-Thin Floating Frame, VividWalls, Artwork",https://cdn.shopify.com/s/files/1/0785/1504/4639/files/intersecting_spaces_teal_earth_no3_no_frame_72x53_a516efef-59bf-4c57-908a-aea73300db4e.png?v=1713721483,,,,,,,,,,,289.96,217.47,0.0,Stretched,289.96,550.92,90.0,72x53 (estimated),2025-05-29 00:51:14
teal-earth,,,,,,,,,48x36,,Black,,Thin Floating Frame,TEAL-EARTH-BLACK-THIN-FLOATING-FRAME-48X36,shopify,deny,manual,348.07,,165.75,True,False,lb,0.0,https://cdn.shopify.com/s/files/1/0785/1504/4639/files/intersecting_spaces_teal_earth_no3_black_frame_48x36_865451bb-707c-4ee5-a77c-6265853e859e.png?v=1713721483,4.0,"Abstract Art, Wall Art, Ready-To-Hang, Teal Earth, Intersecting Spaces, Frame Size-48x36, Frame Color-Black,Frame Style-Thin Floating Frame, VividWalls, Artwork",https://cdn.shopify.com/s/files/1/0785/1504/4639/files/intersecting_spaces_teal_earth_no3_black_frame_48x36_865451bb-707c-4ee5-a77c-6265853e859e.png?v=1713721483,,,,,,,,,,,150.45,112.84,15.3,Stretched,165.75,348.07,110.0,48x36,2025-05-29 00:51:14
teal-earth,,,,,,,,,48x36,,White,,Thin Floating Frame,TEAL-EARTH-WHITE-THIN-FLOATING-FRAME-48X36,shopify,deny,manual,381.99,,181.9,True,False,lb,0.0,https://cdn.shopify.com/s/files/1/0785/1504/4639/files/intersecting_spaces_teal_earth_no3_white_frame_48x36_456bd5b6-8a5f-4b3d-9116-918822e81289.png?v=1713721483,5.0,"Abstract Art, Wall Art, Ready-To-Hang, Teal Earth, Intersecting Spaces, Frame Size-48x36, Frame Color-White,Frame Style-Thin Floating Frame, VividWalls, Artwork",https://cdn.shopify.com/s/files/1/0785/1504/4639/files/intersecting_spaces_teal_earth_no3_white_frame_48x36_456bd5b6-8a5f-4b3d-9116-918822e81289.png?v=1713721483,,,,,,,,,,,150.45,112.84,31.45,Stretched,181.9,381.99,110.0,48x36,2025-05-29 00:51:14
teal-earth,,,,,,,,,48x36,,,,,TEAL-EARTH-NA-NA-48X36,shopify,deny,manual,315.94,,150.45,True,False,lb,0.0,https://cdn.shopify.com/s/files/1/0785/1504/4639/files/intersecting_spaces_teal_earth_no3_no_frame_48x36_9dfe4e29-ca97-435a-a1be-10ed62d2dedf.png?v=1713721483,6.0,"Abstract Art, Wall Art, Ready-To-Hang, Teal Earth, Intersecting Spaces, Frame Size-48x36, Frame Color-NA,Frame Style-Thin Floating Frame, VividWalls, Artwork",https://cdn.shopify.com/s/files/1/0785/1504/4639/files/intersecting_spaces_teal_earth_no3_no_frame_48x36_9dfe4e29-ca97-435a-a1be-10ed62d2dedf.png?v=1713721483,,,,,,,,,,,150.45,112.84,0.0,Stretched,150.45,315.94,110.0,48x36,2025-05-29 00:51:14
teal-earth,,,,,,,,,38x24,,Black,,Thin Floating Frame,TEAL-EARTH-BLACK-THIN-FLOATING-FRAME-38X24,shopify,deny,manual,218.06,,103.84,True,False,lb,0.0,https://cdn.shopify.com/s/files/1/0785/1504/4639/files/intersecting_spaces_teal_earth_no3_white_frame_36x24_7251a028-7eaa-42df-af89-2c16c14f4af6.png?v=1713721483,7.0,"Abstract Art, Wall Art, Ready-To-Hang, Teal Earth, Intersecting Spaces, Frame Size-38x24, Frame Color-White,Frame Style-Thin Floating Frame, VividWalls, Artwork",https://cdn.shopify.com/s/files/1/0785/1504/4639/files/intersecting_spaces_teal_earth_no3_white_frame_36x24_7251a028-7eaa-42df-af89-2c16c14f4af6.png?v=1713721483,,,,,,,,,,,88.54,66.41,15.3,Stretched,103.84,218.06,110.0,38x24 (estimated),2025-05-29 00:51:14
teal-earth,,,,,,,,,38x24,,White,,Thin Floating Frame,TEAL-EARTH-WHITE-THIN-FLOATING-FRAME-38X24,shopify,deny,manual,251.98,,119.99,True,False,lb,0.0,https://cdn.shopify.com/s/files/1/0785/1504/4639/files/intersecting_spaces_teal_earth_no3_no_frame_36x24_875d94d0-d138-4fd4-a697-3054a4b7b821.png?v=1713721483,8.0,"Abstract Art, Wall Art, Ready-To-Hang, Teal Earth, Intersecting Spaces, Frame Size-38x24, Frame Color-NA,Frame Style-Thin Floating Frame, VividWalls, Artwork",https://cdn.shopify.com/s/files/1/0785/1504/4639/files/intersecting_spaces_teal_earth_no3_white_frame_36x24_7251a028-7eaa-42df-af89-2c16c14f4af6.png?v=1713721483,,,,,,,,,,,88.54,66.41,31.45,Stretched,119.99,251.98,110.0,38x24 (estimated),2025-05-29 00:51:14
teal-earth,,,,,,,,,38x24,,,,,TEAL-EARTH-NA-NA-38X24,shopify,deny,manual,212.5,,88.54,True,False,lb,0.0,,,,https://cdn.shopify.com/s/files/1/0785/1504/4639/files/intersecting_spaces_teal_earth_no3_no_frame_36x24_875d94d0-d138-4fd4-a697-3054a4b7b821.png?v=1713721483,,,,,,,,,,,88.54,66.41,0.0,Stretched,88.54,212.5,140.0,38x24 (estimated),2025-05-29 00:51:14
primary-hue,Primary Hue,"<div>
<p>Primary Hue from the <span>Intersecting Spaces</span> collection is a testament to the power of geometric abstraction in the digital age. It invites viewers to navigate a complex array of symmetrical, interlocking shapes that create a sense of ordered dynamism. Through mirrored elements, the artist constructs a visual commentary on the dual nature of perception and reality.</p>
<p>Textured nuances within the vibrant blocks of color give life to the two-dimensional plane, with a central form in deep black providing a stark contrast to the surrounding hues. The artist weaves primary colors with a sophisticated blend of secondary and tertiary tones, establishing a visual symphony that pulses with energy from its core.</p>
<p>'Primary' resonates with the spirit of digital creation, celebrating the meticulous choreography of shapes and colors that culminate in a provocative and thought-provoking experience. This piece captures the essence of a contemplative journey through the lens of abstract geometry.</p>
<p style=""text-align: right; margin-top: 20px; font-style: italic;"">""Exploring the symmetry of soul through digital geometry."" - Artist: Kingler Bercy</p>
</div>
<div>
<div style=""display: flex; flex-wrap: wrap; gap: 10px; justify-content: start;"">
<span style=""display: inline-block; font-size: 16px; border-radius: 20px; background-color: #f1f1f1; padding: 3px 10px;"">Geometric Abstraction</span> <span style=""display: inline-block; font-size: 16px; border-radius: 20px; background-color: #f1f1f1; padding: 3px 10px;"">Digital Symmetry</span> <span style=""display: inline-block; font-size: 16px; border-radius: 20px; background-color: #f1f1f1; padding: 3px 10px;"">Textured Canvas</span> <span style=""display: inline-block; font-size: 16px; border-radius: 20px; background-color: #f1f1f1; padding: 3px 10px;"">Color Interaction</span> <span style=""display: inline-block; font-size: 16px; border-radius: 20px; background-color: #f1f1f1; padding: 3px 10px;"">Visual Perception</span> <span style=""display: inline-block; font-size: 16px; border-radius: 20px; background-color: #f1f1f1; padding: 3px 10px;"">Intersecting Spaces Collection</span> <span style=""display: inline-block; font-size: 16px; border-radius: 20px; background-color: #f1f1f1; padding: 3px 10px;"">Primary Colors</span>
</div>
</div>",VividWalls,Home & Garden > Decor > Artwork,Artwork,Intersecting Spaces,False,Frame Size,72x53,Frame Color,Black,Frame Style,Thin Floating Frame,PRIMARY-HUE-BLACK-THIN-FLOATING-FRAME-72X53,shopify,deny,manual,579.99,,305.26,True,False,lb,0.0,https://cdn.shopify.com/s/files/1/0785/1504/4639/files/intersecting_spaces_primary_no3_black_frame_72x53_bca3c523-b055-4865-b62a-174acf0b417e.png?v=1713721454,1.0,"Abstract Art, Wall Art, Ready-To-Hang, Primary Hue, Intersecting Spaces, Frame Size-72x53, Frame Color-Black,Frame Style-Thin Floating Frame, VividWalls, Artwork",https://cdn.shopify.com/s/files/1/0785/1504/4639/files/intersecting_spaces_primary_no3_black_frame_72x53_bca3c523-b055-4865-b62a-174acf0b417e.png?v=1713721454,"Abstract Art, Wall Art, Ready-To-Hang, Collection Intersecting Spaces Primary Hue 72x53, Black Frame Artwork",,False,True,,,True,,,draft,289.96,217.47,15.3,Stretched,305.26,579.99,90.0,72x53 (estimated),2025-05-29 00:51:14
primary-hue,,,,,,,,,72x53,,White,,Thin Floating Frame,PRIMARY-HUE-WHITE-THIN-FLOATING-FRAME-72X53,shopify,deny,manual,610.68,,321.41,True,False,lb,0.0,https://cdn.shopify.com/s/files/1/0785/1504/4639/files/intersecting_spaces_primary_no3_white_frame_72x53_792aa253-8717-4f68-ac1a-826c2dcf9d79.png?v=1713721454,2.0,"Abstract Art, Wall Art, Ready-To-Hang, Primary Hue, Intersecting Spaces, Frame Size-72x53, Frame Color-White,Frame Style-Thin Floating Frame, VividWalls, Artwork",https://cdn.shopify.com/s/files/1/0785/1504/4639/files/intersecting_spaces_primary_no3_white_frame_72x53_792aa253-8717-4f68-ac1a-826c2dcf9d79.png?v=1713721454,,,,,,,,,,,289.96,217.47,31.45,Stretched,321.41,610.68,90.0,72x53 (estimated),2025-05-29 00:51:14
primary-hue,,,,,,,,,72x53,,,,,PRIMARY-HUE-NA-NA-72X53,shopify,deny,manual,550.92,,289.96,True,False,lb,0.0,https://cdn.shopify.com/s/files/1/0785/1504/4639/files/intersecting_spaces_primary_no3_no_frame_72x53_1b42fefc-5c68-4fd0-ac48-8a18c84cc22c.png?v=1713721454,3.0,"Abstract Art, Wall Art, Ready-To-Hang, Primary Hue, Intersecting Spaces, Frame Size-72x53, Frame Color-NA,Frame Style-Thin Floating Frame, VividWalls, Artwork",https://cdn.shopify.com/s/files/1/0785/1504/4639/files/intersecting_spaces_primary_no3_no_frame_72x53_1b42fefc-5c68-4fd0-ac48-8a18c84cc22c.png?v=1713721454,,,,,,,,,,,289.96,217.47,0.0,Stretched,289.96,550.92,90.0,72x53 (estimated),2025-05-29 00:51:14
primary-hue,,,,,,,,,48x36,,Black,,Thin Floating Frame,PRIMARY-HUE-BLACK-THIN-FLOATING-FRAME-48X36,shopify,deny,manual,348.07,,165.75,True,False,lb,0.0,https://cdn.shopify.com/s/files/1/0785/1504/4639/files/intersecting_spaces_primary_no3_black_frame_48x36_e5040f88-d898-46b2-9a31-e4397265cf88.png?v=1713721454,4.0,"Abstract Art, Wall Art, Ready-To-Hang, Primary Hue, Intersecting Spaces, Frame Size-48x36, Frame Color-Black,Frame Style-Thin Floating Frame, VividWalls, Artwork",https://cdn.shopify.com/s/files/1/0785/1504/4639/files/intersecting_spaces_primary_no3_black_frame_48x36_e5040f88-d898-46b2-9a31-e4397265cf88.png?v=1713721454,,,,,,,,,,,150.45,112.84,15.3,Stretched,165.75,348.07,110.0,48x36,2025-05-29 00:51:14
primary-hue,,,,,,,,,48x36,,White,,Thin Floating Frame,PRIMARY-HUE-WHITE-THIN-FLOATING-FRAME-48X36,shopify,deny,manual,381.99,,181.9,True,False,lb,0.0,https://cdn.shopify.com/s/files/1/0785/1504/4639/files/intersecting_spaces_primary_no3_white_frame_48x36_661614fa-0188-48dc-8ec7-3127393805d1.png?v=1713721454,5.0,"Abstract Art, Wall Art, Ready-To-Hang, Primary Hue, Intersecting Spaces, Frame Size-48x36, Frame Color-White,Frame Style-Thin Floating Frame, VividWalls, Artwork",https://cdn.shopify.com/s/files/1/0785/1504/4639/files/intersecting_spaces_primary_no3_white_frame_48x36_661614fa-0188-48dc-8ec7-3127393805d1.png?v=1713721454,,,,,,,,,,,150.45,112.84,31.45,Stretched,181.9,381.99,110.0,48x36,2025-05-29 00:51:14
primary-hue,,,,,,,,,48x36,,,,,PRIMARY-HUE-NA-NA-48X36,shopify,deny,manual,315.94,,150.45,True,False,lb,0.0,https://cdn.shopify.com/s/files/1/0785/1504/4639/files/intersecting_spaces_primary_no3_no_frame_48x36_b0e536d8-f449-4d39-9c3c-5f8d8a0fab86.png?v=1713721454,6.0,"Abstract Art, Wall Art, Ready-To-Hang, Primary Hue, Intersecting Spaces, Frame Size-48x36, Frame Color-NA,Frame Style-Thin Floating Frame, VividWalls, Artwork",https://cdn.shopify.com/s/files/1/0785/1504/4639/files/intersecting_spaces_primary_no3_no_frame_48x36_b0e536d8-f449-4d39-9c3c-5f8d8a0fab86.png?v=1713721454,,,,,,,,,,,150.45,112.84,0.0,Stretched,150.45,315.94,110.0,48x36,2025-05-29 00:51:14
primary-hue,,,,,,,,,38x24,,Black,,Thin Floating Frame,PRIMARY-HUE-BLACK-THIN-FLOATING-FRAME-38X24,shopify,deny,manual,218.06,,103.84,True,False,lb,0.0,https://cdn.shopify.com/s/files/1/0785/1504/4639/files/intersecting_spaces_primary_no3_black_frame_36x24_6b423352-8ff6-4f7f-b4dc-ede39db2048f.png?v=1713721454,7.0,"Abstract Art, Wall Art, Ready-To-Hang, Primary Hue, Intersecting Spaces, Frame Size-38x24, Frame Color-Black,Frame Style-Thin Floating Frame, VividWalls, Artwork",https://cdn.shopify.com/s/files/1/0785/1504/4639/files/intersecting_spaces_primary_no3_black_frame_36x24_6b423352-8ff6-4f7f-b4dc-ede39db2048f.png?v=1713721454,,,,,,,,,,,88.54,66.41,15.3,Stretched,103.84,218.06,110.0,38x24 (estimated),2025-05-29 00:51:14
primary-hue,,,,,,,,,38x24,,White,,Thin Floating Frame,PRIMARY-HUE-WHITE-THIN-FLOATING-FRAME-38X24,shopify,deny,manual,251.98,,119.99,True,False,lb,0.0,https://cdn.shopify.com/s/files/1/0785/1504/4639/files/intersecting_spaces_primary_no3_white_frame_36x24_dfdccd70-b3db-42fd-acca-1c632fd78cf8.png?v=1713721454,8.0,"Abstract Art, Wall Art, Ready-To-Hang, Primary Hue, Intersecting Spaces, Frame Size-38x24, Frame Color-White,Frame Style-Thin Floating Frame, VividWalls, Artwork",https://cdn.shopify.com/s/files/1/0785/1504/4639/files/intersecting_spaces_primary_no3_white_frame_36x24_dfdccd70-b3db-42fd-acca-1c632fd78cf8.png?v=1713721454,,,,,,,,,,,88.54,66.41,31.45,Stretched,119.99,251.98,110.0,38x24 (estimated),2025-05-29 00:51:14
primary-hue,,,,,,,,,38x24,,,,,PRIMARY-HUE-NA-NA-38X24,shopify,deny,manual,212.5,,88.54,True,False,lb,0.0,https://cdn.shopify.com/s/files/1/0785/1504/4639/files/intersecting_spaces_primary_no3_no_frame_36x24_80b48f47-e444-44ce-84ff-3f96872449ac.png?v=1713721454,9.0,"Abstract Art, Wall Art, Ready-To-Hang, Primary Hue, Intersecting Spaces, Frame Size-38x24, Frame Color-NA,Frame Style-Thin Floating Frame, VividWalls, Artwork",https://cdn.shopify.com/s/files/1/0785/1504/4639/files/intersecting_spaces_primary_no3_no_frame_36x24_80b48f47-e444-44ce-84ff-3f96872449ac.png?v=1713721454,,,,,,,,,,,88.54,66.41,0.0,Stretched,88.54,212.5,140.0,38x24 (estimated),2025-05-29 00:51:14
textured-noir-no1,Textured Noir no1,"<p><meta charset=""utf-8""><span>The ""Shape Emergence"" collection is a mesmerizing journey into the world of fractals, where mathematics meets art in a kaleidoscope of color and form. Comprising 4-6 pieces, this series explores the intricate patterns and endless repetitions found in fractals, capturing their inherent beauty and complexity. Each piece is a vibrant dance of colors, where hues blend and contrast to create a visual symphony.</span></p>
<p> </p>
<p> </p>",VividWalls,Home & Garden > Decor > Artwork,Artwork,Shape Emergence,False,Frame Size,53x72,Frame Color,Black,Frame Style,Thin Floating Frame,TEXTURED-NOIR-NO1-BLACK-THIN-FLOATING-FRAME-53X72,shopify,deny,manual,579.99,0.0,305.26,True,False,lb,0.0,https://cdn.shopify.com/s/files/1/0785/1504/4639/files/textured_noir-no1_black_frame_53x72_eadebb1d-df0d-48dd-ad27-24ccee44aa2a.png?v=1712929370,1.0,"Abstract Art, Wall Art, Ready-To-Hang, Textured Noir no1, Shape Emergence, Frame Size-53x72, Frame Color-Black,Frame Style-Thin Floating Frame, VividWalls, Artwork",https://cdn.shopify.com/s/files/1/0785/1504/4639/files/textured_noir-no1_black_frame_53x72_eadebb1d-df0d-48dd-ad27-24ccee44aa2a.png?v=1712929370,"Abstract Art, Wall Art, Ready-To-Hang, Collection Shape Emergence Textured Noir no1 53x72, Black Frame Artwork",,False,True,,,True,,,active,289.96,217.47,15.3,Stretched,305.26,579.99,90.0,53x72 (estimated),2025-05-29 00:51:14
textured-noir-no1,,,,,,,,,53x72,,White,,Thin Floating Frame,TEXTURED-NOIR-NO1-WHITE-THIN-FLOATING-FRAME-53X72,shopify,deny,manual,610.68,0.0,321.41,True,False,lb,0.0,https://cdn.shopify.com/s/files/1/0785/1504/4639/files/textured_noir-no1_white_frame_53x72_9a6eca89-a1ac-4d95-8cf1-16e9ee237255.png?v=1712929370,2.0,"Abstract Art, Wall Art, Ready-To-Hang, Textured Noir no1, Shape Emergence, Frame Size-53x72, Frame Color-White,Frame Style-Thin Floating Frame, VividWalls, Artwork",https://cdn.shopify.com/s/files/1/0785/1504/4639/files/textured_noir-no1_white_frame_53x72_9a6eca89-a1ac-4d95-8cf1-16e9ee237255.png?v=1712929370,,,,,,,,,,,289.96,217.47,31.45,Stretched,321.41,610.68,90.0,53x72 (estimated),2025-05-29 00:51:14
textured-noir-no1,,,,,,,,,53x72,,,,,TEXTURED-NOIR-NO1-NA-NA-53X72,shopify,deny,manual,550.92,0.0,289.96,True,False,lb,0.0,https://cdn.shopify.com/s/files/1/0785/1504/4639/files/textured_noir-no1_no_frame_53x72_a96d7168-10bd-4d5a-ac05-a0f4e950913a.png?v=1712929370,3.0,"Abstract Art, Wall Art, Ready-To-Hang, Textured Noir no1, Shape Emergence, Frame Size-53x72, Frame Color-NA,Frame Style-Thin Floating Frame, VividWalls, Artwork",https://cdn.shopify.com/s/files/1/0785/1504/4639/files/textured_noir-no1_no_frame_53x72_a96d7168-10bd-4d5a-ac05-a0f4e950913a.png?v=1712929370,,,,,,,,,,,289.96,217.47,0.0,Stretched,289.96,550.92,90.0,53x72 (estimated),2025-05-29 00:51:14
textured-noir-no1,,,,,,,,,36x48,,Black,,Thin Floating Frame,TEXTURED-NOIR-NO1-BLACK-THIN-FLOATING-FRAME-36X48,shopify,deny,manual,348.07,0.0,165.75,True,False,lb,0.0,https://cdn.shopify.com/s/files/1/0785/1504/4639/files/textured_noir-no1_black_frame_36x48_c968c435-6351-48c0-b87f-52719825c3ad.png?v=1712929370,4.0,"Abstract Art, Wall Art, Ready-To-Hang, Textured Noir no1, Shape Emergence, Frame Size-36x48, Frame Color-Black,Frame Style-Thin Floating Frame, VividWalls, Artwork",https://cdn.shopify.com/s/files/1/0785/1504/4639/files/textured_noir-no1_black_frame_36x48_c968c435-6351-48c0-b87f-52719825c3ad.png?v=1712929370,,,,,,,,,,,150.45,112.84,15.3,Stretched,165.75,348.07,110.0,36x48,2025-05-29 00:51:14
textured-noir-no1,,,,,,,,,36x48,,White,,Thin Floating Frame,TEXTURED-NOIR-NO1-WHITE-THIN-FLOATING-FRAME-36X48,shopify,deny,manual,381.99,0.0,181.9,True,False,lb,0.0,https://cdn.shopify.com/s/files/1/0785/1504/4639/files/textured_noir-no1_white_frame_36x48_b8f36e78-1efb-4b7e-8af5-2b4720ffd9f2.png?v=1712929370,5.0,"Abstract Art, Wall Art, Ready-To-Hang, Textured Noir no1, Shape Emergence, Frame Size-36x48, Frame Color-White,Frame Style-Thin Floating Frame, VividWalls, Artwork",https://cdn.shopify.com/s/files/1/0785/1504/4639/files/textured_noir-no1_white_frame_36x48_b8f36e78-1efb-4b7e-8af5-2b4720ffd9f2.png?v=1712929370,,,,,,,,,,,150.45,112.84,31.45,Stretched,181.9,381.99,110.0,36x48,2025-05-29 00:51:14
textured-noir-no1,,,,,,,,,36x48,,,,,TEXTURED-NOIR-NO1-NA-NA-36X48,shopify,deny,manual,315.94,0.0,150.45,True,False,lb,0.0,https://cdn.shopify.com/s/files/1/0785/1504/4639/files/textured_noir-no1_no_frame_36x48_6d7eb675-fe5f-47cf-b091-a3ec503b5313.png?v=1712929370,6.0,"Abstract Art, Wall Art, Ready-To-Hang, Textured Noir no1, Shape Emergence, Frame Size-36x48, Frame Color-NA,Frame Style-Thin Floating Frame, VividWalls, Artwork",https://cdn.shopify.com/s/files/1/0785/1504/4639/files/textured_noir-no1_no_frame_36x48_6d7eb675-fe5f-47cf-b091-a3ec503b5313.png?v=1712929370,,,,,,,,,,,150.45,112.84,0.0,Stretched,150.45,315.94,110.0,36x48,2025-05-29 00:51:14
textured-noir-no1,,,,,,,,,24x36,,Black,,Thin Floating Frame,TEXTURED-NOIR-NO1-BLACK-THIN-FLOATING-FRAME-24X36,shopify,deny,manual,210.63,0.0,100.3,True,False,lb,0.0,https://cdn.shopify.com/s/files/1/0785/1504/4639/files/textured_noir-no1_black_frame_24x36_1555192b-ee79-40e9-a705-fbffee8afcde.png?v=1712929370,7.0,"Abstract Art, Wall Art, Ready-To-Hang, Textured Noir no1, Shape Emergence, Frame Size-24x36, Frame Color-Black,Frame Style-Thin Floating Frame, VividWalls, Artwork",https://cdn.shopify.com/s/files/1/0785/1504/4639/files/textured_noir-no1_black_frame_24x36_1555192b-ee79-40e9-a705-fbffee8afcde.png?v=1712929370,,,,,,,,,,,85.0,63.75,15.3,Stretched,100.3,210.63,110.0,24x36,2025-05-29 00:51:14
textured-noir-no1,,,,,,,,,24x36,,White,,Thin Floating Frame,TEXTURED-NOIR-NO1-WHITE-THIN-FLOATING-FRAME-24X36,shopify,deny,manual,244.55,0.0,116.45,True,False,lb,0.0,https://cdn.shopify.com/s/files/1/0785/1504/4639/files/textured_noir-no1_white_frame_24x36_829a59c7-d926-433d-8414-e779c7f1b9e1.png?v=1712929370,8.0,"Abstract Art, Wall Art, Ready-To-Hang, Textured Noir no1, Shape Emergence, Frame Size-24x36, Frame Color-White,Frame Style-Thin Floating Frame, VividWalls, Artwork",https://cdn.shopify.com/s/files/1/0785/1504/4639/files/textured_noir-no1_white_frame_24x36_829a59c7-d926-433d-8414-e779c7f1b9e1.png?v=1712929370,,,,,,,,,,,85.0,63.75,31.45,Stretched,116.45,244.55,110.0,24x36,2025-05-29 00:51:14
textured-noir-no1,,,,,,,,,24x36,,,,,TEXTURED-NOIR-NO1-NA-NA-24X36,shopify,deny,manual,204.0,0.0,85.0,True,False,lb,0.0,https://cdn.shopify.com/s/files/1/0785/1504/4639/files/textured_noir-no1_no_frame_24x36_3cd8bdd4-6fef-4c08-a11b-67572f90228f.png?v=1712929370,9.0,"Abstract Art, Wall Art, Ready-To-Hang, Textured Noir no1, Shape Emergence, Frame Size-24x36, Frame Color-NA,Frame Style-Thin Floating Frame, VividWalls, Artwork",https://cdn.shopify.com/s/files/1/0785/1504/4639/files/textured_noir-no1_no_frame_24x36_3cd8bdd4-6fef-4c08-a11b-67572f90228f.png?v=1712929370,,,,,,,,,,,85.0,63.75,0.0,Stretched,85.0,204.0,140.0,24x36,2025-05-29 00:51:14
textured-royal-no1,Textured Royal no1,"<p><meta charset=""utf-8""><span>The ""Shape Emergence"" collection is a mesmerizing journey into the world of fractals, where mathematics meets art in a kaleidoscope of color and form. Comprising 4-6 pieces, this series explores the intricate patterns and endless repetitions found in fractals, capturing their inherent beauty and complexity. Each piece is a vibrant dance of colors, where hues blend and contrast to create a visual symphony.</span></p>
<p> </p>
<p> </p>",VividWalls,Home & Garden > Decor > Artwork,Artwork,Shape Emergence,False,Frame Size,53x72,Frame Color,Black,Frame Style,Thin Floating Frame,TEXTURED-ROYAL-NO1-BLACK-THIN-FLOATING-FRAME-53X72,shopify,deny,manual,579.99,0.0,305.26,True,False,lb,0.0,https://cdn.shopify.com/s/files/1/0785/1504/4639/files/textured_rolyal_no1_black_frame_53x72_66acc781-0a42-4709-a0d8-6e8b30d07a01.png?v=1712929355,1.0,"Abstract Art, Wall Art, Ready-To-Hang, Textured Royal no1, Shape Emergence, Frame Size-53x72, Frame Color-Black,Frame Style-Thin Floating Frame, VividWalls, Artwork",https://cdn.shopify.com/s/files/1/0785/1504/4639/files/textured_rolyal_no1_black_frame_53x72_66acc781-0a42-4709-a0d8-6e8b30d07a01.png?v=1712929355,"Abstract Art, Wall Art, Ready-To-Hang, Collection Shape Emergence Textured Royal no1 53x72, Black Frame Artwork",,False,True,,,True,,,active,289.96,217.47,15.3,Stretched,305.26,579.99,90.0,53x72 (estimated),2025-05-29 00:51:14
textured-royal-no1,,,,,,,,,53x72,,White,,Thin Floating Frame,TEXTURED-ROYAL-NO1-WHITE-THIN-FLOATING-FRAME-53X72,shopify,deny,manual,610.68,0.0,321.41,True,False,lb,0.0,https://cdn.shopify.com/s/files/1/0785/1504/4639/files/textured_rolyal_no1_white_frame_53x72_07953433-ad68-442c-b71a-e83f728edd0d.png?v=1712929355,2.0,"Abstract Art, Wall Art, Ready-To-Hang, Textured Royal no1, Shape Emergence, Frame Size-53x72, Frame Color-White,Frame Style-Thin Floating Frame, VividWalls, Artwork",https://cdn.shopify.com/s/files/1/0785/1504/4639/files/textured_rolyal_no1_white_frame_53x72_07953433-ad68-442c-b71a-e83f728edd0d.png?v=1712929355,,,,,,,,,,,289.96,217.47,31.45,Stretched,321.41,610.68,90.0,53x72 (estimated),2025-05-29 00:51:14
textured-royal-no1,,,,,,,,,53x72,,,,,TEXTURED-ROYAL-NO1-NA-NA-53X72,shopify,deny,manual,550.92,0.0,289.96,True,False,lb,0.0,https://cdn.shopify.com/s/files/1/0785/1504/4639/files/textured_rolyal_no1_no_frame_53x72-1_141c7187-03a8-4c20-9d31-646b3488e71d.png?v=1712929355,3.0,"Abstract Art, Wall Art, Ready-To-Hang, Textured Royal no1, Shape Emergence, Frame Size-53x72, Frame Color-NA,Frame Style-Thin Floating Frame, VividWalls, Artwork",https://cdn.shopify.com/s/files/1/0785/1504/4639/files/textured_rolyal_no1_no_frame_53x72-1_141c7187-03a8-4c20-9d31-646b3488e71d.png?v=1712929355,,,,,,,,,,,289.96,217.47,0.0,Stretched,289.96,550.92,90.0,53x72 (estimated),2025-05-29 00:51:14
textured-royal-no1,,,,,,,,,36x48,,Black,,Thin Floating Frame,TEXTURED-ROYAL-NO1-BLACK-THIN-FLOATING-FRAME-36X48,shopify,deny,manual,348.07,0.0,165.75,True,False,lb,0.0,https://cdn.shopify.com/s/files/1/0785/1504/4639/files/textured_rolyal_no1_black_frame_36x48_6a0cfba2-7bc2-46f6-b56a-e3e659b4b0a7.png?v=1712929355,4.0,"Abstract Art, Wall Art, Ready-To-Hang, Textured Royal no1, Shape Emergence, Frame Size-36x48, Frame Color-Black,Frame Style-Thin Floating Frame, VividWalls, Artwork",https://cdn.shopify.com/s/files/1/0785/1504/4639/files/textured_rolyal_no1_black_frame_36x48_6a0cfba2-7bc2-46f6-b56a-e3e659b4b0a7.png?v=1712929355,,,,,,,,,,,150.45,112.84,15.3,Stretched,165.75,348.07,110.0,36x48,2025-05-29 00:51:14
textured-royal-no1,,,,,,,,,36x48,,White,,Thin Floating Frame,TEXTURED-ROYAL-NO1-WHITE-THIN-FLOATING-FRAME-36X48,shopify,deny,manual,381.99,0.0,181.9,True,False,lb,0.0,https://cdn.shopify.com/s/files/1/0785/1504/4639/files/textured_rolyal_no1_white_frame_36x48_9a644532-0aa8-4a37-a2bb-1684160faad0.png?v=1712929355,5.0,"Abstract Art, Wall Art, Ready-To-Hang, Textured Royal no1, Shape Emergence, Frame Size-36x48, Frame Color-White,Frame Style-Thin Floating Frame, VividWalls, Artwork",https://cdn.shopify.com/s/files/1/0785/1504/4639/files/textured_rolyal_no1_white_frame_36x48_9a644532-0aa8-4a37-a2bb-1684160faad0.png?v=1712929355,,,,,,,,,,,150.45,112.84,31.45,Stretched,181.9,381.99,110.0,36x48,2025-05-29 00:51:14
textured-royal-no1,,,,,,,,,36x48,,,,,TEXTURED-ROYAL-NO1-NA-NA-36X48,shopify,deny,manual,315.94,0.0,150.45,True,False,lb,0.0,https://cdn.shopify.com/s/files/1/0785/1504/4639/files/textured_rolyal_no1_no_frame_36x48_70444853-ec2e-4d5f-87a9-eabe74ef74a2.png?v=1712929355,6.0,"Abstract Art, Wall Art, Ready-To-Hang, Textured Royal no1, Shape Emergence, Frame Size-36x48, Frame Color-NA,Frame Style-Thin Floating Frame, VividWalls, Artwork",https://cdn.shopify.com/s/files/1/0785/1504/4639/files/textured_rolyal_no1_no_frame_36x48_70444853-ec2e-4d5f-87a9-eabe74ef74a2.png?v=1712929355,,,,,,,,,,,150.45,112.84,0.0,Stretched,150.45,315.94,110.0,36x48,2025-05-29 00:51:14
textured-royal-no1,,,,,,,,,24x36,,Black,,Thin Floating Frame,TEXTURED-ROYAL-NO1-BLACK-THIN-FLOATING-FRAME-24X36,shopify,deny,manual,210.63,0.0,100.3,True,False,lb,0.0,https://cdn.shopify.com/s/files/1/0785/1504/4639/files/textured_rolyal_no1_black_frame_24x38_755f27a9-6af9-48e8-bbe0-b70986898120.png?v=1712929355,7.0,"Abstract Art, Wall Art, Ready-To-Hang, Textured Royal no1, Shape Emergence, Frame Size-24x36, Frame Color-Black,Frame Style-Thin Floating Frame, VividWalls, Artwork",https://cdn.shopify.com/s/files/1/0785/1504/4639/files/textured_rolyal_no1_black_frame_24x38_755f27a9-6af9-48e8-bbe0-b70986898120.png?v=1712929355,,,,,,,,,,,85.0,63.75,15.3,Stretched,100.3,210.63,110.0,24x36,2025-05-29 00:51:14
textured-royal-no1,,,,,,,,,24x36,,White,,Thin Floating Frame,TEXTURED-ROYAL-NO1-WHITE-THIN-FLOATING-FRAME-24X36,shopify,deny,manual,244.55,0.0,116.45,True,False,lb,0.0,https://cdn.shopify.com/s/files/1/0785/1504/4639/files/textured_rolyal_no1_white_frame_24x38_9e090986-31ae-48ed-9994-bb77e82aefb1.png?v=1712929355,8.0,"Abstract Art, Wall Art, Ready-To-Hang, Textured Royal no1, Shape Emergence, Frame Size-24x36, Frame Color-White,Frame Style-Thin Floating Frame, VividWalls, Artwork",https://cdn.shopify.com/s/files/1/0785/1504/4639/files/textured_rolyal_no1_white_frame_24x38_9e090986-31ae-48ed-9994-bb77e82aefb1.png?v=1712929355,,,,,,,,,,,85.0,63.75,31.45,Stretched,116.45,244.55,110.0,24x36,2025-05-29 00:51:14
textured-royal-no1,,,,,,,,,24x36,,,,,TEXTURED-ROYAL-NO1-NA-NA-24X36,shopify,deny,manual,204.0,0.0,85.0,True,False,lb,0.0,https://cdn.shopify.com/s/files/1/0785/1504/4639/files/textured_rolyal_no1_no_frame_24x38_fe2bc32a-5795-4282-afcf-160369671f43.png?v=1712929355,9.0,"Abstract Art, Wall Art, Ready-To-Hang, Textured Royal no1, Shape Emergence, Frame Size-24x36, Frame Color-NA,Frame Style-Thin Floating Frame, VividWalls, Artwork",https://cdn.shopify.com/s/files/1/0785/1504/4639/files/textured_rolyal_no1_no_frame_24x38_fe2bc32a-5795-4282-afcf-160369671f43.png?v=1712929355,,,,,,,,,,,85.0,63.75,0.0,Stretched,85.0,204.0,140.0,24x36,2025-05-29 00:51:14
noir-shade,Noir Shade,"<div>
    <p>
        <span>Noir Shade</span> by <span>Kingler Bercy</span> from the <span>Shape Emergence</span> collection. The artwork is a visually stimulating composition that belongs to the ""Shape Emergence"" collection by Kingler Bercy. The medium is ink pigment printed on canvas, a method known for its durability and vibrant color output, ensuring that the intricate details and color transitions are beautifully rendered and preserved.

The piece is predominantly characterized by its bold geometric shapes and stark contrasts. At first glance, it evokes the aesthetics of architectural design, with its structured lines and forms suggesting the meticulous blueprints of urban planning. The interplay of black and white forms creates a striking monochromatic palette, which is simultaneously timeless and modern. 

Shades of gray gradient serve as a bridge between the extremes of black and white, softening the transitions and adding depth to the image. This grayscale spectrum hints at the complexities within simplicity, inviting contemplation on the nuances that exist even within a seemingly binary system.

This interwoven layout of geometric patterns and shading techniques generates an optical illusion of three-dimensionality. The artwork almost appears to leap off the canvas, engaging the viewer's perception and challenging their spatial awareness. It is a testament to the artist's skill in manipulating shapes and shadows to produce a sense of movement and depth.

The use of light and shadow is particularly noteworthy; it suggests volume and weight, imbuing the flat canvas with a tangible presence. Each geometric figure within the piece seems to hold its own weight and significance, carefully balanced within the overall composition to create a harmonious yet dynamic arrangement.

Furthermore, the precision of lines and angles speaks to a meticulous and deliberate process of creation. There is an underlying rhythm to the composition, a sense of calculated repetition and variation that resonates with the viewer. This rhythm, combined with the stark coloration, could be interpreted as a visual representation of the mathematical beauty found in nature and the built environment.

The piece is not only an exploration of form and color but also an invitation to explore the spatial interrelations that it portrays. It is an evocative work that stands as a testament to the aesthetic possibilities of geometric abstraction and the emotive power of monochromatic imagery.
    </p>
</div>
<div>
    <div style=""display: flex; flex-wrap: wrap; gap: 10px; justify-content: start;"">
        <span style=""display: inline-block; font-size: 16px; border-radius: 20px; background-color: #f1f1f1; padding: 3px 10px;"">Monochrome Art</span>
        <span style=""display: inline-block; font-size: 16px; border-radius: 20px; background-color: #f1f1f1; padding: 3px 10px;"">Ink Pigment on Canvas</span>
        <span style=""display: inline-block; font-size: 16px; border-radius: 20px; background-color: #f1f1f1; padding: 3px 10px;"">Kingler Bercy</span>
        <span style=""display: inline-block; font-size: 16px; border-radius: 20px; background-color: #f1f1f1; padding: 3px 10px;"">Shape Emergence Collection</span>
        <span style=""display: inline-block; font-size: 16px; border-radius: 20px; background-color: #f1f1f1; padding: 3px 10px;"">Abstract Geometry</span>
        <span style=""display: inline-block; font-size: 16px; border-radius: 20px; background-color: #f1f1f1; padding: 3px 10px;"">Geometric Art</span>
        <span style=""display: inline-block; font-size: 16px; border-radius: 20px; background-color: #f1f1f1; padding: 3px 10px;"">Visual Depth</span>
    </div>
</div>
",VividWalls,Home & Garden > Decor > Artwork,Artwork,Shape Emergence,True,Frame Size,53x72,Frame Color,Black,Frame Style,Thin Floating Frame,NOIR-SHADE-BLACK-THIN-FLOATING-FRAME-53X72,shopify,deny,manual,579.99,0.0,305.26,True,False,lb,0.0,https://cdn.shopify.com/s/files/1/0785/1504/4639/files/textured_noir-no1_black_frame_53x72_54f634b2-de4a-4218-bb29-4d88c76c0dc3.png?v=1713722228,1.0,"Abstract Art, Wall Art, Ready-To-Hang, Noir Shade, Shape Emergence, Frame Size-53x72, Frame Color-Black,Frame Style-Thin Floating Frame, VividWalls, Artwork",https://cdn.shopify.com/s/files/1/0785/1504/4639/files/textured_noir-no1_black_frame_53x72_54f634b2-de4a-4218-bb29-4d88c76c0dc3.png?v=1713722228,"Abstract Art, Wall Art, Ready-To-Hang, Collection Shape Emergence Noir Shade 53x72, Black Frame Artwork",,False,True,,,True,,,active,289.96,217.47,15.3,Stretched,305.26,579.99,90.0,53x72 (estimated),2025-05-29 00:51:14
noir-shade,,,,,,,,,53x72,,White,,Thin Floating Frame,NOIR-SHADE-WHITE-THIN-FLOATING-FRAME-53X72,shopify,deny,manual,610.68,0.0,321.41,True,False,lb,0.0,https://cdn.shopify.com/s/files/1/0785/1504/4639/files/textured_noir-no1_white_frame_53x72_1c258558-4c4a-4d71-b397-1862345caaa9.png?v=1713722228,2.0,"Abstract Art, Wall Art, Ready-To-Hang, Noir Shade, Shape Emergence, Frame Size-53x72, Frame Color-White,Frame Style-Thin Floating Frame, VividWalls, Artwork",https://cdn.shopify.com/s/files/1/0785/1504/4639/files/textured_noir-no1_white_frame_53x72_1c258558-4c4a-4d71-b397-1862345caaa9.png?v=1713722228,,,,,,,,,,,289.96,217.47,31.45,Stretched,321.41,610.68,90.0,53x72 (estimated),2025-05-29 00:51:14
noir-shade,,,,,,,,,53x72,,,,,NOIR-SHADE-NA-NA-53X72,shopify,deny,manual,550.92,0.0,289.96,True,False,lb,0.0,https://cdn.shopify.com/s/files/1/0785/1504/4639/files/textured_noir-no1_no_frame_53x72_4eaf8348-a4ed-43d3-ac2b-42e66fd719a7.png?v=1713722228,3.0,"Abstract Art, Wall Art, Ready-To-Hang, Noir Shade, Shape Emergence, Frame Size-53x72, Frame Color-NA,Frame Style-Thin Floating Frame, VividWalls, Artwork",https://cdn.shopify.com/s/files/1/0785/1504/4639/files/textured_noir-no1_no_frame_53x72_4eaf8348-a4ed-43d3-ac2b-42e66fd719a7.png?v=1713722228,,,,,,,,,,,289.96,217.47,0.0,Stretched,289.96,550.92,90.0,53x72 (estimated),2025-05-29 00:51:14
noir-shade,,,,,,,,,36x48,,Black,,Thin Floating Frame,NOIR-SHADE-BLACK-THIN-FLOATING-FRAME-36X48,shopify,deny,manual,348.07,0.0,165.75,True,False,lb,0.0,https://cdn.shopify.com/s/files/1/0785/1504/4639/files/textured_noir-no1_black_frame_36x48_1c29229b-12a7-415d-9750-6c8779ab06de.png?v=1713722228,4.0,"Abstract Art, Wall Art, Ready-To-Hang, Noir Shade, Shape Emergence, Frame Size-36x48, Frame Color-Black,Frame Style-Thin Floating Frame, VividWalls, Artwork",https://cdn.shopify.com/s/files/1/0785/1504/4639/files/textured_noir-no1_black_frame_36x48_1c29229b-12a7-415d-9750-6c8779ab06de.png?v=1713722228,,,,,,,,,,,150.45,112.84,15.3,Stretched,165.75,348.07,110.0,36x48,2025-05-29 00:51:14
noir-shade,,,,,,,,,36x48,,White,,Thin Floating Frame,NOIR-SHADE-WHITE-THIN-FLOATING-FRAME-36X48,shopify,deny,manual,381.99,0.0,181.9,True,False,lb,0.0,https://cdn.shopify.com/s/files/1/0785/1504/4639/files/textured_noir-no1_white_frame_36x48_b4f3bbcd-1de2-4b6a-80de-8d0e9d8a72ae.png?v=1713722228,5.0,"Abstract Art, Wall Art, Ready-To-Hang, Noir Shade, Shape Emergence, Frame Size-36x48, Frame Color-White,Frame Style-Thin Floating Frame, VividWalls, Artwork",https://cdn.shopify.com/s/files/1/0785/1504/4639/files/textured_noir-no1_white_frame_36x48_b4f3bbcd-1de2-4b6a-80de-8d0e9d8a72ae.png?v=1713722228,,,,,,,,,,,150.45,112.84,31.45,Stretched,181.9,381.99,110.0,36x48,2025-05-29 00:51:14
noir-shade,,,,,,,,,36x48,,,,,NOIR-SHADE-NA-NA-36X48,shopify,deny,manual,315.94,0.0,150.45,True,False,lb,0.0,https://cdn.shopify.com/s/files/1/0785/1504/4639/files/textured_noir-no1_no_frame_36x48_a0070d6c-a40a-4633-ac10-fa97993a0bf0.png?v=1713722228,6.0,"Abstract Art, Wall Art, Ready-To-Hang, Noir Shade, Shape Emergence, Frame Size-36x48, Frame Color-NA,Frame Style-Thin Floating Frame, VividWalls, Artwork",https://cdn.shopify.com/s/files/1/0785/1504/4639/files/textured_noir-no1_no_frame_36x48_a0070d6c-a40a-4633-ac10-fa97993a0bf0.png?v=1713722228,,,,,,,,,,,150.45,112.84,0.0,Stretched,150.45,315.94,110.0,36x48,2025-05-29 00:51:14
noir-shade,,,,,,,,,24x36,,Black,,Thin Floating Frame,NOIR-SHADE-BLACK-THIN-FLOATING-FRAME-24X36,shopify,deny,manual,210.63,0.0,100.3,True,False,lb,0.0,https://cdn.shopify.com/s/files/1/0785/1504/4639/files/textured_noir-no1_black_frame_24x36_b09ceccf-7fb4-4961-90f0-a9e566e8fefb.png?v=1713722228,7.0,"Abstract Art, Wall Art, Ready-To-Hang, Noir Shade, Shape Emergence, Frame Size-24x36, Frame Color-Black,Frame Style-Thin Floating Frame, VividWalls, Artwork",https://cdn.shopify.com/s/files/1/0785/1504/4639/files/textured_noir-no1_black_frame_24x36_b09ceccf-7fb4-4961-90f0-a9e566e8fefb.png?v=1713722228,,,,,,,,,,,85.0,63.75,15.3,Stretched,100.3,210.63,110.0,24x36,2025-05-29 00:51:14
noir-shade,,,,,,,,,24x36,,White,,Thin Floating Frame,NOIR-SHADE-WHITE-THIN-FLOATING-FRAME-24X36,shopify,deny,manual,244.55,0.0,116.45,True,False,lb,0.0,https://cdn.shopify.com/s/files/1/0785/1504/4639/files/textured_noir-no1_white_frame_24x36_626834d6-7085-4c54-b8fe-33079e73d48d.png?v=1713722228,8.0,"Abstract Art, Wall Art, Ready-To-Hang, Noir Shade, Shape Emergence, Frame Size-24x36, Frame Color-White,Frame Style-Thin Floating Frame, VividWalls, Artwork",https://cdn.shopify.com/s/files/1/0785/1504/4639/files/textured_noir-no1_white_frame_24x36_626834d6-7085-4c54-b8fe-33079e73d48d.png?v=1713722228,,,,,,,,,,,85.0,63.75,31.45,Stretched,116.45,244.55,110.0,24x36,2025-05-29 00:51:14
noir-shade,,,,,,,,,24x36,,,,,NOIR-SHADE-NA-NA-24X36,shopify,deny,manual,204.0,0.0,85.0,True,False,lb,0.0,https://cdn.shopify.com/s/files/1/0785/1504/4639/files/textured_noir-no1_no_frame_24x36_cd1632fd-265c-44f4-9f69-10acb9f91b66.png?v=1713722228,9.0,"Abstract Art, Wall Art, Ready-To-Hang, Noir Shade, Shape Emergence, Frame Size-24x36, Frame Color-NA,Frame Style-Thin Floating Frame, VividWalls, Artwork",https://cdn.shopify.com/s/files/1/0785/1504/4639/files/textured_noir-no1_no_frame_24x36_cd1632fd-265c-44f4-9f69-10acb9f91b66.png?v=1713722228,,,,,,,,,,,85.0,63.75,0.0,Stretched,85.0,204.0,140.0,24x36,2025-05-29 00:51:14
royal-shade,Royal Shade,"<div>
    <p>
        <span>Royal Shade</span> from the <span>Shape Emergence</span> collection by Kingler Bercy presents a complex interplay of geometry and texture. The artwork is a vibrant tapestry of digital precision, where saturated blues dominate the palette, contrasted with hints of crimson and calming cyan. The composition is meticulously constructed with a variety of shapes that command attention; sharp angles intersect with soft curves, creating a rhythmic balance that is both dynamic and harmonious.
    </p>
    <p>
        The texture within each shape is reminiscent of a rough canvas, adding depth and a tactile dimension that encourages closer inspection. This texture, coupled with the stark color blocks, crafts an illusion of light and shadow, endowing the piece with a three-dimensional quality. The lone, bold triangle of crimson acts as a visual anchor, drawing the eye and providing a focal point amidst the coolness of the blues.
    </p>
    <p>
        'Royal Shade' is a digital symphony of form and color, showcasing Kingler Bercy's ability to harmonize contrasting elements into a cohesive whole. It is a testament to the power of abstract digital art to evoke emotion and engage the viewer in a visual dance of shape and hue.
    </p>
</div>
<div>
    <div style=""display: flex; flex-wrap: wrap; gap: 10px; justify-content: start;"">
        <span style=""display: inline-block; font-size: 16px; border-radius: 20px; background-color: #f1f1f1; padding: 3px 10px;"">Digital Art</span>
        <span style=""display: inline-block; font-size: 16px; border-radius: 20px; background-color: #f1f1f1; padding: 3px 10px;"">Abstract Geometry</span>
        <span style=""display: inline-block; font-size: 16px; border-radius: 20px; background-color: #f1f1f1; padding: 3px 10px;"">Blue Palette</span>
        <span style=""display: inline-block; font-size: 16px; border-radius: 20px; background-color: #f1f1f1; padding: 3px 10px;"">Texture Contrast</span>
        <span style=""display: inline-block; font-size: 16px; border-radius: 20px; background-color: #f1f1f1; padding: 3px 10px;"">Crimson Accent</span>
        <span style=""display: inline-block; font-size: 16px; border-radius: 20px; background-color: #f1f1f1; padding: 3px 10px;"">Three-dimensional Effect</span>
        <span style=""display: inline-block; font-size: 16px; border-radius: 20px; background-color: #f1f1f1; padding: 3px 10px;"">Shape Emergence Collection</span>
        <span style=""display: inline-block; font-size: 16px; border-radius: 20px; background-color: #f1f1f1; padding: 3px 10px;"">Kingler Bercy</span>
    </div>
</div>
",VividWalls,Home & Garden > Decor > Artwork,Artwork,Shape Emergence,True,Frame Size,53x72,Frame Color,Black,Frame Style,Thin Floating Frame,ROYAL-SHADE-BLACK-THIN-FLOATING-FRAME-53X72,shopify,deny,manual,579.99,0.0,305.26,True,False,lb,0.0,https://cdn.shopify.com/s/files/1/0785/1504/4639/files/textured_rolyal_no1_black_frame_53x72_b83ec3af-8ed8-47a2-a968-761885f15c4f.png?v=1713722201,1.0,"Abstract Art, Wall Art, Ready-To-Hang, Royal Shade, Shape Emergence, Frame Size-53x72, Frame Color-Black,Frame Style-Thin Floating Frame, VividWalls, Artwork",https://cdn.shopify.com/s/files/1/0785/1504/4639/files/textured_rolyal_no1_black_frame_53x72_b83ec3af-8ed8-47a2-a968-761885f15c4f.png?v=1713722201,"Abstract Art, Wall Art, Ready-To-Hang, Collection Shape Emergence Royal Shade 53x72, Black Frame Artwork",,False,True,,,True,,,active,289.96,217.47,15.3,Stretched,305.26,579.99,90.0,53x72 (estimated),2025-05-29 00:51:14
royal-shade,,,,,,,,,53x72,,White,,Thin Floating Frame,ROYAL-SHADE-WHITE-THIN-FLOATING-FRAME-53X72,shopify,deny,manual,610.68,0.0,321.41,True,False,lb,0.0,https://cdn.shopify.com/s/files/1/0785/1504/4639/files/textured_rolyal_no1_white_frame_53x72_63b00297-7fba-4651-b42e-0baae8a03afd.png?v=1713722201,2.0,"Abstract Art, Wall Art, Ready-To-Hang, Royal Shade, Shape Emergence, Frame Size-53x72, Frame Color-White,Frame Style-Thin Floating Frame, VividWalls, Artwork",https://cdn.shopify.com/s/files/1/0785/1504/4639/files/textured_rolyal_no1_white_frame_53x72_63b00297-7fba-4651-b42e-0baae8a03afd.png?v=1713722201,,,,,,,,,,,289.96,217.47,31.45,Stretched,321.41,610.68,90.0,53x72 (estimated),2025-05-29 00:51:14
royal-shade,,,,,,,,,53x72,,,,,ROYAL-SHADE-NA-NA-53X72,shopify,deny,manual,550.92,0.0,289.96,True,False,lb,0.0,https://cdn.shopify.com/s/files/1/0785/1504/4639/files/textured_rolyal_no1_no_frame_53x72_3ce09f9f-1e04-4711-a506-0c496aba34d1.png?v=1713722201,3.0,"Abstract Art, Wall Art, Ready-To-Hang, Royal Shade, Shape Emergence, Frame Size-53x72, Frame Color-NA,Frame Style-Thin Floating Frame, VividWalls, Artwork",https://cdn.shopify.com/s/files/1/0785/1504/4639/files/textured_rolyal_no1_no_frame_53x72_3ce09f9f-1e04-4711-a506-0c496aba34d1.png?v=1713722201,,,,,,,,,,,289.96,217.47,0.0,Stretched,289.96,550.92,90.0,53x72 (estimated),2025-05-29 00:51:14
royal-shade,,,,,,,,,36x48,,Black,,Thin Floating Frame,ROYAL-SHADE-BLACK-THIN-FLOATING-FRAME-36X48,shopify,deny,manual,348.07,0.0,165.75,True,False,lb,0.0,https://cdn.shopify.com/s/files/1/0785/1504/4639/files/textured_rolyal_no1_black_frame_36x48_4662ef08-0256-4744-8b09-ed9743dc7d29.png?v=1713722201,4.0,"Abstract Art, Wall Art, Ready-To-Hang, Royal Shade, Shape Emergence, Frame Size-36x48, Frame Color-Black,Frame Style-Thin Floating Frame, VividWalls, Artwork",https://cdn.shopify.com/s/files/1/0785/1504/4639/files/textured_rolyal_no1_black_frame_36x48_4662ef08-0256-4744-8b09-ed9743dc7d29.png?v=1713722201,,,,,,,,,,,150.45,112.84,15.3,Stretched,165.75,348.07,110.0,36x48,2025-05-29 00:51:14
royal-shade,,,,,,,,,36x48,,White,,Thin Floating Frame,ROYAL-SHADE-WHITE-THIN-FLOATING-FRAME-36X48,shopify,deny,manual,381.99,0.0,181.9,True,False,lb,0.0,https://cdn.shopify.com/s/files/1/0785/1504/4639/files/textured_rolyal_no1_white_frame_36x48_bce7e345-efe8-4f60-b2f1-69fcd0251d14.png?v=1713722201,5.0,"Abstract Art, Wall Art, Ready-To-Hang, Royal Shade, Shape Emergence, Frame Size-36x48, Frame Color-White,Frame Style-Thin Floating Frame, VividWalls, Artwork",https://cdn.shopify.com/s/files/1/0785/1504/4639/files/textured_rolyal_no1_white_frame_36x48_bce7e345-efe8-4f60-b2f1-69fcd0251d14.png?v=1713722201,,,,,,,,,,,150.45,112.84,31.45,Stretched,181.9,381.99,110.0,36x48,2025-05-29 00:51:14
royal-shade,,,,,,,,,36x48,,,,,ROYAL-SHADE-NA-NA-36X48,shopify,deny,manual,315.94,0.0,150.45,True,False,lb,0.0,https://cdn.shopify.com/s/files/1/0785/1504/4639/files/textured_rolyal_no1_no_frame_36x48_132c1c1e-c2f7-4cfd-b894-68773d7aa974.png?v=1713722201,6.0,"Abstract Art, Wall Art, Ready-To-Hang, Royal Shade, Shape Emergence, Frame Size-36x48, Frame Color-NA,Frame Style-Thin Floating Frame, VividWalls, Artwork",https://cdn.shopify.com/s/files/1/0785/1504/4639/files/textured_rolyal_no1_no_frame_36x48_132c1c1e-c2f7-4cfd-b894-68773d7aa974.png?v=1713722201,,,,,,,,,,,150.45,112.84,0.0,Stretched,150.45,315.94,110.0,36x48,2025-05-29 00:51:14
royal-shade,,,,,,,,,24x36,,Black,,Thin Floating Frame,ROYAL-SHADE-BLACK-THIN-FLOATING-FRAME-24X36,shopify,deny,manual,210.63,0.0,100.3,True,False,lb,0.0,https://cdn.shopify.com/s/files/1/0785/1504/4639/files/textured_rolyal_no1_black_frame_24x38_c93f21b1-b5b5-479c-b440-d36800992d46.png?v=1713722201,7.0,"Abstract Art, Wall Art, Ready-To-Hang, Royal Shade, Shape Emergence, Frame Size-24x36, Frame Color-Black,Frame Style-Thin Floating Frame, VividWalls, Artwork",https://cdn.shopify.com/s/files/1/0785/1504/4639/files/textured_rolyal_no1_black_frame_24x38_c93f21b1-b5b5-479c-b440-d36800992d46.png?v=1713722201,,,,,,,,,,,85.0,63.75,15.3,Stretched,100.3,210.63,110.0,24x36,2025-05-29 00:51:14
royal-shade,,,,,,,,,24x36,,White,,Thin Floating Frame,ROYAL-SHADE-WHITE-THIN-FLOATING-FRAME-24X36,shopify,deny,manual,244.55,0.0,116.45,True,False,lb,0.0,https://cdn.shopify.com/s/files/1/0785/1504/4639/files/textured_rolyal_no1_white_frame_24x38_4f4f5c08-72d0-40a0-bb10-00d395181407.png?v=1713722201,8.0,"Abstract Art, Wall Art, Ready-To-Hang, Royal Shade, Shape Emergence, Frame Size-24x36, Frame Color-White,Frame Style-Thin Floating Frame, VividWalls, Artwork",https://cdn.shopify.com/s/files/1/0785/1504/4639/files/textured_rolyal_no1_white_frame_24x38_4f4f5c08-72d0-40a0-bb10-00d395181407.png?v=1713722201,,,,,,,,,,,85.0,63.75,31.45,Stretched,116.45,244.55,110.0,24x36,2025-05-29 00:51:14
royal-shade,,,,,,,,,24x36,,,,,ROYAL-SHADE-NA-NA-24X36,shopify,deny,manual,204.0,0.0,85.0,True,False,lb,0.0,https://cdn.shopify.com/s/files/1/0785/1504/4639/files/textured_rolyal_no1_no_frame_24x38_0bdc76f9-d512-4fc8-9faf-b747813f94af.png?v=1713722201,9.0,"Abstract Art, Wall Art, Ready-To-Hang, Royal Shade, Shape Emergence, Frame Size-24x36, Frame Color-NA,Frame Style-Thin Floating Frame, VividWalls, Artwork",https://cdn.shopify.com/s/files/1/0785/1504/4639/files/textured_rolyal_no1_no_frame_24x38_0bdc76f9-d512-4fc8-9faf-b747813f94af.png?v=1713722201,,,,,,,,,,,85.0,63.75,0.0,Stretched,85.0,204.0,140.0,24x36,2025-05-29 00:51:14
crimson-shade,Crimson Shade,"<div>
    <p>
        <span>Crimson Shade</span> by <span>Kingler Bercy</span> from the <span>Shape Emergence</span> collection manifests a dramatic interplay of geometric shapes in rich crimson tones, contrasted with touches of deep blues and purples, segmented by sharp lines and creating a pattern reminiscent of a complex kaleidoscope. The artwork, printed with high-quality ink pigment on durable cotton canvas, exudes a robust intensity and depth that captivates and engages the viewer. The collection is a striking visual narrative composed of geometric forms and a bold color palette. This ink pigment print on cotton canvas features a dynamic arrangement of shapes that merge and diverge to create a sense of movement and depth.

The artwork is dominated by shades of crimson, ranging from deep maroon to bright red, which are contrasted with hints of purple, navy, and white. This contrast not only accentuates the individual forms but also highlights the overall symmetry and balance within the piece. The meticulous placement of these shapes evokes the intricacy of a well-orchestrated symphony, where each element plays a critical role in the composition.

The use of ink pigment on cotton canvas gives the piece a subtle texture that enhances the visual experience, allowing the colors to resonate with a vibrant intensity. The medium also ensures that the artwork has a lasting quality, with colors that remain vivid over time.
    </p>
</div>
<div>
    <div style=""display: flex; flex-wrap: wrap; gap: 10px; justify-content: start;"">
        <span style=""display: inline-block; font-size: 16px; border-radius: 20px; background-color: #f1f1f1; padding: 3px 10px;"">Crimson Artwork</span>
        <span style=""display: inline-block; font-size: 16px; border-radius: 20px; background-color: #f1f1f1; padding: 3px 10px;"">Geometric Canvas</span>
        <span style=""display: inline-block; font-size: 16px; border-radius: 20px; background-color: #f1f1f1; padding: 3px 10px;"">Ink Pigment Print</span>
        <span style=""display: inline-block; font-size: 16px; border-radius: 20px; background-color: #f1f1f1; padding: 3px 10px;"">Kingler Bercy</span>
        <span style=""display: inline-block; font-size: 16px; border-radius: 20px; background-color: #f1f1f1; padding: 3px 10px;"">Shape Emergence Collection</span>
        <span style=""display: inline-block; font-size: 16px; border-radius: 20px; background-color: #f1f1f1; padding: 3px 10px;"">Abstract Geometry</span>
        <span style=""display: inline-block; font-size: 16px; border-radius: 20px; background-color: #f1f1f1; padding: 3px 10px;"">Cotton Canvas Art</span>
    </div>
</div>
",VividWalls,Home & Garden > Decor > Artwork,Artwork,Shape Emergence,True,Frame Size,53x72,Frame Color,Black,Frame Style,Thin Floating Frame,CRIMSON-SHADE-BLACK-THIN-FLOATING-FRAME-53X72,shopify,deny,manual,579.99,0.0,305.26,True,False,lb,0.0,https://cdn.shopify.com/s/files/1/0785/1504/4639/files/textured_spectrum_red_no1_black_frame_53x72_31d9b7c2-bea6-4bef-8180-685ebf29d46a.png?v=1713721368,1.0,"Abstract Art, Wall Art, Ready-To-Hang, Crimson Shade, Shape Emergence, Frame Size-53x72, Frame Color-Black,Frame Style-Thin Floating Frame, VividWalls, Artwork",https://cdn.shopify.com/s/files/1/0785/1504/4639/files/textured_spectrum_red_no1_black_frame_53x72_31d9b7c2-bea6-4bef-8180-685ebf29d46a.png?v=1713721368,"Abstract Art, Wall Art, Ready-To-Hang, Collection Shape Emergence Crimson Shade 53x72, Black Frame Artwork",,False,True,,,True,,,active,289.96,217.47,15.3,Stretched,305.26,579.99,90.0,53x72 (estimated),2025-05-29 00:51:14
crimson-shade,,,,,,,,,36x48,,Black,,Thin Floating Frame,CRIMSON-SHADE-BLACK-THIN-FLOATING-FRAME-36X48,shopify,deny,manual,348.07,0.0,165.75,True,False,lb,0.0,https://cdn.shopify.com/s/files/1/0785/1504/4639/files/textured_spectrum_red_no1-white-frame-53x72_6d09a0df-e274-4298-89ff-cc58baee7ab7.png?v=1713721369,2.0,"Abstract Art, Wall Art, Ready-To-Hang, Crimson Shade, Shape Emergence, Frame Size-52x72, Frame Color-White,Frame Style-Thin Floating Frame, VividWalls, Artwork",https://cdn.shopify.com/s/files/1/0785/1504/4639/files/textured_spectrum_red_no1_black_frame_36x48_a5ba7b04-0437-4523-bd01-4b89ab56a5f5.png?v=1713721369,,,,,,,,,,,150.45,112.84,15.3,Stretched,165.75,348.07,110.0,36x48,2025-05-29 00:51:14
crimson-shade,,,,,,,,,36x48,,White,,Thin Floating Frame,CRIMSON-SHADE-WHITE-THIN-FLOATING-FRAME-36X48,shopify,deny,manual,381.99,0.0,181.9,True,False,lb,0.0,https://cdn.shopify.com/s/files/1/0785/1504/4639/files/textured_spetrum_red_no1_no_frame_53x72_53f61c56-c76b-486c-b6cc-b23258873da8.png?v=1713721369,3.0,"Abstract Art, Wall Art, Ready-To-Hang, Crimson Shade, Shape Emergence, Frame Size-52x72, Frame Color-NA,Frame Style-Thin Floating Frame, VividWalls, Artwork",https://cdn.shopify.com/s/files/1/0785/1504/4639/files/textured_spectrum_red_no1-white-frame-36x48_666ca05b-6484-41e9-b000-2edf449905ac.png?v=1713721369,,,,,,,,,,,150.45,112.84,31.45,Stretched,181.9,381.99,110.0,36x48,2025-05-29 00:51:14
crimson-shade,,,,,,,,,36x48,,,,,CRIMSON-SHADE-NA-NA-36X48,shopify,deny,manual,315.94,0.0,150.45,True,False,lb,0.0,https://cdn.shopify.com/s/files/1/0785/1504/4639/files/textured_spectrum_red_no1_black_frame_36x48_a5ba7b04-0437-4523-bd01-4b89ab56a5f5.png?v=1713721369,4.0,"Abstract Art, Wall Art, Ready-To-Hang, Crimson Shade, Shape Emergence, Frame Size-36x48, Frame Color-Black,Frame Style-Thin Floating Frame, VividWalls, Artwork",https://cdn.shopify.com/s/files/1/0785/1504/4639/files/textured_spectrum_red_no1_no_frame_36x48_a4e91481-b793-4af9-9972-ff727f2a8259.png?v=1713721369,,,,,,,,,,,150.45,112.84,0.0,Stretched,150.45,315.94,110.0,36x48,2025-05-29 00:51:14
crimson-shade,,,,,,,,,24x36,,Black,,Thin Floating Frame,CRIMSON-SHADE-BLACK-THIN-FLOATING-FRAME-24X36,shopify,deny,manual,210.63,0.0,100.3,True,False,lb,0.0,https://cdn.shopify.com/s/files/1/0785/1504/4639/files/textured_spectrum_red_no1-white-frame-36x48_666ca05b-6484-41e9-b000-2edf449905ac.png?v=1713721369,5.0,"Abstract Art, Wall Art, Ready-To-Hang, Crimson Shade, Shape Emergence, Frame Size-36x48, Frame Color-White,Frame Style-Thin Floating Frame, VividWalls, Artwork",https://cdn.shopify.com/s/files/1/0785/1504/4639/files/textured_spectrum_red_no1_black_frame_24x36_5e7acef2-b3ed-4f4a-a480-5bc6428c6b2d.png?v=1713721369,,,,,,,,,,,85.0,63.75,15.3,Stretched,100.3,210.63,110.0,24x36,2025-05-29 00:51:14
crimson-shade,,,,,,,,,24x36,,White,,Thin Floating Frame,CRIMSON-SHADE-WHITE-THIN-FLOATING-FRAME-24X36,shopify,deny,manual,244.55,0.0,116.45,True,False,lb,0.0,https://cdn.shopify.com/s/files/1/0785/1504/4639/files/textured_spectrum_red_no1_no_frame_36x48_a4e91481-b793-4af9-9972-ff727f2a8259.png?v=1713721369,6.0,"Abstract Art, Wall Art, Ready-To-Hang, Crimson Shade, Shape Emergence, Frame Size-36x48, Frame Color-NA,Frame Style-Thin Floating Frame, VividWalls, Artwork",https://cdn.shopify.com/s/files/1/0785/1504/4639/files/textured_spectrum_red_no1-white-frame-24x36_6764828a-7fe2-4e27-b90e-6193aed1ff98.png?v=1713721369,,,,,,,,,,,85.0,63.75,31.45,Stretched,116.45,244.55,110.0,24x36,2025-05-29 00:51:14
crimson-shade,,,,,,,,,24x36,,,,,CRIMSON-SHADE-NA-NA-24X36,shopify,deny,manual,204.0,0.0,85.0,True,False,lb,0.0,https://cdn.shopify.com/s/files/1/0785/1504/4639/files/textured_spectrum_red_no1_black_frame_24x36_5e7acef2-b3ed-4f4a-a480-5bc6428c6b2d.png?v=1713721369,7.0,"Abstract Art, Wall Art, Ready-To-Hang, Crimson Shade, Shape Emergence, Frame Size-24x36, Frame Color-Black,Frame Style-Thin Floating Frame, VividWalls, Artwork",https://cdn.shopify.com/s/files/1/0785/1504/4639/files/textured_spectrum_red_no1_no_frame_24x36_71930832-62ae-47db-827b-5f276d1042a2.png?v=1713721369,,,,,,,,,,,85.0,63.75,0.0,Stretched,85.0,204.0,140.0,24x36,2025-05-29 00:51:14
crimson-shade,,,,,,,,,,,,,,,,,,0.0,,0.0,,,,,https://cdn.shopify.com/s/files/1/0785/1504/4639/files/textured_spectrum_red_no1-white-frame-24x36_6764828a-7fe2-4e27-b90e-6193aed1ff98.png?v=1713721369,8.0,"Abstract Art, Wall Art, Ready-To-Hang, Crimson Shade, Shape Emergence, Frame Size-24x36, Frame Color-White,Frame Style-Thin Floating Frame, VividWalls, Artwork",,,,,,,,,,,,0.0,0.0,0.0,Stretched,0.0,0.0,0.0,,2025-05-29 00:51:14
crimson-shade,,,,,,,,,,,,,,,,,,0.0,,0.0,,,,,https://cdn.shopify.com/s/files/1/0785/1504/4639/files/textured_spectrum_red_no1_no_frame_24x36_71930832-62ae-47db-827b-5f276d1042a2.png?v=1713721369,9.0,"Abstract Art, Wall Art, Ready-To-Hang, Crimson Shade, Shape Emergence, Frame Size-24x36, Frame Color-NA,Frame Style-Thin Floating Frame, VividWalls, Artwork",,,,,,,,,,,,0.0,0.0,0.0,Stretched,0.0,0.0,0.0,,2025-05-29 00:51:14
rusty-shade,Rusty Shade,"<div>
    <p>
        <span>Earthy Shade</span> from the <span>Shape Emergence</span> collection intertwines geometric intricacy with an organic, rustic color scheme to create a sense of depth and texture. The collection exemplifies a harmonious blend of geometric abstraction and color exploration. This artwork features an array of polygons that interlock and overlap, creating a complex visual puzzle that draws the eye across the canvas.

A rich, rustic palette dominates the piece, with warm browns, deep reds, and burnt oranges that evoke the hues of autumnal landscapes and natural terrains. These earthy tones are subtly contrasted by cooler shades of blue and teal, suggesting a hidden depth within the layered composition.

The texture across the artwork adds an additional layer of complexity, mimicking the tactile quality of oxidized metals or weathered walls, which further accentuates the organic inspiration behind the piece. The geometric shapes themselves are constructed with a sense of precision and clarity, each edge and angle sharply defined against its neighbors.

This piece would be well-represented by keywords such as geometric abstraction, earthy tones, warm palette, textural depth, and interlocking polygons.
    </p>
</div>
<div>
    <div style=""display: flex; flex-wrap: wrap; gap: 10px; justify-content: start;"">
        <span style=""display: inline-block; font-size: 16px; border-radius: 20px; background-color: #f1f1f1; padding: 3px 10px;"">Geometric Art</span>
        <span style=""display: inline-block; font-size: 16px; border-radius: 20px; background-color: #f1f1f1; padding: 3px 10px;"">Abstract Composition</span>
        <span style=""display: inline-block; font-size: 16px; border-radius: 20px; background-color: #f1f1f1; padding: 3px 10px;"">Earthy Palette</span>
        <span style=""display: inline-block; font-size: 16px; border-radius: 20px; background-color: #f1f1f1; padding: 3px 10px;"">Rustic Hues</span>
        <span style=""display: inline-block; font-size: 16px; border-radius: 20px; background-color: #f1f1f1; padding: 3px 10px;"">Textured Surface</span>
        <span style=""display: inline-block; font-size: 16px; border-radius: 20px; background-color: #f1f1f1; padding: 3px 10px;"">Layered Geometry</span>
        <span style=""display: inline-block; font-size: 16px; border-radius: 20px; background-color: #f1f1f1; padding: 3px 10px;"">Shape Emergence</span>
    </div>
</div>
",VividWalls,Home & Garden > Decor > Artwork,Artwork,Shape Emergence,False,Frame Size,53x72,Frame Color,Black,Frame Style,Thin Floating Frame,RUSTY-SHADE-BLACK-THIN-FLOATING-FRAME-53X72,shopify,deny,manual,579.99,0.0,305.26,True,False,lb,0.0,https://cdn.shopify.com/s/files/1/0785/1504/4639/files/earthy_shade_no1_black_frame_53x72_841eafb9-e062-4a0d-83ca-692b52553844.png?v=1713721343,1.0,"Abstract Art, Wall Art, Ready-To-Hang, Rusty Shade, Shape Emergence, Frame Size-53x72, Frame Color-Black,Frame Style-Thin Floating Frame, VividWalls, Artwork",https://cdn.shopify.com/s/files/1/0785/1504/4639/files/earthy_shade_no1_black_frame_53x72_841eafb9-e062-4a0d-83ca-692b52553844.png?v=1713721343,"Abstract Art, Wall Art, Ready-To-Hang, Collection Shape Emergence Rusty Shade 53x72, Black Frame Artwork",,False,True,,,True,,,draft,289.96,217.47,15.3,Stretched,305.26,579.99,90.0,53x72 (estimated),2025-05-29 00:51:14
rusty-shade,,,,,,,,,52x72,,White,,Thin Floating Frame,RUSTY-SHADE-WHITE-THIN-FLOATING-FRAME-52X72,shopify,deny,manual,601.82,0.0,316.75,True,False,lb,0.0,https://cdn.shopify.com/s/files/1/0785/1504/4639/files/earthy_shade_no1__white_frame_53x72_3e4cd90a-4190-4b1c-aa5e-9405e9f60260.png?v=1713721343,2.0,"Abstract Art, Wall Art, Ready-To-Hang, Rusty Shade, Shape Emergence, Frame Size-52x72, Frame Color-White,Frame Style-Thin Floating Frame, VividWalls, Artwork",https://cdn.shopify.com/s/files/1/0785/1504/4639/files/earthy_shade_no1__white_frame_53x72_3e4cd90a-4190-4b1c-aa5e-9405e9f60260.png?v=1713721343,,,,,,,,,,,285.3,213.98,31.45,Stretched,316.75,601.82,90.0,52x72 (estimated),2025-05-29 00:51:14
rusty-shade,,,,,,,,,52x72,,,,,RUSTY-SHADE-NA-NA-52X72,shopify,deny,manual,542.07,0.0,285.3,True,False,lb,0.0,https://cdn.shopify.com/s/files/1/0785/1504/4639/files/earthy_shade_no1__no_frame_53x72_2a00315f-45d1-44f4-9168-9383d727d56b.png?v=1713721343,3.0,"Abstract Art, Wall Art, Ready-To-Hang, Rusty Shade, Shape Emergence, Frame Size-52x72, Frame Color-NA,Frame Style-Thin Floating Frame, VividWalls, Artwork",https://cdn.shopify.com/s/files/1/0785/1504/4639/files/earthy_shade_no1__no_frame_53x72_2a00315f-45d1-44f4-9168-9383d727d56b.png?v=1713721343,,,,,,,,,,,285.3,213.98,0.0,Stretched,285.3,542.07,90.0,52x72 (estimated),2025-05-29 00:51:14
rusty-shade,,,,,,,,,36x48,,Black,,Thin Floating Frame,RUSTY-SHADE-BLACK-THIN-FLOATING-FRAME-36X48,shopify,deny,manual,348.07,0.0,165.75,True,False,lb,0.0,https://cdn.shopify.com/s/files/1/0785/1504/4639/files/rusty_shade_no1_black_frame_36x48_35c733e8-107b-4c40-8106-f1c4637ecd7f.png?v=1713721343,4.0,"Abstract Art, Wall Art, Ready-To-Hang, Rusty Shade, Shape Emergence, Frame Size-36x48, Frame Color-Black,Frame Style-Thin Floating Frame, VividWalls, Artwork",https://cdn.shopify.com/s/files/1/0785/1504/4639/files/rusty_shade_no1_black_frame_36x48_35c733e8-107b-4c40-8106-f1c4637ecd7f.png?v=1713721343,,,,,,,,,,,150.45,112.84,15.3,Stretched,165.75,348.07,110.0,36x48,2025-05-29 00:51:14
rusty-shade,,,,,,,,,36x48,,White,,Thin Floating Frame,RUSTY-SHADE-WHITE-THIN-FLOATING-FRAME-36X48,shopify,deny,manual,381.99,0.0,181.9,True,False,lb,0.0,https://cdn.shopify.com/s/files/1/0785/1504/4639/files/rusty_shade_no1_white_frame_36x48_a4b5af06-bdf0-4b5a-93c8-74876e5e8ed6.png?v=1713721343,5.0,"Abstract Art, Wall Art, Ready-To-Hang, Rusty Shade, Shape Emergence, Frame Size-36x48, Frame Color-White,Frame Style-Thin Floating Frame, VividWalls, Artwork",https://cdn.shopify.com/s/files/1/0785/1504/4639/files/rusty_shade_no1_white_frame_36x48_a4b5af06-bdf0-4b5a-93c8-74876e5e8ed6.png?v=1713721343,,,,,,,,,,,150.45,112.84,31.45,Stretched,181.9,381.99,110.0,36x48,2025-05-29 00:51:14
rusty-shade,,,,,,,,,36x48,,,,,RUSTY-SHADE-NA-NA-36X48,shopify,deny,manual,315.94,0.0,150.45,True,False,lb,0.0,https://cdn.shopify.com/s/files/1/0785/1504/4639/files/rusty_shade_no1_no_frame_36x48_4c1b8554-b15d-4eb7-8d83-45154a734cfc.png?v=1713721343,6.0,"Abstract Art, Wall Art, Ready-To-Hang, Rusty Shade, Shape Emergence, Frame Size-36x48, Frame Color-NA,Frame Style-Thin Floating Frame, VividWalls, Artwork",https://cdn.shopify.com/s/files/1/0785/1504/4639/files/rusty_shade_no1_no_frame_36x48_4c1b8554-b15d-4eb7-8d83-45154a734cfc.png?v=1713721343,,,,,,,,,,,150.45,112.84,0.0,Stretched,150.45,315.94,110.0,36x48,2025-05-29 00:51:14
rusty-shade,,,,,,,,,24x36,,Black,,Thin Floating Frame,RUSTY-SHADE-BLACK-THIN-FLOATING-FRAME-24X36,shopify,deny,manual,210.63,0.0,100.3,True,False,lb,0.0,https://cdn.shopify.com/s/files/1/0785/1504/4639/files/rusty_shade_no1_black_frame_24x36_70a00f9a-a3ba-45ce-99e9-4c951979f941.png?v=1713721343,7.0,"Abstract Art, Wall Art, Ready-To-Hang, Rusty Shade, Shape Emergence, Frame Size-24x36, Frame Color-Black,Frame Style-Thin Floating Frame, VividWalls, Artwork",https://cdn.shopify.com/s/files/1/0785/1504/4639/files/rusty_shade_no1_black_frame_24x36_70a00f9a-a3ba-45ce-99e9-4c951979f941.png?v=1713721343,,,,,,,,,,,85.0,63.75,15.3,Stretched,100.3,210.63,110.0,24x36,2025-05-29 00:51:14
rusty-shade,,,,,,,,,24x36,,White,,Thin Floating Frame,RUSTY-SHADE-WHITE-THIN-FLOATING-FRAME-24X36,shopify,deny,manual,244.55,0.0,116.45,True,False,lb,0.0,https://cdn.shopify.com/s/files/1/0785/1504/4639/files/rusty_shade_no1_white_frame_24x36_22b8f510-995c-4706-9369-127bec4c4fa7.png?v=1713721343,8.0,"Abstract Art, Wall Art, Ready-To-Hang, Rusty Shade, Shape Emergence, Frame Size-24x36, Frame Color-White,Frame Style-Thin Floating Frame, VividWalls, Artwork",https://cdn.shopify.com/s/files/1/0785/1504/4639/files/rusty_shade_no1_white_frame_24x36_22b8f510-995c-4706-9369-127bec4c4fa7.png?v=1713721343,,,,,,,,,,,85.0,63.75,31.45,Stretched,116.45,244.55,110.0,24x36,2025-05-29 00:51:14
rusty-shade,,,,,,,,,24x36,,,,,RUSTY-SHADE-NA-NA-24X36,shopify,deny,manual,204.0,0.0,85.0,True,False,lb,0.0,https://cdn.shopify.com/s/files/1/0785/1504/4639/files/rusty_shade_no1_no_frame_24x36_caecdbfd-25fc-4797-97f0-4369693a761b.png?v=1713721343,9.0,"Abstract Art, Wall Art, Ready-To-Hang, Rusty Shade, Shape Emergence, Frame Size-24x36, Frame Color-NA,Frame Style-Thin Floating Frame, VividWalls, Artwork",https://cdn.shopify.com/s/files/1/0785/1504/4639/files/rusty_shade_no1_no_frame_24x36_caecdbfd-25fc-4797-97f0-4369693a761b.png?v=1713721343,,,,,,,,,,,85.0,63.75,0.0,Stretched,85.0,204.0,140.0,24x36,2025-05-29 00:51:14
earthy-shade,Earthy Shade,"<div>
    <p>
        <span>Earthy Shade</span> from the <span>Shape Emergence</span> collection captures the complexity of geometric abstraction with its layered shapes and earthen color palette, presenting a kaleidoscopic tapestry of geometric forms that play on the perception of depth and dimension. At first glance, one is drawn into a labyrinthine array of shapes that seem to both recede into and project out of the canvas, creating a dynamic interplay between the two-dimensional surface and the illusion of three-dimensional space.

The composition is anchored by robust blocks of color that suggest weight and solidity. These are juxtaposed with translucent forms that give the impression of layers, as if one could peel back the strata to reveal further complexity beneath. The color palette is rooted in earthen tones—rich browns, forest greens, and slate blues—which are energized by pops of crimson and cerulean, adding a vibrant counterpoint to the otherwise grounded hues.

The textural quality of the image resembles that of a fabric weave or a magnified natural surface, such as stone or wood grain, which enhances the organic feel of the piece. The subtle gradations within each color area contribute to the sense of volume and form, suggesting a meticulous construction akin to a digital mosaic.

This artwork would resonate with keywords such as geometric, abstract, depth, earthen tones, color blocks, three-dimensional illusion, textural, and layered composition.
    </p>
</div>
<div>
    <div style=""display: flex; flex-wrap: wrap; gap: 10px; justify-content: start;"">
        <span style=""display: inline-block; font-size: 16px; border-radius: 20px; background-color: #f1f1f1; padding: 3px 10px;"">Abstract Art</span>
        <span style=""display: inline-block; font-size: 16px; border-radius: 20px; background-color: #f1f1f1; padding: 3px 10px;"">Geometric Shapes</span>
        <span style=""display: inline-block; font-size: 16px; border-radius: 20px; background-color: #f1f1f1; padding: 3px 10px;"">Earthen Tones</span>
        <span style=""display: inline-block; font-size: 16px; border-radius: 20px; background-color: #f1f1f1; padding: 3px 10px;"">Color Blocks</span>
        <span style=""display: inline-block; font-size: 16px; border-radius: 20px; background-color: #f1f1f1; padding: 3px 10px;"">Three-dimensional Illusion</span>
        <span style=""display: inline-block; font-size: 16px; border-radius: 20px; background-color: #f1f1f1; padding: 3px 10px;"">Textured Artwork</span>
        <span style=""display: inline-block; font-size: 16px; border-radius: 20px; background-color: #f1f1f1; padding: 3px 10px;"">Layered Composition</span>
        <span style=""display: inline-block; font-size: 16px; border-radius: 20px; background-color: #f1f1f1; padding: 3px 10px;"">Shape Emergence Collection</span>
    </div>
</div>
",VividWalls,Home & Garden > Decor > Artwork,Artwork,Shape Emergence,False,Frame Size,53x72,Frame Color,Black,Frame Style,Thin Floating Frame,EARTHY-SHADE-BLACK-THIN-FLOATING-FRAME-53X72,shopify,deny,manual,579.99,0.0,305.26,True,False,lb,0.0,https://cdn.shopify.com/s/files/1/0785/1504/4639/files/earthy_shade_black_frame_53x72_a4560661-a8a0-429c-befb-29aa9fe44fae.png?v=1713721314,1.0,"Abstract Art, Wall Art, Ready-To-Hang, Earthy Shade, Shape Emergence, Frame Size-53x72, Frame Color-Black,Frame Style-Thin Floating Frame, VividWalls, Artwork",https://cdn.shopify.com/s/files/1/0785/1504/4639/files/earthy_shade_black_frame_53x72_a4560661-a8a0-429c-befb-29aa9fe44fae.png?v=1713721314,"Abstract Art, Wall Art, Ready-To-Hang, Collection Shape Emergence Earthy Shade 53x72, Black Frame Artwork",,False,True,,,True,,,draft,289.96,217.47,15.3,Stretched,305.26,579.99,90.0,53x72 (estimated),2025-05-29 00:51:14
earthy-shade,,,,,,,,,52x72,,White,,Thin Floating Frame,EARTHY-SHADE-WHITE-THIN-FLOATING-FRAME-52X72,shopify,deny,manual,601.82,0.0,316.75,True,False,lb,0.0,https://cdn.shopify.com/s/files/1/0785/1504/4639/files/earthy_shade_no1__white_frame_53x72_0777ae90-91e2-4e37-8a70-afaccade8ed3.png?v=1713721314,2.0,"Abstract Art, Wall Art, Ready-To-Hang, Earthy Shade, Shape Emergence, Frame Size-52x72, Frame Color-White,Frame Style-Thin Floating Frame, VividWalls, Artwork",https://cdn.shopify.com/s/files/1/0785/1504/4639/files/earthy_shade_no1__white_frame_53x72_0777ae90-91e2-4e37-8a70-afaccade8ed3.png?v=1713721314,,,,,,,,,,,285.3,213.98,31.45,Stretched,316.75,601.82,90.0,52x72 (estimated),2025-05-29 00:51:14
earthy-shade,,,,,,,,,52x72,,,,,EARTHY-SHADE-NA-NA-52X72,shopify,deny,manual,542.07,0.0,285.3,True,False,lb,0.0,https://cdn.shopify.com/s/files/1/0785/1504/4639/files/earthy_shade_no2_no_frame_53x72_c99f63e4-cc87-4f96-a11a-4f32e7df9cf9.png?v=1713721314,3.0,"Abstract Art, Wall Art, Ready-To-Hang, Earthy Shade, Shape Emergence, Frame Size-52x72, Frame Color-NA,Frame Style-Thin Floating Frame, VividWalls, Artwork",https://cdn.shopify.com/s/files/1/0785/1504/4639/files/earthy_shade_no2_no_frame_53x72_c99f63e4-cc87-4f96-a11a-4f32e7df9cf9.png?v=1713721314,,,,,,,,,,,285.3,213.98,0.0,Stretched,285.3,542.07,90.0,52x72 (estimated),2025-05-29 00:51:14
earthy-shade,,,,,,,,,36x48,,Black,,Thin Floating Frame,EARTHY-SHADE-BLACK-THIN-FLOATING-FRAME-36X48,shopify,deny,manual,348.07,0.0,165.75,True,False,lb,0.0,https://cdn.shopify.com/s/files/1/0785/1504/4639/files/earthy_shade_no2_black_frame_36x48_e08cb7ff-4e1c-4891-af2a-104e2682a50e.png?v=1713721314,4.0,"Abstract Art, Wall Art, Ready-To-Hang, Earthy Shade, Shape Emergence, Frame Size-36x48, Frame Color-Black,Frame Style-Thin Floating Frame, VividWalls, Artwork",https://cdn.shopify.com/s/files/1/0785/1504/4639/files/earthy_shade_no2_black_frame_36x48_e08cb7ff-4e1c-4891-af2a-104e2682a50e.png?v=1713721314,,,,,,,,,,,150.45,112.84,15.3,Stretched,165.75,348.07,110.0,36x48,2025-05-29 00:51:14
earthy-shade,,,,,,,,,36x48,,White,,Thin Floating Frame,EARTHY-SHADE-WHITE-THIN-FLOATING-FRAME-36X48,shopify,deny,manual,381.99,0.0,181.9,True,False,lb,0.0,https://cdn.shopify.com/s/files/1/0785/1504/4639/files/earthy_shade_no2_white_frame_36x48_24b994f9-00af-48e5-a00f-642672e8b0e3.png?v=1713721314,5.0,"Abstract Art, Wall Art, Ready-To-Hang, Earthy Shade, Shape Emergence, Frame Size-36x48, Frame Color-White,Frame Style-Thin Floating Frame, VividWalls, Artwork",https://cdn.shopify.com/s/files/1/0785/1504/4639/files/earthy_shade_no2_white_frame_36x48_24b994f9-00af-48e5-a00f-642672e8b0e3.png?v=1713721314,,,,,,,,,,,150.45,112.84,31.45,Stretched,181.9,381.99,110.0,36x48,2025-05-29 00:51:14
earthy-shade,,,,,,,,,36x48,,,,,EARTHY-SHADE-NA-NA-36X48,shopify,deny,manual,315.94,0.0,150.45,True,False,lb,0.0,https://cdn.shopify.com/s/files/1/0785/1504/4639/files/earthy_shade_no2_no_frame_36x48_9c100a68-0050-4f2f-85fc-2720c1d15967.png?v=1713721314,6.0,"Abstract Art, Wall Art, Ready-To-Hang, Earthy Shade, Shape Emergence, Frame Size-36x48, Frame Color-NA,Frame Style-Thin Floating Frame, VividWalls, Artwork",https://cdn.shopify.com/s/files/1/0785/1504/4639/files/earthy_shade_no2_no_frame_36x48_9c100a68-0050-4f2f-85fc-2720c1d15967.png?v=1713721314,,,,,,,,,,,150.45,112.84,0.0,Stretched,150.45,315.94,110.0,36x48,2025-05-29 00:51:14
earthy-shade,,,,,,,,,24x36,,Black,,Thin Floating Frame,EARTHY-SHADE-BLACK-THIN-FLOATING-FRAME-24X36,shopify,deny,manual,210.63,0.0,100.3,True,False,lb,0.0,https://cdn.shopify.com/s/files/1/0785/1504/4639/files/earthy_shade_no2_black_frame_24x36_e75c6c22-7433-4654-a3f6-89453464432b.png?v=1713721314,7.0,"Abstract Art, Wall Art, Ready-To-Hang, Earthy Shade, Shape Emergence, Frame Size-24x36, Frame Color-Black,Frame Style-Thin Floating Frame, VividWalls, Artwork",https://cdn.shopify.com/s/files/1/0785/1504/4639/files/earthy_shade_no2_black_frame_24x36_e75c6c22-7433-4654-a3f6-89453464432b.png?v=1713721314,,,,,,,,,,,85.0,63.75,15.3,Stretched,100.3,210.63,110.0,24x36,2025-05-29 00:51:14
earthy-shade,,,,,,,,,24x36,,White,,Thin Floating Frame,EARTHY-SHADE-WHITE-THIN-FLOATING-FRAME-24X36,shopify,deny,manual,244.55,0.0,116.45,True,False,lb,0.0,https://cdn.shopify.com/s/files/1/0785/1504/4639/files/earthy_shade_no2_white_frame_24x36_207321a4-2004-4c11-b0df-ec6cb84dc92a.png?v=1713721314,8.0,"Abstract Art, Wall Art, Ready-To-Hang, Earthy Shade, Shape Emergence, Frame Size-24x36, Frame Color-White,Frame Style-Thin Floating Frame, VividWalls, Artwork",https://cdn.shopify.com/s/files/1/0785/1504/4639/files/earthy_shade_no2_white_frame_24x36_207321a4-2004-4c11-b0df-ec6cb84dc92a.png?v=1713721314,,,,,,,,,,,85.0,63.75,31.45,Stretched,116.45,244.55,110.0,24x36,2025-05-29 00:51:14
earthy-shade,,,,,,,,,24x36,,,,,EARTHY-SHADE-NA-NA-24X36,shopify,deny,manual,204.0,0.0,85.0,True,False,lb,0.0,https://cdn.shopify.com/s/files/1/0785/1504/4639/files/earthy_shade_no2_no_frame_24x36_d23c516f-96d8-46ce-ba50-4e55731d09ff.png?v=1713721314,9.0,"Abstract Art, Wall Art, Ready-To-Hang, Earthy Shade, Shape Emergence, Frame Size-24x36, Frame Color-NA,Frame Style-Thin Floating Frame, VividWalls, Artwork",https://cdn.shopify.com/s/files/1/0785/1504/4639/files/earthy_shade_no2_no_frame_24x36_d23c516f-96d8-46ce-ba50-4e55731d09ff.png?v=1713721314,,,,,,,,,,,85.0,63.75,0.0,Stretched,85.0,204.0,140.0,24x36,2025-05-29 00:51:14
emerald-shade,Emerald Shade,"<div>
    <p>
        <span>Emerald Shade</span> from the <span>Shape Emergence</span> collection features a complex overlay of geometric shapes creating a sense of depth and movement. The predominant shades of emerald and teal are interspersed with accents of deep blue, creating an impression of a multidimensional, woven fabric. The textured background contributes to the tactile illusion, enhancing the visual intricacy of the piece.
    </p>
</div>
<div>
    <div style=""display: flex; flex-wrap: wrap; gap: 10px; justify-content: start;"">
        <span style=""display: inline-block; font-size: 16px; border-radius: 20px; background-color: #f1f1f1; padding: 3px 10px;"">Abstract Art</span>
        <span style=""display: inline-block; font-size: 16px; border-radius: 20px; background-color: #f1f1f1; padding: 3px 10px;"">Geometric Shapes</span>
        <span style=""display: inline-block; font-size: 16px; border-radius: 20px; background-color: #f1f1f1; padding: 3px 10px;"">Emerald Green Art</span>
        <span style=""display: inline-block; font-size: 16px; border-radius: 20px; background-color: #f1f1f1; padding: 3px 10px;"">Shape Emergence</span>
        <span style=""display: inline-block; font-size: 16px; border-radius: 20px; background-color: #f1f1f1; padding: 3px 10px;"">Textured Visuals</span>
        <span style=""display: inline-block; font-size: 16px; border-radius: 20px; background-color: #f1f1f1; padding: 3px 10px;"">Modern Art</span>
        <span style=""display: inline-block; font-size: 16px; border-radius: 20px; background-color: #f1f1f1; padding: 3px 10px;"">Contemporary Design</span>
        <span style=""display: inline-block; font-size: 16px; border-radius: 20px; background-color: #f1f1f1; padding: 3px 10px;"">Gallery Quality</span>
        <span style=""display: inline-block; font-size: 16px; border-radius: 20px; background-color: #f1f1f1; padding: 3px 10px;"">Home Decor</span>
        <span style=""display: inline-block; font-size: 16px; border-radius: 20px; background-color: #f1f1f1; padding: 3px 10px;"">Artistic Composition</span>
        <span style=""display: inline-block; font-size: 16px; border-radius: 20px; background-color: #f1f1f1; padding: 3px 10px;"">Decorative Art</span>
        <span style=""display: inline-block; font-size: 16px; border-radius: 20px; background-color: #f1f1f1; padding: 3px 10px;"">Color Depth</span>
        <span style=""display: inline-block; font-size: 16px; border-radius: 20px; background-color: #f1f1f1; padding: 3px 10px;"">Limited Edition Prints</span>
        <span style=""display: inline-block; font-size: 16px; border-radius: 20px; background-color: #f1f1f1; padding: 3px 10px;"">Emerald Shade</span>
    </div>
</div>
",VividWalls,Home & Garden > Decor > Artwork,Artwork,Shape Emergence,False,Frame Size,53x72,Frame Color,Black,Frame Style,Thin Floating Frame,EMERALD-SHADE-BLACK-THIN-FLOATING-FRAME-53X72,shopify,deny,manual,579.99,0.0,305.26,True,False,lb,0.0,https://cdn.shopify.com/s/files/1/0785/1504/4639/files/emeral_shade_no2_black_frame_53x72_8eff71df-04fc-48b5-bfe3-93297fbcb5c3.png?v=1713721286,1.0,"Abstract Art, Wall Art, Ready-To-Hang, Emerald Shade, Shape Emergence, Frame Size-53x72, Frame Color-Black,Frame Style-Thin Floating Frame, VividWalls, Artwork",https://cdn.shopify.com/s/files/1/0785/1504/4639/files/emeral_shade_no2_black_frame_53x72_8eff71df-04fc-48b5-bfe3-93297fbcb5c3.png?v=1713721286,"Abstract Art, Wall Art, Ready-To-Hang, Collection Shape Emergence Emerald Shade 53x72, Black Frame Artwork",,False,True,,,True,,,draft,289.96,217.47,15.3,Stretched,305.26,579.99,90.0,53x72 (estimated),2025-05-29 00:51:14
emerald-shade,,,,,,,,,52x72,,White,,Thin Floating Frame,EMERALD-SHADE-WHITE-THIN-FLOATING-FRAME-52X72,shopify,deny,manual,601.82,0.0,316.75,True,False,lb,0.0,https://cdn.shopify.com/s/files/1/0785/1504/4639/files/emeral_shade_no2_white_frame_53x72_66ef5ec3-4482-4812-b889-c5d99f8a1687.png?v=1713721286,2.0,"Abstract Art, Wall Art, Ready-To-Hang, Emerald Shade, Shape Emergence, Frame Size-52x72, Frame Color-White,Frame Style-Thin Floating Frame, VividWalls, Artwork",https://cdn.shopify.com/s/files/1/0785/1504/4639/files/emeral_shade_no2_white_frame_53x72_66ef5ec3-4482-4812-b889-c5d99f8a1687.png?v=1713721286,,,,,,,,,,,285.3,213.98,31.45,Stretched,316.75,601.82,90.0,52x72 (estimated),2025-05-29 00:51:14
emerald-shade,,,,,,,,,52x72,,,,,EMERALD-SHADE-NA-NA-52X72,shopify,deny,manual,542.07,0.0,285.3,True,False,lb,0.0,https://cdn.shopify.com/s/files/1/0785/1504/4639/files/emeral_shade_no2_no_frame_53x72_8ea63a54-688b-4154-b7fe-a488ef6e8ee8.png?v=1713721286,3.0,"Abstract Art, Wall Art, Ready-To-Hang, Emerald Shade, Shape Emergence, Frame Size-52x72, Frame Color-NA,Frame Style-Thin Floating Frame, VividWalls, Artwork",https://cdn.shopify.com/s/files/1/0785/1504/4639/files/emeral_shade_no2_no_frame_53x72_8ea63a54-688b-4154-b7fe-a488ef6e8ee8.png?v=1713721286,,,,,,,,,,,285.3,213.98,0.0,Stretched,285.3,542.07,90.0,52x72 (estimated),2025-05-29 00:51:14
emerald-shade,,,,,,,,,36x48,,Black,,Thin Floating Frame,EMERALD-SHADE-BLACK-THIN-FLOATING-FRAME-36X48,shopify,deny,manual,348.07,0.0,165.75,True,False,lb,0.0,https://cdn.shopify.com/s/files/1/0785/1504/4639/files/emeral_shade_no2_black_frame_36x48_f1fa979c-3060-4f30-8d07-5afec608f143.png?v=1713721286,4.0,"Abstract Art, Wall Art, Ready-To-Hang, Emerald Shade, Shape Emergence, Frame Size-36x48, Frame Color-Black,Frame Style-Thin Floating Frame, VividWalls, Artwork",https://cdn.shopify.com/s/files/1/0785/1504/4639/files/emeral_shade_no2_black_frame_36x48_f1fa979c-3060-4f30-8d07-5afec608f143.png?v=1713721286,,,,,,,,,,,150.45,112.84,15.3,Stretched,165.75,348.07,110.0,36x48,2025-05-29 00:51:14
emerald-shade,,,,,,,,,36x48,,White,,Thin Floating Frame,EMERALD-SHADE-WHITE-THIN-FLOATING-FRAME-36X48,shopify,deny,manual,381.99,0.0,181.9,True,False,lb,0.0,https://cdn.shopify.com/s/files/1/0785/1504/4639/files/emeral_shade_no2_white_frame_36x48_5f900604-88ed-428a-b25e-8577e7c6f637.png?v=1713721286,5.0,"Abstract Art, Wall Art, Ready-To-Hang, Emerald Shade, Shape Emergence, Frame Size-36x48, Frame Color-White,Frame Style-Thin Floating Frame, VividWalls, Artwork",https://cdn.shopify.com/s/files/1/0785/1504/4639/files/emeral_shade_no2_white_frame_36x48_5f900604-88ed-428a-b25e-8577e7c6f637.png?v=1713721286,,,,,,,,,,,150.45,112.84,31.45,Stretched,181.9,381.99,110.0,36x48,2025-05-29 00:51:14
emerald-shade,,,,,,,,,36x48,,,,,EMERALD-SHADE-NA-NA-36X48,shopify,deny,manual,315.94,0.0,150.45,True,False,lb,0.0,https://cdn.shopify.com/s/files/1/0785/1504/4639/files/emeral_shade_no2_no_frame_36x48_d6d756b4-48aa-4270-8fab-dc6c05e0991a.png?v=1713721286,6.0,"Abstract Art, Wall Art, Ready-To-Hang, Emerald Shade, Shape Emergence, Frame Size-36x48, Frame Color-NA,Frame Style-Thin Floating Frame, VividWalls, Artwork",https://cdn.shopify.com/s/files/1/0785/1504/4639/files/emeral_shade_no2_no_frame_36x48_d6d756b4-48aa-4270-8fab-dc6c05e0991a.png?v=1713721286,,,,,,,,,,,150.45,112.84,0.0,Stretched,150.45,315.94,110.0,36x48,2025-05-29 00:51:14
emerald-shade,,,,,,,,,24x36,,Black,,Thin Floating Frame,EMERALD-SHADE-BLACK-THIN-FLOATING-FRAME-24X36,shopify,deny,manual,210.63,0.0,100.3,True,False,lb,0.0,https://cdn.shopify.com/s/files/1/0785/1504/4639/files/emeral_shade_no2_black_frame_24x36_d8578cb2-9e86-4112-b853-36077c031a10.png?v=1713721286,7.0,"Abstract Art, Wall Art, Ready-To-Hang, Emerald Shade, Shape Emergence, Frame Size-24x36, Frame Color-Black,Frame Style-Thin Floating Frame, VividWalls, Artwork",https://cdn.shopify.com/s/files/1/0785/1504/4639/files/emeral_shade_no2_black_frame_24x36_d8578cb2-9e86-4112-b853-36077c031a10.png?v=1713721286,,,,,,,,,,,85.0,63.75,15.3,Stretched,100.3,210.63,110.0,24x36,2025-05-29 00:51:14
emerald-shade,,,,,,,,,24x36,,White,,Thin Floating Frame,EMERALD-SHADE-WHITE-THIN-FLOATING-FRAME-24X36,shopify,deny,manual,244.55,0.0,116.45,True,False,lb,0.0,https://cdn.shopify.com/s/files/1/0785/1504/4639/files/emeral_shade_no2_white_frame_24x36_0456faeb-534d-4c50-a8f8-2ab01c172373.png?v=1713721286,8.0,"Abstract Art, Wall Art, Ready-To-Hang, Emerald Shade, Shape Emergence, Frame Size-24x36, Frame Color-White,Frame Style-Thin Floating Frame, VividWalls, Artwork",https://cdn.shopify.com/s/files/1/0785/1504/4639/files/emeral_shade_no2_white_frame_24x36_0456faeb-534d-4c50-a8f8-2ab01c172373.png?v=1713721286,,,,,,,,,,,85.0,63.75,31.45,Stretched,116.45,244.55,110.0,24x36,2025-05-29 00:51:14
emerald-shade,,,,,,,,,24x36,,,,,EMERALD-SHADE-NA-NA-24X36,shopify,deny,manual,204.0,0.0,85.0,True,False,lb,0.0,https://cdn.shopify.com/s/files/1/0785/1504/4639/files/emeral_shade_no2_no_frame_24x36_f654e6dc-2ded-423d-8b06-027561c64753.png?v=1713721286,9.0,"Abstract Art, Wall Art, Ready-To-Hang, Emerald Shade, Shape Emergence, Frame Size-24x36, Frame Color-NA,Frame Style-Thin Floating Frame, VividWalls, Artwork",https://cdn.shopify.com/s/files/1/0785/1504/4639/files/emeral_shade_no2_no_frame_24x36_f654e6dc-2ded-423d-8b06-027561c64753.png?v=1713721286,,,,,,,,,,,85.0,63.75,0.0,Stretched,85.0,204.0,140.0,24x36,2025-05-29 00:51:14
purple-shade,Purple Shade,"<div>
    <p>
        <span>Purple Shade</span> from the <span>Shape Emergence</span> collection features a complex interplay of geometric shapes and vibrant colors creating an illusion of three-dimensional space on a two-dimensional surface. The artwork is composed of various hues of purples and blues, juxtaposed with stark blacks and touches of contrasting colors, which appear to be both merging into and emerging from one another. The texture gives the impression of a woven fabric, adding a tactile dimension to the visual experience.
    </p>
</div>
<div>
    <div style=""display: flex; flex-wrap: wrap; gap: 10px; justify-content: start;"">
        <span style=""display: inline-block; font-size: 16px; border-radius: 20px; background-color: #f1f1f1; padding: 3px 10px;"">Abstract Art</span>
        <span style=""display: inline-block; font-size: 16px; border-radius: 20px; background-color: #f1f1f1; padding: 3px 10px;"">Contemporary Mosaics</span>
        <span style=""display: inline-block; font-size: 16px; border-radius: 20px; background-color: #f1f1f1; padding: 3px 10px;"">Geometric Patterns</span>
        <span style=""display: inline-block; font-size: 16px; border-radius: 20px; background-color: #f1f1f1; padding: 3px 10px;"">Colorful Artwork</span>
        <span style=""display: inline-block; font-size: 16px; border-radius: 20px; background-color: #f1f1f1; padding: 3px 10px;"">Modern Decor</span>
        <span style=""display: inline-block; font-size: 16px; border-radius: 20px; background-color: #f1f1f1; padding: 3px 10px;"">Art Collectibles</span>
        <span style=""display: inline-block; font-size: 16px; border-radius: 20px; background-color: #f1f1f1; padding: 3px 10px;"">Vivid Mosaic</span>
        <span style=""display: inline-block; font-size: 16px; border-radius: 20px; background-color: #f1f1f1; padding: 3px 10px;"">Canvas Art</span>
        <span style=""display: inline-block; font-size: 16px; border-radius: 20px; background-color: #f1f1f1; padding: 3px 10px;"">Artistic Composition</span>
        <span style=""display: inline-block; font-size: 16px; border-radius: 20px; background-color: #f1f1f1; padding: 3px 10px;"">Visual Depth Art</span>
        <span style=""display: inline-block; font-size: 16px; border-radius: 20px; background-color: #f1f1f1; padding: 3px 10px;"">Gallery Quality</span>
        <span style=""display: inline-block; font-size: 16px; border-radius: 20px; background-color: #f1f1f1; padding: 3px 10px;"">Home Decor</span>
        <span style=""display: inline-block; font-size: 16px; border-radius: 20px; background-color: #f1f1f1; padding: 3px 10px;"">Intricate Design</span>
        <span style=""display: inline-block; font-size: 16px; border-radius: 20px; background-color: #f1f1f1; padding: 3px 10px;"">Decorative Art</span>
        <span style=""display: inline-block; font-size: 16px; border-radius: 20px; background-color: #f1f1f1; padding: 3px 10px;"">Wall Art</span>
        <span style=""display: inline-block; font-size: 16px; border-radius: 20px; background-color: #f1f1f1; padding: 3px 10px;"">Limited Edition Prints</span>
        <span style=""display: inline-block; font-size: 16px; border-radius: 20px; background-color: #f1f1f1; padding: 3px 10px;"">Purple Shade</span>
    </div>
</div>",VividWalls,Home & Garden > Decor > Artwork,Artwork,Shape Emergence,False,Frame Size,53x72,Frame Color,Black,Frame Style,Thin Floating Frame,PURPLE-SHADE-BLACK-THIN-FLOATING-FRAME-53X72,shopify,deny,manual,579.99,0.0,305.26,True,False,lb,0.0,https://cdn.shopify.com/s/files/1/0785/1504/4639/files/shade_purple_no1_canvas_black_frame_53x72_b3ee597a-30fb-46c1-b7e0-f17b15beb23a.png?v=1713721258,1.0,"Abstract Art, Wall Art, Ready-To-Hang, Purple Shade, Shape Emergence, Frame Size-53x72, Frame Color-Black,Frame Style-Thin Floating Frame, VividWalls, Artwork",https://cdn.shopify.com/s/files/1/0785/1504/4639/files/shade_purple_no1_canvas_black_frame_53x72_b3ee597a-30fb-46c1-b7e0-f17b15beb23a.png?v=1713721258,"Abstract Art, Wall Art, Ready-To-Hang, Collection Shape Emergence Purple Shade 53x72, Black Frame Artwork",,False,True,,,True,,,draft,289.96,217.47,15.3,Stretched,305.26,579.99,90.0,53x72 (estimated),2025-05-29 00:51:14
purple-shade,,,,,,,,,52x72,,White,,Thin Floating Frame,PURPLE-SHADE-WHITE-THIN-FLOATING-FRAME-52X72,shopify,deny,manual,601.82,0.0,316.75,True,False,lb,0.0,https://cdn.shopify.com/s/files/1/0785/1504/4639/files/shade_purple_no1_canvas_white_frame_53x72_62df984e-6a0c-4a40-bfc0-eb59028f0e54.png?v=1713721258,2.0,"Abstract Art, Wall Art, Ready-To-Hang, Purple Shade, Shape Emergence, Frame Size-52x72, Frame Color-White,Frame Style-Thin Floating Frame, VividWalls, Artwork",https://cdn.shopify.com/s/files/1/0785/1504/4639/files/shade_purple_no1_canvas_white_frame_53x72_62df984e-6a0c-4a40-bfc0-eb59028f0e54.png?v=1713721258,,,,,,,,,,,285.3,213.98,31.45,Stretched,316.75,601.82,90.0,52x72 (estimated),2025-05-29 00:51:14
purple-shade,,,,,,,,,52x72,,,,,PURPLE-SHADE-NA-NA-52X72,shopify,deny,manual,542.07,0.0,285.3,True,False,lb,0.0,https://cdn.shopify.com/s/files/1/0785/1504/4639/files/shade_purple_no1_canvas_no_frame_53x72_1f0a3c13-292f-431e-affd-0a240a4179a1.png?v=1713721258,3.0,"Abstract Art, Wall Art, Ready-To-Hang, Purple Shade, Shape Emergence, Frame Size-52x72, Frame Color-NA,Frame Style-Thin Floating Frame, VividWalls, Artwork",https://cdn.shopify.com/s/files/1/0785/1504/4639/files/shade_purple_no1_canvas_no_frame_53x72_1f0a3c13-292f-431e-affd-0a240a4179a1.png?v=1713721258,,,,,,,,,,,285.3,213.98,0.0,Stretched,285.3,542.07,90.0,52x72 (estimated),2025-05-29 00:51:14
purple-shade,,,,,,,,,36x48,,Black,,Thin Floating Frame,PURPLE-SHADE-BLACK-THIN-FLOATING-FRAME-36X48,shopify,deny,manual,348.07,0.0,165.75,True,False,lb,0.0,https://cdn.shopify.com/s/files/1/0785/1504/4639/files/shade_purple_no1_canvas_black_frame_36x48_a947e651-fe56-4d02-86d7-8c5ee4f62db7.png?v=1713721258,4.0,"Abstract Art, Wall Art, Ready-To-Hang, Purple Shade, Shape Emergence, Frame Size-36x48, Frame Color-Black,Frame Style-Thin Floating Frame, VividWalls, Artwork",https://cdn.shopify.com/s/files/1/0785/1504/4639/files/shade_purple_no1_canvas_black_frame_36x48_a947e651-fe56-4d02-86d7-8c5ee4f62db7.png?v=1713721258,,,,,,,,,,,150.45,112.84,15.3,Stretched,165.75,348.07,110.0,36x48,2025-05-29 00:51:14
purple-shade,,,,,,,,,36x48,,White,,Thin Floating Frame,PURPLE-SHADE-WHITE-THIN-FLOATING-FRAME-36X48,shopify,deny,manual,381.99,0.0,181.9,True,False,lb,0.0,https://cdn.shopify.com/s/files/1/0785/1504/4639/files/shade_purple_no1_canvas_white_frame_36x48_5c698cae-d0b8-40b1-978a-aefa58aa54fe.png?v=1713721258,5.0,"Abstract Art, Wall Art, Ready-To-Hang, Purple Shade, Shape Emergence, Frame Size-36x48, Frame Color-White,Frame Style-Thin Floating Frame, VividWalls, Artwork",https://cdn.shopify.com/s/files/1/0785/1504/4639/files/shade_purple_no1_canvas_white_frame_36x48_5c698cae-d0b8-40b1-978a-aefa58aa54fe.png?v=1713721258,,,,,,,,,,,150.45,112.84,31.45,Stretched,181.9,381.99,110.0,36x48,2025-05-29 00:51:14
purple-shade,,,,,,,,,36x48,,,,,PURPLE-SHADE-NA-NA-36X48,shopify,deny,manual,315.94,0.0,150.45,True,False,lb,0.0,https://cdn.shopify.com/s/files/1/0785/1504/4639/files/shade_purple_no1_canvas_no_frame_36x48_31583630-8b41-493c-b790-c1d79b2e79bd.png?v=1713721258,6.0,"Abstract Art, Wall Art, Ready-To-Hang, Purple Shade, Shape Emergence, Frame Size-36x48, Frame Color-NA,Frame Style-Thin Floating Frame, VividWalls, Artwork",https://cdn.shopify.com/s/files/1/0785/1504/4639/files/shade_purple_no1_canvas_no_frame_36x48_31583630-8b41-493c-b790-c1d79b2e79bd.png?v=1713721258,,,,,,,,,,,150.45,112.84,0.0,Stretched,150.45,315.94,110.0,36x48,2025-05-29 00:51:14
purple-shade,,,,,,,,,24x36,,Black,,Thin Floating Frame,PURPLE-SHADE-BLACK-THIN-FLOATING-FRAME-24X36,shopify,deny,manual,210.63,0.0,100.3,True,False,lb,0.0,https://cdn.shopify.com/s/files/1/0785/1504/4639/files/shade_purple_no1_canvas_black_frame_24x36_b8d94d4e-384d-4632-92a6-547b9f1cf584.png?v=1713721258,7.0,"Abstract Art, Wall Art, Ready-To-Hang, Purple Shade, Shape Emergence, Frame Size-24x36, Frame Color-White,Frame Style-Thin Floating Frame, VividWalls, Artwork",https://cdn.shopify.com/s/files/1/0785/1504/4639/files/shade_purple_no1_canvas_black_frame_24x36_b8d94d4e-384d-4632-92a6-547b9f1cf584.png?v=1713721258,,,,,,,,,,,85.0,63.75,15.3,Stretched,100.3,210.63,110.0,24x36,2025-05-29 00:51:14
purple-shade,,,,,,,,,24x36,,White,,Thin Floating Frame,PURPLE-SHADE-WHITE-THIN-FLOATING-FRAME-24X36,shopify,deny,manual,244.55,0.0,116.45,True,False,lb,0.0,https://cdn.shopify.com/s/files/1/0785/1504/4639/files/shade_purple_no1_canvas_no_frame_24x36_14a2b319-d338-41cf-8c2f-8c780ef48f72.png?v=1713721258,8.0,"Abstract Art, Wall Art, Ready-To-Hang, Purple Shade, Shape Emergence, Frame Size-24x36, Frame Color-NA,Frame Style-Thin Floating Frame, VividWalls, Artwork",https://cdn.shopify.com/s/files/1/0785/1504/4639/files/shade_purple_no1_canvas_black_frame_24x36_b8d94d4e-384d-4632-92a6-547b9f1cf584.png?v=1713721258,,,,,,,,,,,85.0,63.75,31.45,Stretched,116.45,244.55,110.0,24x36,2025-05-29 00:51:14
purple-shade,,,,,,,,,24x36,,,,,PURPLE-SHADE-NA-NA-24X36,shopify,deny,manual,204.0,0.0,85.0,True,False,lb,0.0,,,,https://cdn.shopify.com/s/files/1/0785/1504/4639/files/shade_purple_no1_canvas_no_frame_24x36_14a2b319-d338-41cf-8c2f-8c780ef48f72.png?v=1713721258,,,,,,,,,,,85.0,63.75,0.0,Stretched,85.0,204.0,140.0,24x36,2025-05-29 00:51:14
festive-patterns-no3,Festive Patterns no3,"<div>
    <p>
        <span>Festive Patterns no3</span> from the <span>Shape Emergence</span> collection is a visually captivating piece that exhibits a complex assembly of geometric shapes. Intersecting lines and contrasting hues create a vibrant mosaic that seems to pulsate with energy. The diverse palette includes deep greens, blues, and earth tones, softened by touches of yellow and light gray, giving the impression of a harmonious chaos. The canvas texture provides a subtle depth, adding to the tactile quality of the digital image.
    </p>
</div>
<div>
    <div style=""display: flex; flex-wrap: wrap; gap: 10px; justify-content: start;"">
        <span style=""display: inline-block; font-size: 16px; border-radius: 20px; background-color: #f1f1f1; padding: 3px 10px;"">Geometric Abstraction</span>
        <span style=""display: inline-block; font-size: 16px; border-radius: 20px; background-color: #f1f1f1; padding: 3px 10px;"">Shape Emergence</span>
        <span style=""display: inline-block; font-size: 16px; border-radius: 20px; background-color: #f1f1f1; padding: 3px 10px;"">Vibrant Mosaic</span>
        <span style=""display: inline-block; font-size: 16px; border-radius: 20px; background-color: #f1f1f1; padding: 3px 10px;"">Harmonious Chaos</span>
        <span style=""display: inline-block; font-size: 16px; border-radius: 20px; background-color: #f1f1f1; padding: 3px 10px;"">Energy and Movement</span>
        <span style=""display: inline-block; font-size: 16px; border-radius: 20px; background-color: #f1f1f1; padding: 3px 10px;"">Canvas Texture Art</span>
        <span style=""display: inline-block; font-size: 16px; border-radius: 20px; background-color: #f1f1f1; padding: 3px 10px;"">Modern Decor</span>
        <span style=""display: inline-block; font-size: 16px; border-radius: 20px; background-color: #f1f1f1; padding: 3px 10px;"">Art Collectibles</span>
    </div>
</div>
",VividWalls,Home & Garden > Decor > Artwork,Artwork,Shape Emergence,False,Frame Size,53x72,Frame Color,Black,Frame Style,Thin Floating Frame,FESTIVE-PATTERNS-NO3-BLACK-THIN-FLOATING-FRAME-53X72,shopify,deny,manual,579.99,0.0,305.26,True,False,lb,0.0,https://cdn.shopify.com/s/files/1/0785/1504/4639/files/festive_pattern_no3_canvas_black_frame_53x72_de175a8d-5dfa-4498-baeb-967b7098a8eb.png?v=1713721232,1.0,"Abstract Art, Wall Art, Ready-To-Hang, Festive Patterns no3, Shape Emergence, Frame Size-53x72, Frame Color-Black,Frame Style-Thin Floating Frame, VividWalls, Artwork",https://cdn.shopify.com/s/files/1/0785/1504/4639/files/festive_pattern_no3_canvas_black_frame_53x72_de175a8d-5dfa-4498-baeb-967b7098a8eb.png?v=1713721232,"Abstract Art, Wall Art, Ready-To-Hang, Collection Shape Emergence Festive Patterns no3 53x72, Black Frame Artwork",,False,True,,,True,,,draft,289.96,217.47,15.3,Stretched,305.26,579.99,90.0,53x72 (estimated),2025-05-29 00:51:14
festive-patterns-no3,,,,,,,,,52x72,,White,,Thin Floating Frame,FESTIVE-PATTERNS-NO3-WHITE-THIN-FLOATING-FRAME-52X72,shopify,deny,manual,601.82,0.0,316.75,True,False,lb,0.0,https://cdn.shopify.com/s/files/1/0785/1504/4639/files/festive_pattern_no3_canvas_white_frame_53x72_dcc87c10-e0e6-4ac4-b98c-73ebc773de8e.png?v=1713721232,2.0,"Abstract Art, Wall Art, Ready-To-Hang, Festive Patterns no3, Shape Emergence, Frame Size-52x72, Frame Color-White,Frame Style-Thin Floating Frame, VividWalls, Artwork",https://cdn.shopify.com/s/files/1/0785/1504/4639/files/festive_pattern_no3_canvas_white_frame_53x72_dcc87c10-e0e6-4ac4-b98c-73ebc773de8e.png?v=1713721232,,,,,,,,,,,285.3,213.98,31.45,Stretched,316.75,601.82,90.0,52x72 (estimated),2025-05-29 00:51:14
festive-patterns-no3,,,,,,,,,52x72,,,,,FESTIVE-PATTERNS-NO3-NA-NA-52X72,shopify,deny,manual,542.07,0.0,285.3,True,False,lb,0.0,https://cdn.shopify.com/s/files/1/0785/1504/4639/files/festive_pattern_no3_canvas_no_frame_53x72_69fa9885-9d33-4dbc-9de5-76f874fc9bd9.png?v=1713721232,3.0,"Abstract Art, Wall Art, Ready-To-Hang, Festive Patterns no3, Shape Emergence, Frame Size-52x72, Frame Color-NA,Frame Style-Thin Floating Frame, VividWalls, Artwork",https://cdn.shopify.com/s/files/1/0785/1504/4639/files/festive_pattern_no3_canvas_no_frame_53x72_69fa9885-9d33-4dbc-9de5-76f874fc9bd9.png?v=1713721232,,,,,,,,,,,285.3,213.98,0.0,Stretched,285.3,542.07,90.0,52x72 (estimated),2025-05-29 00:51:14
festive-patterns-no3,,,,,,,,,36x48,,Black,,Thin Floating Frame,FESTIVE-PATTERNS-NO3-BLACK-THIN-FLOATING-FRAME-36X48,shopify,deny,manual,348.07,0.0,165.75,True,False,lb,0.0,https://cdn.shopify.com/s/files/1/0785/1504/4639/files/festive_pattern_no3_canvas_black_frame_36x48_730860ed-1402-4b77-a1df-9ab34481bea5.png?v=1713721232,4.0,"Abstract Art, Wall Art, Ready-To-Hang, Festive Patterns no3, Shape Emergence, Frame Size-36x48, Frame Color-Black,Frame Style-Thin Floating Frame, VividWalls, Artwork",https://cdn.shopify.com/s/files/1/0785/1504/4639/files/festive_pattern_no3_canvas_black_frame_36x48_730860ed-1402-4b77-a1df-9ab34481bea5.png?v=1713721232,,,,,,,,,,,150.45,112.84,15.3,Stretched,165.75,348.07,110.0,36x48,2025-05-29 00:51:14
festive-patterns-no3,,,,,,,,,36x48,,White,,Thin Floating Frame,FESTIVE-PATTERNS-NO3-WHITE-THIN-FLOATING-FRAME-36X48,shopify,deny,manual,381.99,0.0,181.9,True,False,lb,0.0,https://cdn.shopify.com/s/files/1/0785/1504/4639/files/festive_pattern_no3_canvas_white_frame_36x48_5a57c560-75eb-44d8-9e34-b33f6c30fc70.png?v=1713721232,5.0,"Abstract Art, Wall Art, Ready-To-Hang, Festive Patterns no3, Shape Emergence, Frame Size-36x48, Frame Color-White,Frame Style-Thin Floating Frame, VividWalls, Artwork",https://cdn.shopify.com/s/files/1/0785/1504/4639/files/festive_pattern_no3_canvas_white_frame_36x48_5a57c560-75eb-44d8-9e34-b33f6c30fc70.png?v=1713721232,,,,,,,,,,,150.45,112.84,31.45,Stretched,181.9,381.99,110.0,36x48,2025-05-29 00:51:14
festive-patterns-no3,,,,,,,,,36x48,,,,,FESTIVE-PATTERNS-NO3-NA-NA-36X48,shopify,deny,manual,315.94,0.0,150.45,True,False,lb,0.0,https://cdn.shopify.com/s/files/1/0785/1504/4639/files/festive_pattern_no3_canvas_no_frame_36x48_6eb0a7c7-2b0c-4cd0-b87f-e819a42ffc0a.png?v=1713721232,6.0,"Abstract Art, Wall Art, Ready-To-Hang, Festive Patterns no3, Shape Emergence, Frame Size-36x48, Frame Color-NA,Frame Style-Thin Floating Frame, VividWalls, Artwork",https://cdn.shopify.com/s/files/1/0785/1504/4639/files/festive_pattern_no3_canvas_no_frame_36x48_6eb0a7c7-2b0c-4cd0-b87f-e819a42ffc0a.png?v=1713721232,,,,,,,,,,,150.45,112.84,0.0,Stretched,150.45,315.94,110.0,36x48,2025-05-29 00:51:14
festive-patterns-no3,,,,,,,,,24x36,,Black,,Thin Floating Frame,FESTIVE-PATTERNS-NO3-BLACK-THIN-FLOATING-FRAME-24X36,shopify,deny,manual,210.63,0.0,100.3,True,False,lb,0.0,https://cdn.shopify.com/s/files/1/0785/1504/4639/files/festive_pattern_no3_canvas_black_frame_24x36_24ad55f1-e02e-45d1-bcb0-d792138d5eef.png?v=1713721232,7.0,"Abstract Art, Wall Art, Ready-To-Hang, Festive Patterns no3, Shape Emergence, Frame Size-24x36, Frame Color-Black,Frame Style-Thin Floating Frame, VividWalls, Artwork",https://cdn.shopify.com/s/files/1/0785/1504/4639/files/festive_pattern_no3_canvas_black_frame_24x36_24ad55f1-e02e-45d1-bcb0-d792138d5eef.png?v=1713721232,,,,,,,,,,,85.0,63.75,15.3,Stretched,100.3,210.63,110.0,24x36,2025-05-29 00:51:14
festive-patterns-no3,,,,,,,,,24x36,,White,,Thin Floating Frame,FESTIVE-PATTERNS-NO3-WHITE-THIN-FLOATING-FRAME-24X36,shopify,deny,manual,244.55,0.0,116.45,True,False,lb,0.0,https://cdn.shopify.com/s/files/1/0785/1504/4639/files/festive_pattern_no3_canvas_white_frame_24x36_04b5979f-05dc-4417-9e77-a2e9f871abf4.png?v=1713721232,8.0,"Abstract Art, Wall Art, Ready-To-Hang, Festive Patterns no3, Shape Emergence, Frame Size-24x36, Frame Color-White,Frame Style-Thin Floating Frame, VividWalls, Artwork",https://cdn.shopify.com/s/files/1/0785/1504/4639/files/festive_pattern_no3_canvas_white_frame_24x36_04b5979f-05dc-4417-9e77-a2e9f871abf4.png?v=1713721232,,,,,,,,,,,85.0,63.75,31.45,Stretched,116.45,244.55,110.0,24x36,2025-05-29 00:51:14
festive-patterns-no3,,,,,,,,,24x36,,,,,FESTIVE-PATTERNS-NO3-NA-NA-24X36,shopify,deny,manual,204.0,0.0,85.0,True,False,lb,0.0,https://cdn.shopify.com/s/files/1/0785/1504/4639/files/festive_pattern_no3_canvas_no_frame_24x36_e9f7cdb6-c658-448a-a84c-5f949ed43b4a.png?v=1713721232,9.0,"Abstract Art, Wall Art, Ready-To-Hang, Festive Patterns no3, Shape Emergence, Frame Size-24x36, Frame Color-NA,Frame Style-Thin Floating Frame, VividWalls, Artwork",https://cdn.shopify.com/s/files/1/0785/1504/4639/files/festive_pattern_no3_canvas_no_frame_24x36_e9f7cdb6-c658-448a-a84c-5f949ed43b4a.png?v=1713721232,,,,,,,,,,,85.0,63.75,0.0,Stretched,85.0,204.0,140.0,24x36,2025-05-29 00:51:14
festive-patterns-no1,Festive Patterns no1,"<div>
<p><span>Festive Patterns no1</span> from the <span>Shape Emergence</span> collection showcases a dynamic interplay of geometric shapes and colors. The composition is a vivid tapestry of overlapping forms, predominantly in shades of deep blue, rich purples, and vibrant reds, creating a sense of layered depth. White spaces peek through, offering a stark contrast that accentuates the overall boldness of the artwork. The canvas texture adds an organic touch to the sharp geometric lines, highlighting the intricate digital craftsmanship.</p>
</div>
<div>
<div style=""display: flex; flex-wrap: wrap; gap: 10px; justify-content: start;"">
<span style=""display: inline-block; font-size: 16px; border-radius: 20px; background-color: #f1f1f1; padding: 3px 10px;"">Festive Artwork</span> <span style=""display: inline-block; font-size: 16px; border-radius: 20px; background-color: #f1f1f1; padding: 3px 10px;"">Shape Emergence</span> <span style=""display: inline-block; font-size: 16px; border-radius: 20px; background-color: #f1f1f1; padding: 3px 10px;"">Geometric Art</span> <span style=""display: inline-block; font-size: 16px; border-radius: 20px; background-color: #f1f1f1; padding: 3px 10px;"">Color Interplay</span> <span style=""display: inline-block; font-size: 16px; border-radius: 20px; background-color: #f1f1f1; padding: 3px 10px;"">Digital Craftsmanship</span> <span style=""display: inline-block; font-size: 16px; border-radius: 20px; background-color: #f1f1f1; padding: 3px 10px;"">Layered Depth Art</span> <span style=""display: inline-block; font-size: 16px; border-radius: 20px; background-color: #f1f1f1; padding: 3px 10px;"">Canvas Texture</span> <span style=""display: inline-block; font-size: 16px; border-radius: 20px; background-color: #f1f1f1; padding: 3px 10px;"">Abstract Composition</span> <span style=""display: inline-block; font-size: 16px; border-radius: 20px; background-color: #f1f1f1; padding: 3px 10px;"">Home Decor Art</span>
</div>
</div>",VividWalls,Home & Garden > Decor > Artwork,Artwork,Shape Emergence,False,Frame Size,53x72,Frame Color,Black,Frame Style,Thin Floating Frame,FESTIVE-PATTERNS-NO1-BLACK-THIN-FLOATING-FRAME-53X72,shopify,deny,manual,579.99,0.0,305.26,True,False,lb,0.0,https://cdn.shopify.com/s/files/1/0785/1504/4639/files/festive_pattern_no1_canvas_black_frame_53x72_64c37ff0-2698-4a38-b9bd-ffc947aabfb2.png?v=1713721202,1.0,"Abstract Art, Wall Art, Ready-To-Hang, Festive Patterns no1, Shape Emergence, Frame Size-53x72, Frame Color-Black,Frame Style-Thin Floating Frame, VividWalls, Artwork",https://cdn.shopify.com/s/files/1/0785/1504/4639/files/festive_pattern_no1_canvas_black_frame_53x72_64c37ff0-2698-4a38-b9bd-ffc947aabfb2.png?v=1713721202,"Abstract Art, Wall Art, Ready-To-Hang, Collection Shape Emergence Festive Patterns no1 53x72, Black Frame Artwork",,False,True,,,True,,,draft,289.96,217.47,15.3,Stretched,305.26,579.99,90.0,53x72 (estimated),2025-05-29 00:51:14
festive-patterns-no1,,,,,,,,,52x72,,White,,Thin Floating Frame,FESTIVE-PATTERNS-NO1-WHITE-THIN-FLOATING-FRAME-52X72,shopify,deny,manual,601.82,0.0,316.75,True,False,lb,0.0,https://cdn.shopify.com/s/files/1/0785/1504/4639/files/festive_pattern_no1_canvas_white_frame_53x72_18151492-04c3-4b7c-885c-fae634337541.png?v=1713721202,2.0,"Abstract Art, Wall Art, Ready-To-Hang, Festive Patterns no1, Shape Emergence, Frame Size-52x72, Frame Color-White,Frame Style-Thin Floating Frame, VividWalls, Artwork",https://cdn.shopify.com/s/files/1/0785/1504/4639/files/festive_pattern_no1_canvas_white_frame_53x72_18151492-04c3-4b7c-885c-fae634337541.png?v=1713721202,,,,,,,,,,,285.3,213.98,31.45,Stretched,316.75,601.82,90.0,52x72 (estimated),2025-05-29 00:51:14
festive-patterns-no1,,,,,,,,,52x72,,,,,FESTIVE-PATTERNS-NO1-NA-NA-52X72,shopify,deny,manual,542.07,0.0,285.3,True,False,lb,0.0,https://cdn.shopify.com/s/files/1/0785/1504/4639/files/festive_pattern_no1_canvas_no_frame_53x72_8aea4ecc-d247-4aa8-9929-e6131c98426c.png?v=1713721203,3.0,"Abstract Art, Wall Art, Ready-To-Hang, Festive Patterns no1, Shape Emergence, Frame Size-52x72, Frame Color-NA,Frame Style-Thin Floating Frame, VividWalls, Artwork",https://cdn.shopify.com/s/files/1/0785/1504/4639/files/festive_pattern_no1_canvas_no_frame_53x72_8aea4ecc-d247-4aa8-9929-e6131c98426c.png?v=1713721203,,,,,,,,,,,285.3,213.98,0.0,Stretched,285.3,542.07,90.0,52x72 (estimated),2025-05-29 00:51:14
festive-patterns-no1,,,,,,,,,36x48,,Black,,Thin Floating Frame,FESTIVE-PATTERNS-NO1-BLACK-THIN-FLOATING-FRAME-36X48,shopify,deny,manual,348.07,0.0,165.75,True,False,lb,0.0,https://cdn.shopify.com/s/files/1/0785/1504/4639/files/festive_pattern_no1_canvas_white_frame_36x48_7ad597ba-86a6-4be5-8bd4-39fa54a04de7.png?v=1713721203,4.0,"Abstract Art, Wall Art, Ready-To-Hang, Festive Patterns no1, Shape Emergence, Frame Size-36x48, Frame Color-White,Frame Style-Thin Floating Frame, VividWalls, Artwork",https://cdn.shopify.com/s/files/1/0785/1504/4639/files/festive_pattern_no1_canvas_black_frame_36x24_7953f151-d889-4018-b15d-7ca9d5b5ef62.png?v=1713721203,,,,,,,,,,,150.45,112.84,15.3,Stretched,165.75,348.07,110.0,36x48,2025-05-29 00:51:14
festive-patterns-no1,,,,,,,,,36x48,,White,,Thin Floating Frame,FESTIVE-PATTERNS-NO1-WHITE-THIN-FLOATING-FRAME-36X48,shopify,deny,manual,381.99,0.0,181.9,True,False,lb,0.0,https://cdn.shopify.com/s/files/1/0785/1504/4639/files/festive_pattern_no1_canvas_black_frame_36x24_7953f151-d889-4018-b15d-7ca9d5b5ef62.png?v=1713721203,5.0,"Abstract Art, Wall Art, Ready-To-Hang, Festive Patterns no1, Shape Emergence, Frame Size-36x48, Frame Color-NA,Frame Style-Thin Floating Frame, VividWalls, Artwork",https://cdn.shopify.com/s/files/1/0785/1504/4639/files/festive_pattern_no1_canvas_white_frame_36x48_7ad597ba-86a6-4be5-8bd4-39fa54a04de7.png?v=1713721203,,,,,,,,,,,150.45,112.84,31.45,Stretched,181.9,381.99,110.0,36x48,2025-05-29 00:51:14
festive-patterns-no1,,,,,,,,,36x48,,,,,FESTIVE-PATTERNS-NO1-NA-NA-36X48,shopify,deny,manual,315.94,0.0,150.45,True,False,lb,0.0,https://cdn.shopify.com/s/files/1/0785/1504/4639/files/festive_pattern_no1_canvas_black_frame_24x36_419ac9a8-d276-4fd7-9a40-bc7b4432a998.png?v=1713721203,6.0,"Abstract Art, Wall Art, Ready-To-Hang, Festive Patterns no1, Shape Emergence, Frame Size-24x36, Frame Color-Black,Frame Style-Thin Floating Frame, VividWalls, Artwork",https://cdn.shopify.com/s/files/1/0785/1504/4639/files/festive_pattern_no1_canvas_black_frame_36x24_7953f151-d889-4018-b15d-7ca9d5b5ef62.png?v=1713721203,,,,,,,,,,,150.45,112.84,0.0,Stretched,150.45,315.94,110.0,36x48,2025-05-29 00:51:14
festive-patterns-no1,,,,,,,,,24x36,,Black,,Thin Floating Frame,FESTIVE-PATTERNS-NO1-BLACK-THIN-FLOATING-FRAME-24X36,shopify,deny,manual,210.63,0.0,100.3,True,False,lb,0.0,https://cdn.shopify.com/s/files/1/0785/1504/4639/files/festive_pattern_no1_canvas_white_frame_24x36_2e790fcd-d0de-459a-9345-fa1aff1f6743.png?v=1713721203,7.0,"Abstract Art, Wall Art, Ready-To-Hang, Festive Patterns no1, Shape Emergence, Frame Size-24x36, Frame Color-White,Frame Style-Thin Floating Frame, VividWalls, Artwork",https://cdn.shopify.com/s/files/1/0785/1504/4639/files/festive_pattern_no1_canvas_black_frame_24x36_419ac9a8-d276-4fd7-9a40-bc7b4432a998.png?v=1713721203,,,,,,,,,,,85.0,63.75,15.3,Stretched,100.3,210.63,110.0,24x36,2025-05-29 00:51:14
festive-patterns-no1,,,,,,,,,24x36,,White,,Thin Floating Frame,FESTIVE-PATTERNS-NO1-WHITE-THIN-FLOATING-FRAME-24X36,shopify,deny,manual,244.55,0.0,116.45,True,False,lb,0.0,https://cdn.shopify.com/s/files/1/0785/1504/4639/files/festive_pattern_no1_canvas_no_frame_24x36_411e449f-2871-4579-a31f-f9d05647752b.png?v=1713721203,8.0,"Abstract Art, Wall Art, Ready-To-Hang, Festive Patterns no1, Shape Emergence, Frame Size-24x36, Frame Color-NA,Frame Style-Thin Floating Frame, VividWalls, Artwork",https://cdn.shopify.com/s/files/1/0785/1504/4639/files/festive_pattern_no1_canvas_white_frame_24x36_2e790fcd-d0de-459a-9345-fa1aff1f6743.png?v=1713721203,,,,,,,,,,,85.0,63.75,31.45,Stretched,116.45,244.55,110.0,24x36,2025-05-29 00:51:14
festive-patterns-no1,,,,,,,,,24x36,,,,,FESTIVE-PATTERNS-NO1-NA-NA-24X36,shopify,deny,manual,204.0,0.0,85.0,True,False,lb,0.0,,,,https://cdn.shopify.com/s/files/1/0785/1504/4639/files/festive_pattern_no1_canvas_no_frame_24x36_411e449f-2871-4579-a31f-f9d05647752b.png?v=1713721203,,,,,,,,,,,85.0,63.75,0.0,Stretched,85.0,204.0,140.0,24x36,2025-05-29 00:51:14
festive-patterns-no2,Festive Patterns no2,"<div>
    <p>
        <span>Festive Patterns no2</span> from the <span>Shape Emergence</span> collection features a vibrant array of overlapping geometric shapes in bold reds and deep greens, highlighted with accents of blue and white. The complexity of the forms creates a dynamic sense of movement, as if the shapes are emerging and retreating from the canvas in a rhythmic dance. The canvas texture adds depth and a tactile quality to the digital composition, enhancing the visual experience.
    </p>
</div>
<div>
    <div style=""display: flex; flex-wrap: wrap; gap: 10px; justify-content: start;"">
        <span style=""display: inline-block; font-size: 16px; border-radius: 20px; background-color: #f1f1f1; padding: 3px 10px;"">Festive Artwork</span>
        <span style=""display: inline-block; font-size: 16px; border-radius: 20px; background-color: #f1f1f1; padding: 3px 10px;"">Shape Emergence</span>
        <span style=""display: inline-block; font-size: 16px; border-radius: 20px; background-color: #f1f1f1; padding: 3px 10px;"">Geometric Art</span>
        <span style=""display: inline-block; font-size: 16px; border-radius: 20px; background-color: #f1f1f1; padding: 3px 10px;"">Red and Green Patterns</span>
        <span style=""display: inline-block; font-size: 16px; border-radius: 20px; background-color: #f1f1f1; padding: 3px 10px;"">Dynamic Composition</span>
        <span style=""display: inline-block; font-size: 16px; border-radius: 20px; background-color: #f1f1f1; padding: 3px 10px;"">Rhythmic Art</span>
        <span style=""display: inline-block; font-size: 16px; border-radius: 20px; background-color: #f1f1f1; padding: 3px 10px;"">Canvas Texture</span>
        <span style=""display: inline-block; font-size: 16px; border-radius: 20px; background-color: #f1f1f1; padding: 3px 10px;"">Visual Movement</span>
        <span style=""display: inline-block; font-size: 16px; border-radius: 20px; background-color: #f1f1f1; padding: 3px 10px;"">Digital Art</span>
        <span style=""display: inline-block; font-size: 16px; border-radius: 20px; background-color: #f1f1f1; padding: 3px 10px;"">Contemporary Decor</span>
    </div>
</div>
",VividWalls,Home & Garden > Decor > Artwork,Artwork,Shape Emergence,False,Frame Size,53x72,Frame Color,Black,Frame Style,Thin Floating Frame,FESTIVE-PATTERNS-NO2-BLACK-THIN-FLOATING-FRAME-53X72,shopify,deny,manual,579.99,0.0,305.26,True,False,lb,0.0,https://cdn.shopify.com/s/files/1/0785/1504/4639/files/festive_pattern_no2_canvas_black_frame_53x72_fa5453d8-5d5e-4930-bc19-eaf86a242ab4.png?v=1713721179,1.0,"Abstract Art, Wall Art, Ready-To-Hang, Festive Patterns no2, Shape Emergence, Frame Size-53x72, Frame Color-Black,Frame Style-Thin Floating Frame, VividWalls, Artwork",https://cdn.shopify.com/s/files/1/0785/1504/4639/files/festive_pattern_no2_canvas_black_frame_53x72_fa5453d8-5d5e-4930-bc19-eaf86a242ab4.png?v=1713721179,"Abstract Art, Wall Art, Ready-To-Hang, Collection Shape Emergence Festive Patterns no2 53x72, Black Frame Artwork",,False,True,,,True,,,draft,289.96,217.47,15.3,Stretched,305.26,579.99,90.0,53x72 (estimated),2025-05-29 00:51:14
festive-patterns-no2,,,,,,,,,53x72,,White,,Thin Floating Frame,FESTIVE-PATTERNS-NO2-WHITE-THIN-FLOATING-FRAME-53X72,shopify,deny,manual,610.68,0.0,321.41,True,False,lb,0.0,https://cdn.shopify.com/s/files/1/0785/1504/4639/files/festive_pattern_no2_canvas_white_frame_53x72_76c075cc-cb59-4960-b37e-5c5f4e79a6a1.png?v=1713721179,2.0,"Abstract Art, Wall Art, Ready-To-Hang, Festive Patterns no2, Shape Emergence, Frame Size-53x72, Frame Color-White,Frame Style-Thin Floating Frame, VividWalls, Artwork",https://cdn.shopify.com/s/files/1/0785/1504/4639/files/festive_pattern_no2_canvas_white_frame_53x72_76c075cc-cb59-4960-b37e-5c5f4e79a6a1.png?v=1713721179,,,,,,,,,,,289.96,217.47,31.45,Stretched,321.41,610.68,90.0,53x72 (estimated),2025-05-29 00:51:14
festive-patterns-no2,,,,,,,,,53x72,,,,,FESTIVE-PATTERNS-NO2-NA-NA-53X72,shopify,deny,manual,550.92,0.0,289.96,True,False,lb,0.0,https://cdn.shopify.com/s/files/1/0785/1504/4639/files/festive_pattern_no2_canvas_no_frame_53x72_881b8078-faa4-4735-b654-9029c957f05d.png?v=1713721179,3.0,"Abstract Art, Wall Art, Ready-To-Hang, Festive Patterns no2, Shape Emergence, Frame Size-53x72, Frame Color-NA,Frame Style-Thin Floating Frame, VividWalls, Artwork",https://cdn.shopify.com/s/files/1/0785/1504/4639/files/festive_pattern_no2_canvas_no_frame_53x72_881b8078-faa4-4735-b654-9029c957f05d.png?v=1713721179,,,,,,,,,,,289.96,217.47,0.0,Stretched,289.96,550.92,90.0,53x72 (estimated),2025-05-29 00:51:14
festive-patterns-no2,,,,,,,,,36x48,,Black,,Thin Floating Frame,FESTIVE-PATTERNS-NO2-BLACK-THIN-FLOATING-FRAME-36X48,shopify,deny,manual,348.07,0.0,165.75,True,False,lb,0.0,https://cdn.shopify.com/s/files/1/0785/1504/4639/files/festive_pattern_no2_canvas_black_frame_36x48_8ec49999-0dcc-48c6-b73a-9521e3f62daf.png?v=1713721179,4.0,"Abstract Art, Wall Art, Ready-To-Hang, Festive Patterns no2, Shape Emergence, Frame Size-36x48, Frame Color-Black,Frame Style-Thin Floating Frame, VividWalls, Artwork",https://cdn.shopify.com/s/files/1/0785/1504/4639/files/festive_pattern_no2_canvas_black_frame_36x48_8ec49999-0dcc-48c6-b73a-9521e3f62daf.png?v=1713721179,,,,,,,,,,,150.45,112.84,15.3,Stretched,165.75,348.07,110.0,36x48,2025-05-29 00:51:14
festive-patterns-no2,,,,,,,,,36x48,,White,,Thin Floating Frame,FESTIVE-PATTERNS-NO2-WHITE-THIN-FLOATING-FRAME-36X48,shopify,deny,manual,381.99,0.0,181.9,True,False,lb,0.0,https://cdn.shopify.com/s/files/1/0785/1504/4639/files/festive_pattern_no2_canvas_white_frame_36x48_429275e4-89f8-4347-995d-71a20e90687c.png?v=1713721179,5.0,"Abstract Art, Wall Art, Ready-To-Hang, Festive Patterns no2, Shape Emergence, Frame Size-36x48, Frame Color-White,Frame Style-Thin Floating Frame, VividWalls, Artwork",https://cdn.shopify.com/s/files/1/0785/1504/4639/files/festive_pattern_no2_canvas_white_frame_36x48_429275e4-89f8-4347-995d-71a20e90687c.png?v=1713721179,,,,,,,,,,,150.45,112.84,31.45,Stretched,181.9,381.99,110.0,36x48,2025-05-29 00:51:14
festive-patterns-no2,,,,,,,,,36x48,,,,,FESTIVE-PATTERNS-NO2-NA-NA-36X48,shopify,deny,manual,315.94,0.0,150.45,True,False,lb,0.0,https://cdn.shopify.com/s/files/1/0785/1504/4639/files/festive_pattern_no2_canvas_no_frame_36x48_1f8f8c7f-87b2-4515-98b5-6f50d971543b.png?v=1713721179,6.0,"Abstract Art, Wall Art, Ready-To-Hang, Festive Patterns no2, Shape Emergence, Frame Size-36x48, Frame Color-NA,Frame Style-Thin Floating Frame, VividWalls, Artwork",https://cdn.shopify.com/s/files/1/0785/1504/4639/files/festive_pattern_no2_canvas_no_frame_36x48_1f8f8c7f-87b2-4515-98b5-6f50d971543b.png?v=1713721179,,,,,,,,,,,150.45,112.84,0.0,Stretched,150.45,315.94,110.0,36x48,2025-05-29 00:51:14
festive-patterns-no2,,,,,,,,,24x36,,Black,,Thin Floating Frame,FESTIVE-PATTERNS-NO2-BLACK-THIN-FLOATING-FRAME-24X36,shopify,deny,manual,210.63,0.0,100.3,True,False,lb,0.0,https://cdn.shopify.com/s/files/1/0785/1504/4639/files/festive_pattern_no2_canvas_black_frame_24x36_8bb71d5f-29fd-4260-a4ea-1d275a27ca67.png?v=1713721179,7.0,"Abstract Art, Wall Art, Ready-To-Hang, Festive Patterns no2, Shape Emergence, Frame Size-24x36, Frame Color-Black,Frame Style-Thin Floating Frame, VividWalls, Artwork",https://cdn.shopify.com/s/files/1/0785/1504/4639/files/festive_pattern_no2_canvas_black_frame_24x36_8bb71d5f-29fd-4260-a4ea-1d275a27ca67.png?v=1713721179,,,,,,,,,,,85.0,63.75,15.3,Stretched,100.3,210.63,110.0,24x36,2025-05-29 00:51:14
festive-patterns-no2,,,,,,,,,24x36,,White,,Thin Floating Frame,FESTIVE-PATTERNS-NO2-WHITE-THIN-FLOATING-FRAME-24X36,shopify,deny,manual,244.55,0.0,116.45,True,False,lb,0.0,https://cdn.shopify.com/s/files/1/0785/1504/4639/files/festive_pattern_no2_canvas_white_frame_24x36_db8c2f01-b6d8-452b-a9b8-fe8ffd522324.png?v=1713721179,8.0,"Abstract Art, Wall Art, Ready-To-Hang, Festive Patterns no2, Shape Emergence, Frame Size-24x36, Frame Color-White,Frame Style-Thin Floating Frame, VividWalls, Artwork",https://cdn.shopify.com/s/files/1/0785/1504/4639/files/festive_pattern_no2_canvas_white_frame_24x36_db8c2f01-b6d8-452b-a9b8-fe8ffd522324.png?v=1713721179,,,,,,,,,,,85.0,63.75,31.45,Stretched,116.45,244.55,110.0,24x36,2025-05-29 00:51:14
festive-patterns-no2,,,,,,,,,24x36,,,,,FESTIVE-PATTERNS-NO2-NA-NA-24X36,shopify,deny,manual,204.0,0.0,85.0,True,False,lb,0.0,https://cdn.shopify.com/s/files/1/0785/1504/4639/files/festive_pattern_no2_canvas_no_frame_24x36_03f3435c-8db5-4ec9-8513-e1bd8a070ae5.png?v=1713721179,9.0,"Abstract Art, Wall Art, Ready-To-Hang, Festive Patterns no2, Shape Emergence, Frame Size-24x36, Frame Color-NA,Frame Style-Thin Floating Frame, VividWalls, Artwork",https://cdn.shopify.com/s/files/1/0785/1504/4639/files/festive_pattern_no2_canvas_no_frame_24x36_03f3435c-8db5-4ec9-8513-e1bd8a070ae5.png?v=1713721179,,,,,,,,,,,85.0,63.75,0.0,Stretched,85.0,204.0,140.0,24x36,2025-05-29 00:51:14
earthy-kimono,Earthy Kimono,"<div>
    <p>
        <span>Earthy Kimono</span> from the <span>Geometric Symmetry</span> collection captures the essence of traditional Japanese attire with a contemporary twist. The artwork is a rich tapestry of warm earth tones, intersected by bold geometric shapes that mimic the folds and creases of a kimono. The layered textures and color gradients add depth and intrigue, creating a piece that is both grounded in nature and vibrant in its execution.
    </p>
</div>
<div>
    <div style=""display: flex; flex-wrap: wrap; gap: 10px; justify-content: start;"">
        <span style=""display: inline-block; font-size: 16px; border-radius: 20px; background-color: #f1f1f1; padding: 3px 10px;"">Earthy Tones</span>
        <span style=""display: inline-block; font-size: 16px; border-radius: 20px; background-color: #f1f1f1; padding: 3px 10px;"">Geometric Symmetry</span>
        <span style=""display: inline-block; font-size: 16px; border-radius: 20px; background-color: #f1f1f1; padding: 3px 10px;"">Kimono Folds</span>
        <span style=""display: inline-block; font-size: 16px; border-radius: 20px; background-color: #f1f1f1; padding: 3px 10px;"">Contemporary Art</span>
        <span style=""display: inline-block; font-size: 16px; border-radius: 20px; background-color: #f1f1f1; padding: 3px 10px;"">Textured Depth</span>
        <span style=""display: inline-block; font-size: 16px; border-radius: 20px; background-color: #f1f1f1; padding: 3px 10px;"">Color Gradients</span>
        <span style=""display: inline-block; font-size: 16px; border-radius: 20px; background-color: #f1f1f1; padding: 3px 10px;"">Intriguing Visuals</span>
        <span style=""display: inline-block; font-size: 16px; border-radius: 20px; background-color: #f1f1f1; padding: 3px 10px;"">Nature Inspired</span>
        <span style=""display: inline-block; font-size: 16px; border-radius: 20px; background-color: #f1f1f1; padding: 3px 10px;"">Vibrant Execution</span>
        <span style=""display: inline-block; font-size: 16px; border-radius: 20px; background-color: #f1f1f1; padding: 3px 10px;"">Artistic Interpretation</span>
    </div>
</div>
",VividWalls,Home & Garden > Decor > Artwork,Artwork,Geometric Symmetry,True,Frame Size,53x72,Frame Color,Black,Frame Style,Thin Floating Frame,EARTHY-KIMONO-BLACK-THIN-FLOATING-FRAME-53X72,shopify,deny,manual,579.99,0.0,305.26,True,False,lb,0.0,https://cdn.shopify.com/s/files/1/0785/1504/4639/files/earthy_kimono_no4_black_frame_53x72_d11f4d12-b239-4cda-967f-e4ad1f24c370.png?v=1713721967,1.0,"Abstract Art, Wall Art, Ready-To-Hang, Earthy Kimono, Geometric Symmetry, Frame Size-53x72, Frame Color-Black,Frame Style-Thin Floating Frame, VividWalls, Artwork",https://cdn.shopify.com/s/files/1/0785/1504/4639/files/earthy_kimono_no4_black_frame_53x72_d11f4d12-b239-4cda-967f-e4ad1f24c370.png?v=1713721967,"Abstract Art, Wall Art, Ready-To-Hang, Collection Geometric Symmetry Earthy Kimono 53x72, Black Frame Artwork",,False,True,,,True,,,active,289.96,217.47,15.3,Stretched,305.26,579.99,90.0,53x72 (estimated),2025-05-29 00:51:14
earthy-kimono,,,,,,,,,53x72,,White,,Thin Floating Frame,EARTHY-KIMONO-WHITE-THIN-FLOATING-FRAME-53X72,shopify,deny,manual,610.68,0.0,321.41,True,False,lb,0.0,https://cdn.shopify.com/s/files/1/0785/1504/4639/files/earthy_kimono_no4_white_frame_53x72_f35a1a4e-0f0f-41bc-bc76-27ffe648dc19.png?v=1713721967,2.0,"Abstract Art, Wall Art, Ready-To-Hang, Earthy Kimono, Geometric Symmetry, Frame Size-53x72, Frame Color-White,Frame Style-Thin Floating Frame, VividWalls, Artwork",https://cdn.shopify.com/s/files/1/0785/1504/4639/files/earthy_kimono_no4_white_frame_53x72_f35a1a4e-0f0f-41bc-bc76-27ffe648dc19.png?v=1713721967,,,,,,,,,,,289.96,217.47,31.45,Stretched,321.41,610.68,90.0,53x72 (estimated),2025-05-29 00:51:14
earthy-kimono,,,,,,,,,53x72,,,,,EARTHY-KIMONO-NA-NA-53X72,shopify,deny,manual,550.92,0.0,289.96,True,False,lb,0.0,https://cdn.shopify.com/s/files/1/0785/1504/4639/files/earthy_kimono_no4_no_frame_53x72_503a3266-fc24-4e64-9748-435d7778a606.png?v=1713721967,3.0,"Abstract Art, Wall Art, Ready-To-Hang, Earthy Kimono, Geometric Symmetry, Frame Size-53x72, Frame Color-NA,Frame Style-Thin Floating Frame, VividWalls, Artwork",https://cdn.shopify.com/s/files/1/0785/1504/4639/files/earthy_kimono_no4_no_frame_53x72_503a3266-fc24-4e64-9748-435d7778a606.png?v=1713721967,,,,,,,,,,,289.96,217.47,0.0,Stretched,289.96,550.92,90.0,53x72 (estimated),2025-05-29 00:51:14
earthy-kimono,,,,,,,,,36x48,,Black,,Thin Floating Frame,EARTHY-KIMONO-BLACK-THIN-FLOATING-FRAME-36X48,shopify,deny,manual,348.07,0.0,165.75,True,False,lb,0.0,https://cdn.shopify.com/s/files/1/0785/1504/4639/files/earthy_kimono_no4_black_frame_36x48_1ced941f-b83d-42e3-a782-d23913cff6d2.png?v=1713721967,4.0,"Abstract Art, Wall Art, Ready-To-Hang, Earthy Kimono, Geometric Symmetry, Frame Size-36x48, Frame Color-Black,Frame Style-Thin Floating Frame, VividWalls, Artwork",https://cdn.shopify.com/s/files/1/0785/1504/4639/files/earthy_kimono_no4_black_frame_36x48_1ced941f-b83d-42e3-a782-d23913cff6d2.png?v=1713721967,,,,,,,,,,,150.45,112.84,15.3,Stretched,165.75,348.07,110.0,36x48,2025-05-29 00:51:14
earthy-kimono,,,,,,,,,36x48,,White,,Thin Floating Frame,EARTHY-KIMONO-WHITE-THIN-FLOATING-FRAME-36X48,shopify,deny,manual,381.99,0.0,181.9,True,False,lb,0.0,https://cdn.shopify.com/s/files/1/0785/1504/4639/files/earthy_kimono_no4_white_frame_36x48_e03e57fe-c981-4b28-9ce5-14ebe1b6de94.png?v=1713721967,5.0,"Abstract Art, Wall Art, Ready-To-Hang, Earthy Kimono, Geometric Symmetry, Frame Size-36x48, Frame Color-White,Frame Style-Thin Floating Frame, VividWalls, Artwork",https://cdn.shopify.com/s/files/1/0785/1504/4639/files/earthy_kimono_no4_white_frame_36x48_e03e57fe-c981-4b28-9ce5-14ebe1b6de94.png?v=1713721967,,,,,,,,,,,150.45,112.84,31.45,Stretched,181.9,381.99,110.0,36x48,2025-05-29 00:51:14
earthy-kimono,,,,,,,,,36x48,,,,,EARTHY-KIMONO-NA-NA-36X48,shopify,deny,manual,315.94,0.0,150.45,True,False,lb,0.0,https://cdn.shopify.com/s/files/1/0785/1504/4639/files/earthy_kimono_no4_no_frame_36x48-1_ac299e7e-35b8-41ae-aa71-6eb3b5b584b8.png?v=1713721967,6.0,"Abstract Art, Wall Art, Ready-To-Hang, Earthy Kimono, Geometric Symmetry, Frame Size-36x48, Frame Color-NA,Frame Style-Thin Floating Frame, VividWalls, Artwork",https://cdn.shopify.com/s/files/1/0785/1504/4639/files/earthy_kimono_no4_no_frame_36x48-1_ac299e7e-35b8-41ae-aa71-6eb3b5b584b8.png?v=1713721967,,,,,,,,,,,150.45,112.84,0.0,Stretched,150.45,315.94,110.0,36x48,2025-05-29 00:51:14
earthy-kimono,,,,,,,,,24x36,,Black,,Thin Floating Frame,EARTHY-KIMONO-BLACK-THIN-FLOATING-FRAME-24X36,shopify,deny,manual,210.63,0.0,100.3,True,False,lb,0.0,https://cdn.shopify.com/s/files/1/0785/1504/4639/files/earthy_kimono_no4_black_frame_24x36_ff5e0cfe-029a-4894-8bd2-a168a4115636.png?v=1713721967,7.0,"Abstract Art, Wall Art, Ready-To-Hang, Earthy Kimono, Geometric Symmetry, Frame Size-24x36, Frame Color-Black,Frame Style-Thin Floating Frame, VividWalls, Artwork",https://cdn.shopify.com/s/files/1/0785/1504/4639/files/earthy_kimono_no4_black_frame_24x36_ff5e0cfe-029a-4894-8bd2-a168a4115636.png?v=1713721967,,,,,,,,,,,85.0,63.75,15.3,Stretched,100.3,210.63,110.0,24x36,2025-05-29 00:51:14
earthy-kimono,,,,,,,,,24x36,,White,,Thin Floating Frame,EARTHY-KIMONO-WHITE-THIN-FLOATING-FRAME-24X36,shopify,deny,manual,244.55,0.0,116.45,True,False,lb,0.0,https://cdn.shopify.com/s/files/1/0785/1504/4639/files/earthy_kimono_no4_white_frame_24x36_d1176e80-8f82-4710-ba85-2c1c498da6e9.png?v=1713721967,8.0,"Abstract Art, Wall Art, Ready-To-Hang, Earthy Kimono, Geometric Symmetry, Frame Size-24x36, Frame Color-White,Frame Style-Thin Floating Frame, VividWalls, Artwork",https://cdn.shopify.com/s/files/1/0785/1504/4639/files/earthy_kimono_no4_white_frame_24x36_d1176e80-8f82-4710-ba85-2c1c498da6e9.png?v=1713721967,,,,,,,,,,,85.0,63.75,31.45,Stretched,116.45,244.55,110.0,24x36,2025-05-29 00:51:14
earthy-kimono,,,,,,,,,24x36,,,,,EARTHY-KIMONO-NA-NA-24X36,shopify,deny,manual,204.0,0.0,85.0,True,False,lb,0.0,https://cdn.shopify.com/s/files/1/0785/1504/4639/files/earthy_kimono_no4_no_frame_24x36_90b4b56a-7702-4a42-9337-7490ff769920.png?v=1713721967,9.0,"Abstract Art, Wall Art, Ready-To-Hang, Earthy Kimono, Geometric Symmetry, Frame Size-24x36, Frame Color-NA,Frame Style-Thin Floating Frame, VividWalls, Artwork",https://cdn.shopify.com/s/files/1/0785/1504/4639/files/earthy_kimono_no4_no_frame_24x36_90b4b56a-7702-4a42-9337-7490ff769920.png?v=1713721967,,,,,,,,,,,85.0,63.75,0.0,Stretched,85.0,204.0,140.0,24x36,2025-05-29 00:51:14
dark-kimono,Dark Kimono,"<div>
    <p>
        <span>Dark Kimono</span> from the <span>Geometric Symmetry</span> collection is a bold visual piece that employs a striking contrast of deep blues and vivid reds. The sharp geometric shapes converge to create a stylized representation of a kimono, exhibiting an aura of mystery and sophistication. This digital composition plays with the duality of shadow and color, making it an impactful statement piece for any modern space.
    </p>
</div>
<div>
    <div style=""display: flex; flex-wrap: wrap; gap: 10px; justify-content: start;"">
        <span style=""display: inline-block; font-size: 16px; border-radius: 20px; background-color: #f1f1f1; padding: 3px 10px;"">Geometric Symmetry</span>
        <span style=""display: inline-block; font-size: 16px; border-radius: 20px; background-color: #f1f1f1; padding: 3px 10px;"">Dark Aesthetic</span>
        <span style=""display: inline-block; font-size: 16px; border-radius: 20px; background-color: #f1f1f1; padding: 3px 10px;"">Bold Contrasts</span>
        <span style=""display: inline-block; font-size: 16px; border-radius: 20px; background-color: #f1f1f1; padding: 3px 10px;"">Kimono Inspiration</span>
        <span style=""display: inline-block; font-size: 16px; border-radius: 20px; background-color: #f1f1f1; padding: 3px 10px;"">Mystery and Sophistication</span>
        <span style=""display: inline-block; font-size: 16px; border-radius: 20px; background-color: #f1f1f1; padding: 3px 10px;"">Statement Piece</span>
        <span style=""display: inline-block; font-size: 16px; border-radius: 20px; background-color: #f1f1f1; padding: 3px 10px;"">Modern Space Decor</span>
        <span style=""display: inline-block; font-size: 16px; border-radius: 20px; background-color: #f1f1f1; padding: 3px 10px;"">Shadow and Color Play</span>
        <span style=""display: inline-block; font-size: 16px; border-radius: 20px; background-color: #f1f1f1; padding: 3px 10px;"">Digital Composition</span>
        <span style=""display: inline-block; font-size: 16px; border-radius: 20px; background-color: #f1f1f1; padding: 3px 10px;"">Artistic Interpretation</span>
    </div>
</div>
",VividWalls,Home & Garden > Decor > Artwork,Artwork,Geometric Symmetry,True,Frame Size,53x72,Frame Color,Black,Frame Style,Thin Floating Frame,DARK-KIMONO-BLACK-THIN-FLOATING-FRAME-53X72,shopify,deny,manual,579.99,0.0,305.26,True,False,lb,0.0,https://cdn.shopify.com/s/files/1/0785/1504/4639/files/dark_kimono_no3_canvas_black_frame_53x72_7c74fa24-b8a2-45e0-ba9f-d594694e4533.png?v=1713721938,1.0,"Abstract Art, Wall Art, Ready-To-Hang, Dark Kimono, Geometric Symmetry, Frame Size-53x72, Frame Color-Black,Frame Style-Thin Floating Frame, VividWalls, Artwork",https://cdn.shopify.com/s/files/1/0785/1504/4639/files/dark_kimono_no3_canvas_black_frame_53x72_7c74fa24-b8a2-45e0-ba9f-d594694e4533.png?v=1713721938,"Abstract Art, Wall Art, Ready-To-Hang, Collection Geometric Symmetry Dark Kimono 53x72, Black Frame Artwork",,False,True,,,True,,,active,289.96,217.47,15.3,Stretched,305.26,579.99,90.0,53x72 (estimated),2025-05-29 00:51:14
dark-kimono,,,,,,,,,53x72,,White,,Thin Floating Frame,DARK-KIMONO-WHITE-THIN-FLOATING-FRAME-53X72,shopify,deny,manual,610.68,0.0,321.41,True,False,lb,0.0,https://cdn.shopify.com/s/files/1/0785/1504/4639/files/dark_kimono_no3_canvas_white_frame_53x72_2de7fd76-dcd7-4f40-b27f-25c760edb25d.png?v=1713721938,2.0,"Abstract Art, Wall Art, Ready-To-Hang, Dark Kimono, Geometric Symmetry, Frame Size-53x72, Frame Color-White,Frame Style-Thin Floating Frame, VividWalls, Artwork",https://cdn.shopify.com/s/files/1/0785/1504/4639/files/dark_kimono_no3_canvas_white_frame_53x72_2de7fd76-dcd7-4f40-b27f-25c760edb25d.png?v=1713721938,,,,,,,,,,,289.96,217.47,31.45,Stretched,321.41,610.68,90.0,53x72 (estimated),2025-05-29 00:51:14
dark-kimono,,,,,,,,,53x72,,,,,DARK-KIMONO-NA-NA-53X72,shopify,deny,manual,550.92,0.0,289.96,True,False,lb,0.0,https://cdn.shopify.com/s/files/1/0785/1504/4639/files/dark_kimono_no3_canvas_no_frame_53x72_9d270d7d-44e1-4f0a-8fc9-02eb1077ae26.png?v=1713721938,3.0,"Abstract Art, Wall Art, Ready-To-Hang, Dark Kimono, Geometric Symmetry, Frame Size-53x72, Frame Color-NA,Frame Style-Thin Floating Frame, VividWalls, Artwork",https://cdn.shopify.com/s/files/1/0785/1504/4639/files/dark_kimono_no3_canvas_no_frame_53x72_9d270d7d-44e1-4f0a-8fc9-02eb1077ae26.png?v=1713721938,,,,,,,,,,,289.96,217.47,0.0,Stretched,289.96,550.92,90.0,53x72 (estimated),2025-05-29 00:51:14
dark-kimono,,,,,,,,,36x48,,Black,,Thin Floating Frame,DARK-KIMONO-BLACK-THIN-FLOATING-FRAME-36X48,shopify,deny,manual,348.07,0.0,165.75,True,False,lb,0.0,https://cdn.shopify.com/s/files/1/0785/1504/4639/files/dark_kimono_no3_canvas_black_frame_36x48_b63b14db-3749-45c3-bebf-6a00ceaae8b4.png?v=1713721938,4.0,"Abstract Art, Wall Art, Ready-To-Hang, Dark Kimono, Geometric Symmetry, Frame Size-36x48, Frame Color-Black,Frame Style-Thin Floating Frame, VividWalls, Artwork",https://cdn.shopify.com/s/files/1/0785/1504/4639/files/dark_kimono_no3_canvas_black_frame_36x48_b63b14db-3749-45c3-bebf-6a00ceaae8b4.png?v=1713721938,,,,,,,,,,,150.45,112.84,15.3,Stretched,165.75,348.07,110.0,36x48,2025-05-29 00:51:14
dark-kimono,,,,,,,,,36x48,,White,,Thin Floating Frame,DARK-KIMONO-WHITE-THIN-FLOATING-FRAME-36X48,shopify,deny,manual,381.99,0.0,181.9,True,False,lb,0.0,https://cdn.shopify.com/s/files/1/0785/1504/4639/files/dark_kimono_no3_canvas_white_frame_36x48_fd35cd03-0962-4568-a13b-c2a30c1516e2.png?v=1713721939,5.0,"Abstract Art, Wall Art, Ready-To-Hang, Dark Kimono, Geometric Symmetry, Frame Size-36x48, Frame Color-White,Frame Style-Thin Floating Frame, VividWalls, Artwork",https://cdn.shopify.com/s/files/1/0785/1504/4639/files/dark_kimono_no3_canvas_white_frame_36x48_fd35cd03-0962-4568-a13b-c2a30c1516e2.png?v=1713721939,,,,,,,,,,,150.45,112.84,31.45,Stretched,181.9,381.99,110.0,36x48,2025-05-29 00:51:14
dark-kimono,,,,,,,,,36x48,,,,,DARK-KIMONO-NA-NA-36X48,shopify,deny,manual,315.94,0.0,150.45,True,False,lb,0.0,https://cdn.shopify.com/s/files/1/0785/1504/4639/files/dark_kimono_no3_canvas_no_frame_36x48_d868c3f6-c2fe-4410-9d9b-bbfb5fa9d488.png?v=1713721939,6.0,"Abstract Art, Wall Art, Ready-To-Hang, Dark Kimono, Geometric Symmetry, Frame Size-36x48, Frame Color-NA,Frame Style-Thin Floating Frame, VividWalls, Artwork",https://cdn.shopify.com/s/files/1/0785/1504/4639/files/dark_kimono_no3_canvas_no_frame_36x48_d868c3f6-c2fe-4410-9d9b-bbfb5fa9d488.png?v=1713721939,,,,,,,,,,,150.45,112.84,0.0,Stretched,150.45,315.94,110.0,36x48,2025-05-29 00:51:14
dark-kimono,,,,,,,,,24x36,,Black,,Thin Floating Frame,DARK-KIMONO-BLACK-THIN-FLOATING-FRAME-24X36,shopify,deny,manual,210.63,0.0,100.3,True,False,lb,0.0,https://cdn.shopify.com/s/files/1/0785/1504/4639/files/Dark_kimono_no3_canvas_black_frame_24x36_851d64fa-1f23-4237-87b6-9a7a43e7941b.png?v=1713721939,7.0,"Abstract Art, Wall Art, Ready-To-Hang, Dark Kimono, Geometric Symmetry, Frame Size-24x36, Frame Color-Black,Frame Style-Thin Floating Frame, VividWalls, Artwork",https://cdn.shopify.com/s/files/1/0785/1504/4639/files/Dark_kimono_no3_canvas_black_frame_24x36_851d64fa-1f23-4237-87b6-9a7a43e7941b.png?v=1713721939,,,,,,,,,,,85.0,63.75,15.3,Stretched,100.3,210.63,110.0,24x36,2025-05-29 00:51:14
dark-kimono,,,,,,,,,24x36,,White,,Thin Floating Frame,DARK-KIMONO-WHITE-THIN-FLOATING-FRAME-24X36,shopify,deny,manual,244.55,0.0,116.45,True,False,lb,0.0,https://cdn.shopify.com/s/files/1/0785/1504/4639/files/dark_kimono_no3_canvas_white_frame_24x36_015c13f7-8483-4cdb-859d-109abe2d60c4.png?v=1713721939,8.0,"Abstract Art, Wall Art, Ready-To-Hang, Dark Kimono, Geometric Symmetry, Frame Size-24x36, Frame Color-White,Frame Style-Thin Floating Frame, VividWalls, Artwork",https://cdn.shopify.com/s/files/1/0785/1504/4639/files/dark_kimono_no3_canvas_white_frame_24x36_015c13f7-8483-4cdb-859d-109abe2d60c4.png?v=1713721939,,,,,,,,,,,85.0,63.75,31.45,Stretched,116.45,244.55,110.0,24x36,2025-05-29 00:51:14
dark-kimono,,,,,,,,,24x36,,,,,DARK-KIMONO-NA-NA-24X36,shopify,deny,manual,204.0,0.0,85.0,True,False,lb,0.0,https://cdn.shopify.com/s/files/1/0785/1504/4639/files/dark_kimono_no3_canvas_no_frame_24x36_edf4b513-e1a2-4eb2-918d-cb39eb3b39db.png?v=1713721939,9.0,"Abstract Art, Wall Art, Ready-To-Hang, Dark Kimono, Geometric Symmetry, Frame Size-24x36, Frame Color-NA,Frame Style-Thin Floating Frame, VividWalls, Artwork",https://cdn.shopify.com/s/files/1/0785/1504/4639/files/dark_kimono_no3_canvas_no_frame_24x36_edf4b513-e1a2-4eb2-918d-cb39eb3b39db.png?v=1713721939,,,,,,,,,,,85.0,63.75,0.0,Stretched,85.0,204.0,140.0,24x36,2025-05-29 00:51:14
teal-kimono,Teal Kimono,"<div>
    <p>
        <span>Teal Kimono</span> from the <span>Geometric Symmetry</span> collection showcases an intricate pattern of geometric shapes in a serene teal color scheme, interspersed with accents of rich magenta and deep blues. This composition features a harmonious symmetry that mirrors the traditional aesthetic of a kimono, while the cool teal evokes a sense of calm and balance. The abstract design encapsulates a modern reinterpretation of classic textile patterns, with a touch of digital artistry, perfect for contemporary decor.
    </p>
</div>
<div>
    <div style=""display: flex; flex-wrap: wrap; gap: 10px; justify-content: start;"">
        <span style=""display: inline-block; font-size: 16px; border-radius: 20px; background-color: #f1f1f1; padding: 3px 10px;"">Abstract Geometry</span>
        <span style=""display: inline-block; font-size: 16px; border-radius: 20px; background-color: #f1f1f1; padding: 3px 10px;"">Teal Color Scheme</span>
        <span style=""display: inline-block; font-size: 16px; border-radius: 20px; background-color: #f1f1f1; padding: 3px 10px;"">Magenta Accents</span>
        <span style=""display: inline-block; font-size: 16px; border-radius: 20px; background-color: #f1f1f1; padding: 3px 10px;"">Symmetric Design</span>
        <span style=""display: inline-block; font-size: 16px; border-radius: 20px; background-color: #f1f1f1; padding: 3px 10px;"">Digital Artistry</span>
        <span style=""display: inline-block; font-size: 16px; border-radius: 20px; background-color: #f1f1f1; padding: 3px 10px;"">Contemporary Decor</span>
        <span style=""display: inline-block; font-size: 16px; border-radius: 20px; background-color: #f1f1f1; padding: 3px 10px;"">Textile Patterns</span>
        <span style=""display: inline-block; font-size: 16px; border-radius: 20px; background-color: #f1f1f1; padding: 3px 10px;"">Visual Harmony</span>
        <span style=""display: inline-block; font-size: 16px; border-radius: 20px; background-color: #f1f1f1; padding: 3px 10px;"">Balance and Calm</span>
        <span style=""display: inline-block; font-size: 16px; border-radius: 20px; background-color: #f1f1f1; padding: 3px 10px;"">Modern Interpretation</span>
    </div>
</div>
",VividWalls,Home & Garden > Decor > Artwork,Artwork,Geometric Symmetry,True,Frame Size,53x72,Frame Color,Black,Frame Style,Thin Floating Frame,TEAL-KIMONO-BLACK-THIN-FLOATING-FRAME-53X72,shopify,deny,manual,579.99,0.0,305.26,True,False,lb,0.0,https://cdn.shopify.com/s/files/1/0785/1504/4639/files/teal_kimono_no3_blac_frame_53x72_7ecd63d7-c7e5-46a3-a555-05fa344044bd.png?v=1713721910,1.0,"Abstract Art, Wall Art, Ready-To-Hang, Teal Kimono, Geometric Symmetry, Frame Size-53x72, Frame Color-Black,Frame Style-Thin Floating Frame, VividWalls, Artwork",https://cdn.shopify.com/s/files/1/0785/1504/4639/files/teal_kimono_no3_blac_frame_53x72_7ecd63d7-c7e5-46a3-a555-05fa344044bd.png?v=1713721910,"Abstract Art, Wall Art, Ready-To-Hang, Collection Geometric Symmetry Teal Kimono 53x72, Black Frame Artwork",,False,True,,,True,,,active,289.96,217.47,15.3,Stretched,305.26,579.99,90.0,53x72 (estimated),2025-05-29 00:51:14
teal-kimono,,,,,,,,,53x72,,White,,Thin Floating Frame,TEAL-KIMONO-WHITE-THIN-FLOATING-FRAME-53X72,shopify,deny,manual,610.68,0.0,321.41,True,False,lb,0.0,https://cdn.shopify.com/s/files/1/0785/1504/4639/files/teal_kimono_no3_white_frame_53x72_f983235f-1cb4-45aa-bd2a-97de93766141.png?v=1713721910,2.0,"Abstract Art, Wall Art, Ready-To-Hang, Teal Kimono, Geometric Symmetry, Frame Size-53x72, Frame Color-White,Frame Style-Thin Floating Frame, VividWalls, Artwork",https://cdn.shopify.com/s/files/1/0785/1504/4639/files/teal_kimono_no3_white_frame_53x72_f983235f-1cb4-45aa-bd2a-97de93766141.png?v=1713721910,,,,,,,,,,,289.96,217.47,31.45,Stretched,321.41,610.68,90.0,53x72 (estimated),2025-05-29 00:51:14
teal-kimono,,,,,,,,,53x72,,,,,TEAL-KIMONO-NA-NA-53X72,shopify,deny,manual,550.92,0.0,289.96,True,False,lb,0.0,https://cdn.shopify.com/s/files/1/0785/1504/4639/files/teal_kimono_no3_no_frame_53x72_64a25cfd-56d4-4feb-aff2-7b1d8b722c5e.png?v=1713721910,3.0,"Abstract Art, Wall Art, Ready-To-Hang, Teal Kimono, Geometric Symmetry, Frame Size-53x72, Frame Color-NA,Frame Style-Thin Floating Frame, VividWalls, Artwork",https://cdn.shopify.com/s/files/1/0785/1504/4639/files/teal_kimono_no3_no_frame_53x72_64a25cfd-56d4-4feb-aff2-7b1d8b722c5e.png?v=1713721910,,,,,,,,,,,289.96,217.47,0.0,Stretched,289.96,550.92,90.0,53x72 (estimated),2025-05-29 00:51:14
teal-kimono,,,,,,,,,36x48,,Black,,Thin Floating Frame,TEAL-KIMONO-BLACK-THIN-FLOATING-FRAME-36X48,shopify,deny,manual,348.07,0.0,165.75,True,False,lb,0.0,https://cdn.shopify.com/s/files/1/0785/1504/4639/files/teal_kimono_no3_black_frame_36x48_d3b555e3-a2f2-4596-bfcf-f6de23f8261b.png?v=1713721910,4.0,"Abstract Art, Wall Art, Ready-To-Hang, Teal Kimono, Geometric Symmetry, Frame Size-36x48, Frame Color-Black,Frame Style-Thin Floating Frame, VividWalls, Artwork",https://cdn.shopify.com/s/files/1/0785/1504/4639/files/teal_kimono_no3_black_frame_36x48_d3b555e3-a2f2-4596-bfcf-f6de23f8261b.png?v=1713721910,,,,,,,,,,,150.45,112.84,15.3,Stretched,165.75,348.07,110.0,36x48,2025-05-29 00:51:14
teal-kimono,,,,,,,,,36x48,,White,,Thin Floating Frame,TEAL-KIMONO-WHITE-THIN-FLOATING-FRAME-36X48,shopify,deny,manual,381.99,0.0,181.9,True,False,lb,0.0,https://cdn.shopify.com/s/files/1/0785/1504/4639/files/teal_kimono_no3_white_frame_36x48_5dba6477-11ad-4be7-be09-4485324df222.png?v=1713721910,5.0,"Abstract Art, Wall Art, Ready-To-Hang, Teal Kimono, Geometric Symmetry, Frame Size-36x48, Frame Color-White,Frame Style-Thin Floating Frame, VividWalls, Artwork",https://cdn.shopify.com/s/files/1/0785/1504/4639/files/teal_kimono_no3_white_frame_36x48_5dba6477-11ad-4be7-be09-4485324df222.png?v=1713721910,,,,,,,,,,,150.45,112.84,31.45,Stretched,181.9,381.99,110.0,36x48,2025-05-29 00:51:14
teal-kimono,,,,,,,,,36x48,,,,,TEAL-KIMONO-NA-NA-36X48,shopify,deny,manual,315.94,0.0,150.45,True,False,lb,0.0,https://cdn.shopify.com/s/files/1/0785/1504/4639/files/teal_kimono_no3_no_frame_36x48_2a43b685-7ee5-4790-b801-247a448f5446.png?v=1713721910,6.0,"Abstract Art, Wall Art, Ready-To-Hang, Teal Kimono, Geometric Symmetry, Frame Size-36x48, Frame Color-NA,Frame Style-Thin Floating Frame, VividWalls, Artwork",https://cdn.shopify.com/s/files/1/0785/1504/4639/files/teal_kimono_no3_no_frame_36x48_2a43b685-7ee5-4790-b801-247a448f5446.png?v=1713721910,,,,,,,,,,,150.45,112.84,0.0,Stretched,150.45,315.94,110.0,36x48,2025-05-29 00:51:14
teal-kimono,,,,,,,,,24x36,,Black,,Thin Floating Frame,TEAL-KIMONO-BLACK-THIN-FLOATING-FRAME-24X36,shopify,deny,manual,210.63,0.0,100.3,True,False,lb,0.0,https://cdn.shopify.com/s/files/1/0785/1504/4639/files/teal_kimono_no3_black_frame_24x36_72350dde-cfff-4578-b96b-af6ba91a0a10.png?v=1713721910,7.0,"Abstract Art, Wall Art, Ready-To-Hang, Teal Kimono, Geometric Symmetry, Frame Size-24x36, Frame Color-Black,Frame Style-Thin Floating Frame, VividWalls, Artwork",https://cdn.shopify.com/s/files/1/0785/1504/4639/files/teal_kimono_no3_black_frame_24x36_72350dde-cfff-4578-b96b-af6ba91a0a10.png?v=1713721910,,,,,,,,,,,85.0,63.75,15.3,Stretched,100.3,210.63,110.0,24x36,2025-05-29 00:51:14
teal-kimono,,,,,,,,,24x36,,White,,Thin Floating Frame,TEAL-KIMONO-WHITE-THIN-FLOATING-FRAME-24X36,shopify,deny,manual,244.55,0.0,116.45,True,False,lb,0.0,https://cdn.shopify.com/s/files/1/0785/1504/4639/files/teal_kimono_no3_white_frame_24x36_17447330-384a-49a6-8194-3374cc489ce9.png?v=1713721910,8.0,"Abstract Art, Wall Art, Ready-To-Hang, Teal Kimono, Geometric Symmetry, Frame Size-24x36, Frame Color-White,Frame Style-Thin Floating Frame, VividWalls, Artwork",https://cdn.shopify.com/s/files/1/0785/1504/4639/files/teal_kimono_no3_white_frame_24x36_17447330-384a-49a6-8194-3374cc489ce9.png?v=1713721910,,,,,,,,,,,85.0,63.75,31.45,Stretched,116.45,244.55,110.0,24x36,2025-05-29 00:51:14
teal-kimono,,,,,,,,,24x36,,,,,TEAL-KIMONO-NA-NA-24X36,shopify,deny,manual,204.0,0.0,85.0,True,False,lb,0.0,https://cdn.shopify.com/s/files/1/0785/1504/4639/files/teal_kimono_no3_no_frame_24x36_ef162146-f2c9-48c1-947b-b73f3bd04997.png?v=1713721910,9.0,"Abstract Art, Wall Art, Ready-To-Hang, Teal Kimono, Geometric Symmetry, Frame Size-24x36, Frame Color-NA,Frame Style-Thin Floating Frame, VividWalls, Artwork",https://cdn.shopify.com/s/files/1/0785/1504/4639/files/teal_kimono_no3_no_frame_24x36_ef162146-f2c9-48c1-947b-b73f3bd04997.png?v=1713721910,,,,,,,,,,,85.0,63.75,0.0,Stretched,85.0,204.0,140.0,24x36,2025-05-29 00:51:14
red-kimono,Red Kimono,"<div>
    <p>
        <span>Royal Kimono</span> from the <span>Geometric Symmetry</span> collection features a striking assembly of geometric shapes and vibrant hues, creating a commanding visual narrative. This piece boasts a rich crimson and purple palette, invoking the regal and luxurious essence of a royal garment. The meticulous symmetry and precise angular intersections form a pattern that conveys both structure and fluidity, reminiscent of the elegant folds and textures of a noble kimono. ""Royal Kimono"" is a captivating testament to the harmony between bold coloration and geometric perfection, presenting an imperial aesthetic.
    </p>
</div>
<div>
    <div style=""display: flex; flex-wrap: wrap; gap: 10px; justify-content: start;"">
        <span style=""display: inline-block; font-size: 16px; border-radius: 20px; background-color: #f1f1f1; padding: 3px 10px;"">Geometric Shapes</span>
        <span style=""display: inline-block; font-size: 16px; border-radius: 20px; background-color: #f1f1f1; padding: 3px 10px;"">Vibrant Hues</span>
        <span style=""display: inline-block; font-size: 16px; border-radius: 20px; background-color: #f1f1f1; padding: 3px 10px;"">Crimson and Purple</span>
        <span style=""display: inline-block; font-size: 16px; border-radius: 20px; background-color: #f1f1f1; padding: 3px 10px;"">Luxurious Essence</span>
        <span style=""display: inline-block; font-size: 16px; border-radius: 20px; background-color: #f1f1f1; padding: 3px 10px;"">Symmetry and Precision</span>
        <span style=""display: inline-block; font-size: 16px; border-radius: 20px; background-color: #f1f1f1; padding: 3px 10px;"">Regal Garment</span>
        <span style=""display: inline-block; font-size: 16px; border-radius: 20px; background-color: #f1f1f1; padding: 3px 10px;"">Angular Intersections</span>
        <span style=""display: inline-block; font-size: 16px; border-radius: 20px; background-color: #f1f1f1; padding: 3px 10px;"">Elegant Folds</span>
        <span style=""display: inline-block; font-size: 16px; border-radius: 20px; background-color: #f1f1f1; padding: 3px 10px;"">Noble Kimono</span>
        <span style=""display: inline-block; font-size: 16px; border-radius: 20px; background-color: #f1f1f1; padding: 3px 10px;"">Imperial Aesthetic</span>
    </div>
</div>
",VividWalls,Home & Garden > Decor > Artwork,Artwork,Geometric Symmetry,True,Frame Size,53x72,Frame Color,Black,Frame Style,Thin Floating Frame,RED-KIMONO-BLACK-THIN-FLOATING-FRAME-53X72,shopify,deny,manual,579.99,0.0,305.26,True,False,lb,0.0,https://cdn.shopify.com/s/files/1/0785/1504/4639/files/red_kimono_no1_canvas_black_frame_53x72_edc27fc9-c91c-490a-b0b3-2021cd1e8a63.png?v=1713721879,1.0,"Abstract Art, Wall Art, Ready-To-Hang, Red Kimono, Geometric Symmetry, Frame Size-53x72, Frame Color-Black,Frame Style-Thin Floating Frame, VividWalls, Artwork",https://cdn.shopify.com/s/files/1/0785/1504/4639/files/red_kimono_no1_canvas_black_frame_53x72_edc27fc9-c91c-490a-b0b3-2021cd1e8a63.png?v=1713721879,"Abstract Art, Wall Art, Ready-To-Hang, Collection Geometric Symmetry Red Kimono 53x72, Black Frame Artwork",,False,True,,,True,,,active,289.96,217.47,15.3,Stretched,305.26,579.99,90.0,53x72 (estimated),2025-05-29 00:51:14
red-kimono,,,,,,,,,53x72,,White,,Thin Floating Frame,RED-KIMONO-WHITE-THIN-FLOATING-FRAME-53X72,shopify,deny,manual,610.68,0.0,321.41,True,False,lb,0.0,https://cdn.shopify.com/s/files/1/0785/1504/4639/files/red_kimono_no1_canvas_white_frame_53x72_4b81bf08-2e8e-4c45-83d8-f746e1cdba80.png?v=1713721879,2.0,"Abstract Art, Wall Art, Ready-To-Hang, Red Kimono, Geometric Symmetry, Frame Size-53x72, Frame Color-White,Frame Style-Thin Floating Frame, VividWalls, Artwork",https://cdn.shopify.com/s/files/1/0785/1504/4639/files/red_kimono_no1_canvas_white_frame_53x72_4b81bf08-2e8e-4c45-83d8-f746e1cdba80.png?v=1713721879,,,,,,,,,,,289.96,217.47,31.45,Stretched,321.41,610.68,90.0,53x72 (estimated),2025-05-29 00:51:14
red-kimono,,,,,,,,,53x72,,,,,RED-KIMONO-NA-NA-53X72,shopify,deny,manual,550.92,0.0,289.96,True,False,lb,0.0,https://cdn.shopify.com/s/files/1/0785/1504/4639/files/red_kimono_no1_canvas_no_frame_53x72_c03a3e63-54c4-41b2-86ba-1a92356de9dd.png?v=1713721879,3.0,"Abstract Art, Wall Art, Ready-To-Hang, Red Kimono, Geometric Symmetry, Frame Size-53x72, Frame Color-NA,Frame Style-Thin Floating Frame, VividWalls, Artwork",https://cdn.shopify.com/s/files/1/0785/1504/4639/files/red_kimono_no1_canvas_no_frame_53x72_c03a3e63-54c4-41b2-86ba-1a92356de9dd.png?v=1713721879,,,,,,,,,,,289.96,217.47,0.0,Stretched,289.96,550.92,90.0,53x72 (estimated),2025-05-29 00:51:14
red-kimono,,,,,,,,,36x48,,Black,,Thin Floating Frame,RED-KIMONO-BLACK-THIN-FLOATING-FRAME-36X48,shopify,deny,manual,348.07,0.0,165.75,True,False,lb,0.0,https://cdn.shopify.com/s/files/1/0785/1504/4639/files/red_kimono_no1_canvas_black_frame_36x48_d46758fe-f1bc-4659-a40a-f28de60c7b0d.png?v=1713721879,4.0,"Abstract Art, Wall Art, Ready-To-Hang, Red Kimono, Geometric Symmetry, Frame Size-36x48, Frame Color-Black,Frame Style-Thin Floating Frame, VividWalls, Artwork",https://cdn.shopify.com/s/files/1/0785/1504/4639/files/red_kimono_no1_canvas_black_frame_36x48_d46758fe-f1bc-4659-a40a-f28de60c7b0d.png?v=1713721879,,,,,,,,,,,150.45,112.84,15.3,Stretched,165.75,348.07,110.0,36x48,2025-05-29 00:51:14
red-kimono,,,,,,,,,36x48,,White,,Thin Floating Frame,RED-KIMONO-WHITE-THIN-FLOATING-FRAME-36X48,shopify,deny,manual,381.99,0.0,181.9,True,False,lb,0.0,https://cdn.shopify.com/s/files/1/0785/1504/4639/files/red_kimono_no1_canvas_white_frame_36x48_4cbda106-f6ee-415a-a3b7-1f0f4fd0d820.png?v=1713721879,5.0,"Abstract Art, Wall Art, Ready-To-Hang, Red Kimono, Geometric Symmetry, Frame Size-36x48, Frame Color-White,Frame Style-Thin Floating Frame, VividWalls, Artwork",https://cdn.shopify.com/s/files/1/0785/1504/4639/files/red_kimono_no1_canvas_white_frame_36x48_4cbda106-f6ee-415a-a3b7-1f0f4fd0d820.png?v=1713721879,,,,,,,,,,,150.45,112.84,31.45,Stretched,181.9,381.99,110.0,36x48,2025-05-29 00:51:14
red-kimono,,,,,,,,,36x48,,,,,RED-KIMONO-NA-NA-36X48,shopify,deny,manual,315.94,0.0,150.45,True,False,lb,0.0,https://cdn.shopify.com/s/files/1/0785/1504/4639/files/red_kimono_no1_canvas_no_frame_36x48_ef24a92e-52db-4bb7-b1be-b02948777098.png?v=1713721879,6.0,"Abstract Art, Wall Art, Ready-To-Hang, Red Kimono, Geometric Symmetry, Frame Size-36x48, Frame Color-NA,Frame Style-Thin Floating Frame, VividWalls, Artwork",https://cdn.shopify.com/s/files/1/0785/1504/4639/files/red_kimono_no1_canvas_no_frame_36x48_ef24a92e-52db-4bb7-b1be-b02948777098.png?v=1713721879,,,,,,,,,,,150.45,112.84,0.0,Stretched,150.45,315.94,110.0,36x48,2025-05-29 00:51:14
red-kimono,,,,,,,,,24x36,,Black,,Thin Floating Frame,RED-KIMONO-BLACK-THIN-FLOATING-FRAME-24X36,shopify,deny,manual,210.63,0.0,100.3,True,False,lb,0.0,https://cdn.shopify.com/s/files/1/0785/1504/4639/files/red_kimono_no1_canvas_black_frame_24x36_6211ccd7-82a9-43c4-b0e4-e298f03beee4.png?v=1713721879,7.0,"Abstract Art, Wall Art, Ready-To-Hang, Red Kimono, Geometric Symmetry, Frame Size-24x36, Frame Color-Black,Frame Style-Thin Floating Frame, VividWalls, Artwork",https://cdn.shopify.com/s/files/1/0785/1504/4639/files/red_kimono_no1_canvas_black_frame_24x36_6211ccd7-82a9-43c4-b0e4-e298f03beee4.png?v=1713721879,,,,,,,,,,,85.0,63.75,15.3,Stretched,100.3,210.63,110.0,24x36,2025-05-29 00:51:14
red-kimono,,,,,,,,,24x36,,White,,Thin Floating Frame,RED-KIMONO-WHITE-THIN-FLOATING-FRAME-24X36,shopify,deny,manual,244.55,0.0,116.45,True,False,lb,0.0,https://cdn.shopify.com/s/files/1/0785/1504/4639/files/red_kimono_no1_canvas_white_frame_24x36_d389c037-e1e2-40d8-ac59-21e581c647d7.png?v=1713721879,8.0,"Abstract Art, Wall Art, Ready-To-Hang, Red Kimono, Geometric Symmetry, Frame Size-24x36, Frame Color-White,Frame Style-Thin Floating Frame, VividWalls, Artwork",https://cdn.shopify.com/s/files/1/0785/1504/4639/files/red_kimono_no1_canvas_white_frame_24x36_d389c037-e1e2-40d8-ac59-21e581c647d7.png?v=1713721879,,,,,,,,,,,85.0,63.75,31.45,Stretched,116.45,244.55,110.0,24x36,2025-05-29 00:51:14
red-kimono,,,,,,,,,24x36,,,,,RED-KIMONO-NA-NA-24X36,shopify,deny,manual,204.0,0.0,85.0,True,False,lb,0.0,https://cdn.shopify.com/s/files/1/0785/1504/4639/files/red_kimono_no1_canvas_no_frame_24x36_9c018c46-9d31-46e0-9131-a7be3cf3c968.png?v=1713721879,9.0,"Abstract Art, Wall Art, Ready-To-Hang, Red Kimono, Geometric Symmetry, Frame Size-24x36, Frame Color-NA,Frame Style-Thin Floating Frame, VividWalls, Artwork",https://cdn.shopify.com/s/files/1/0785/1504/4639/files/red_kimono_no1_canvas_no_frame_24x36_9c018c46-9d31-46e0-9131-a7be3cf3c968.png?v=1713721879,,,,,,,,,,,85.0,63.75,0.0,Stretched,85.0,204.0,140.0,24x36,2025-05-29 00:51:14
royal-kimono,Royal Kimono,"<div>
    <p>
        <span>Royal Kimono</span> from the <span>Geometric Symmetry</span> collection presents a commanding interplay of geometric forms bathed in a dominant blue palette, intertwined with accents of vibrant pink. The artwork is composed of layered parallelograms and triangles, converging to create a mirror-like symmetry that is evocative of the elegance and stature of a kimono. This piece marries the tranquility of cool blues with the energy of pink, offering a visual experience that is both balanced and dynamic. ""Royal Kimono"" exemplifies the beauty of symmetry in abstract design, portraying a modern interpretation of traditional garment folds in a geometric abstraction.
    </p>
</div>
<div>
    <div style=""display: flex; flex-wrap: wrap; gap: 10px; justify-content: start;"">
        <span style=""display: inline-block; font-size: 16px; border-radius: 20px; background-color: #f1f1f1; padding: 3px 10px;"">Geometric Abstraction</span>
        <span style=""display: inline-block; font-size: 16px; border-radius: 20px; background-color: #f1f1f1; padding: 3px 10px;"">Symmetry</span>
        <span style=""display: inline-block; font-size: 16px; border-radius: 20px; background-color: #f1f1f1; padding: 3px 10px;"">Blue Palette</span>
        <span style=""display: inline-block; font-size: 16px; border-radius: 20px; background-color: #f1f1f1; padding: 3px 10px;"">Pink Accents</span>
        <span style=""display: inline-block; font-size: 16px; border-radius: 20px; background-color: #f1f1f1; padding: 3px 10px;"">Layered Shapes</span>
        <span style=""display: inline-block; font-size: 16px; border-radius: 20px; background-color: #f1f1f1; padding: 3px 10px;"">Elegance and Stature</span>
        <span style=""display: inline-block; font-size: 16px; border-radius: 20px; background-color: #f1f1f1; padding: 3px 10px;"">Abstract Design</span>
        <span style=""display: inline-block; font-size: 16px; border-radius: 20px; background-color: #f1f1f1; padding: 3px 10px;"">Modern Interpretation</span>
        <span style=""display: inline-block; font-size: 16px; border-radius: 20px; background-color: #f1f1f1; padding: 3px 10px;"">Visual Experience</span>
        <span style=""display: inline-block; font-size: 16px; border-radius: 20px; background-color: #f1f1f1; padding: 3px 10px;"">Gallery Quality</span>
    </div>
</div>
",VividWalls,Home & Garden > Decor > Artwork,Artwork,Geometric Symmetry,True,Frame Size,53x72,Frame Color,Black,Frame Style,Thin Floating Frame,ROYAL-KIMONO-BLACK-THIN-FLOATING-FRAME-53X72,shopify,deny,manual,579.99,0.0,305.26,True,False,lb,0.0,https://cdn.shopify.com/s/files/1/0785/1504/4639/files/royal-kimono-no1_canvas_black_frame_53x72_17fc1dfa-205f-4dd9-bb04-50e55d630a07.png?v=1713721794,1.0,"Abstract Art, Wall Art, Ready-To-Hang, Royal Kimono, Geometric Symmetry, Frame Size-53x72, Frame Color-Black,Frame Style-Thin Floating Frame, VividWalls, Artwork",https://cdn.shopify.com/s/files/1/0785/1504/4639/files/royal-kimono-no1_canvas_black_frame_53x72_17fc1dfa-205f-4dd9-bb04-50e55d630a07.png?v=1713721794,"Abstract Art, Wall Art, Ready-To-Hang, Collection Geometric Symmetry Royal Kimono 53x72, Black Frame Artwork",,False,True,,,True,,,active,289.96,217.47,15.3,Stretched,305.26,579.99,90.0,53x72 (estimated),2025-05-29 00:51:14
royal-kimono,,,,,,,,,53x72,,White,,Thin Floating Frame,ROYAL-KIMONO-WHITE-THIN-FLOATING-FRAME-53X72,shopify,deny,manual,610.68,0.0,321.41,True,False,lb,0.0,https://cdn.shopify.com/s/files/1/0785/1504/4639/files/royal-kimono-no1_canvas_white_frame_53x72_c22c5558-c773-4d1e-bdb2-4ac5525d56ff.png?v=1713721794,2.0,"Abstract Art, Wall Art, Ready-To-Hang, Royal Kimono, Geometric Symmetry, Frame Size-53x72, Frame Color-White,Frame Style-Thin Floating Frame, VividWalls, Artwork",https://cdn.shopify.com/s/files/1/0785/1504/4639/files/royal-kimono-no1_canvas_white_frame_53x72_c22c5558-c773-4d1e-bdb2-4ac5525d56ff.png?v=1713721794,,,,,,,,,,,289.96,217.47,31.45,Stretched,321.41,610.68,90.0,53x72 (estimated),2025-05-29 00:51:14
royal-kimono,,,,,,,,,53x72,,,,,ROYAL-KIMONO-NA-NA-53X72,shopify,deny,manual,550.92,0.0,289.96,True,False,lb,0.0,https://cdn.shopify.com/s/files/1/0785/1504/4639/files/royal-kimono-no1_canvas_no_frame_53x72_ba742bdf-85dc-4f53-b312-125c4b7fa57a.png?v=1713721794,3.0,"Abstract Art, Wall Art, Ready-To-Hang, Royal Kimono, Geometric Symmetry, Frame Size-53x72, Frame Color-NA,Frame Style-Thin Floating Frame, VividWalls, Artwork",https://cdn.shopify.com/s/files/1/0785/1504/4639/files/royal-kimono-no1_canvas_no_frame_53x72_ba742bdf-85dc-4f53-b312-125c4b7fa57a.png?v=1713721794,,,,,,,,,,,289.96,217.47,0.0,Stretched,289.96,550.92,90.0,53x72 (estimated),2025-05-29 00:51:14
royal-kimono,,,,,,,,,36x54,,Black,,Thin Floating Frame,ROYAL-KIMONO-BLACK-THIN-FLOATING-FRAME-36X54,shopify,deny,manual,381.34,0.0,181.59,True,False,lb,0.0,https://cdn.shopify.com/s/files/1/0785/1504/4639/files/Royal-Kimono-no1_canvas_black_frame_36x48_5d3f58dd-641a-438a-b5dd-92d78223db1b.png?v=1713721794,4.0,"Abstract Art, Wall Art, Ready-To-Hang, Royal Kimono, Geometric Symmetry, Frame Size-36x54, Frame Color-Black,Frame Style-Thin Floating Frame, VividWalls, Artwork",https://cdn.shopify.com/s/files/1/0785/1504/4639/files/Royal-Kimono-no1_canvas_black_frame_36x48_5d3f58dd-641a-438a-b5dd-92d78223db1b.png?v=1713721794,,,,,,,,,,,166.29,124.72,15.3,Stretched,181.59,381.34,110.0,36x54 (estimated),2025-05-29 00:51:14
royal-kimono,,,,,,,,,36x54,,White,,Thin Floating Frame,ROYAL-KIMONO-WHITE-THIN-FLOATING-FRAME-36X54,shopify,deny,manual,415.25,0.0,197.74,True,False,lb,0.0,https://cdn.shopify.com/s/files/1/0785/1504/4639/files/Royal-Kimono-no1_canvas_no_frame_36x48_e85ed945-badc-4c88-8549-080f1db23035.png?v=1713721794,5.0,"Abstract Art, Wall Art, Ready-To-Hang, Royal Kimono, Geometric Symmetry, Frame Size-36x54, Frame Color-NA,Frame Style-Thin Floating Frame, VividWalls, Artwork",https://cdn.shopify.com/s/files/1/0785/1504/4639/files/Royal-Kimono-no1_canvas_white_frame_36x48_9b1eb312-b45b-4f97-9739-99e76f5aa461.png?v=1713721794,,,,,,,,,,,166.29,124.72,31.45,Stretched,197.74,415.25,110.0,36x54 (estimated),2025-05-29 00:51:14
royal-kimono,,,,,,,,,36x54,,,,,ROYAL-KIMONO-NA-NA-36X54,shopify,deny,manual,349.21,0.0,166.29,True,False,lb,0.0,https://cdn.shopify.com/s/files/1/0785/1504/4639/files/Royal-Kimono-no1_canvas_black_frame_24x36_c13819ea-ccd9-453d-a274-5212325d7f9d.png?v=1713721794,6.0,"Abstract Art, Wall Art, Ready-To-Hang, Royal Kimono, Geometric Symmetry, Frame Size-24x36, Frame Color-Black,Frame Style-Thin Floating Frame, VividWalls, Artwork",https://cdn.shopify.com/s/files/1/0785/1504/4639/files/Royal-Kimono-no1_canvas_no_frame_36x48_e85ed945-badc-4c88-8549-080f1db23035.png?v=1713721794,,,,,,,,,,,166.29,124.72,0.0,Stretched,166.29,349.21,110.0,36x54 (estimated),2025-05-29 00:51:14
royal-kimono,,,,,,,,,24x36,,Black,,Thin Floating Frame,ROYAL-KIMONO-BLACK-THIN-FLOATING-FRAME-24X36,shopify,deny,manual,210.63,0.0,100.3,True,False,lb,0.0,https://cdn.shopify.com/s/files/1/0785/1504/4639/files/Royal-Kimono-no1_canvas_white_frame_36x48_9b1eb312-b45b-4f97-9739-99e76f5aa461.png?v=1713721794,7.0,"Abstract Art, Wall Art, Ready-To-Hang, Royal Kimono, Geometric Symmetry, Frame Size-24x36, Frame Color-White,Frame Style-Thin Floating Frame, VividWalls, Artwork",https://cdn.shopify.com/s/files/1/0785/1504/4639/files/Royal-Kimono-no1_canvas_black_frame_24x36_c13819ea-ccd9-453d-a274-5212325d7f9d.png?v=1713721794,,,,,,,,,,,85.0,63.75,15.3,Stretched,100.3,210.63,110.0,24x36,2025-05-29 00:51:14
royal-kimono,,,,,,,,,24x36,,White,,Thin Floating Frame,ROYAL-KIMONO-WHITE-THIN-FLOATING-FRAME-24X36,shopify,deny,manual,244.55,0.0,116.45,True,False,lb,0.0,https://cdn.shopify.com/s/files/1/0785/1504/4639/files/Royal-Kimono-no1_canvas_no_frame_24x36_6d851241-3de0-4870-b04b-a5a5787529cb.png?v=1713721794,8.0,"Abstract Art, Wall Art, Ready-To-Hang, Royal Kimono, Geometric Symmetry, Frame Size-24x36, Frame Color-NA,Frame Style-Thin Floating Frame, VividWalls, Artwork",https://cdn.shopify.com/s/files/1/0785/1504/4639/files/Royal-Kimono-no1_canvas_white_frame_36x48_9b1eb312-b45b-4f97-9739-99e76f5aa461.png?v=1713721794,,,,,,,,,,,85.0,63.75,31.45,Stretched,116.45,244.55,110.0,24x36,2025-05-29 00:51:14
royal-kimono,,,,,,,,,24x36,,,,,ROYAL-KIMONO-NA-NA-24X36,shopify,deny,manual,204.0,0.0,85.0,True,False,lb,0.0,,,,https://cdn.shopify.com/s/files/1/0785/1504/4639/files/Royal-Kimono-no1_canvas_no_frame_24x36_6d851241-3de0-4870-b04b-a5a5787529cb.png?v=1713721794,,,,,,,,,,,85.0,63.75,0.0,Stretched,85.0,204.0,140.0,24x36,2025-05-29 00:51:14
monochrome-kimono,Monochrome Kimono,"<div>
    <p>
        <span>Monochrome Kimono</span> from the <span>Geometric Symmetry</span> collection is an artful array of balance and contrast, reminiscent of the delicate folds of a traditional kimono. This artwork utilizes a grayscale palette, masterfully playing with shadows and highlights to create the illusion of overlapping fabric layers. The symmetrical design suggests a serene, methodical precision, while the absence of color draws attention to the play of form and space. ""Monochrome Kimono"" is an embodiment of tranquility and minimalist elegance, making it a sophisticated addition to any collection.
    </p>
</div>
<div>
    <div style=""display: flex; flex-wrap: wrap; gap: 10px; justify-content: start;"">
        <span style=""display: inline-block; font-size: 16px; border-radius: 20px; background-color: #f1f1f1; padding: 3px 10px;"">Balance and Contrast</span>
        <span style=""display: inline-block; font-size: 16px; border-radius: 20px; background-color: #f1f1f1; padding: 3px 10px;"">Kimono Inspiration</span>
        <span style=""display: inline-block; font-size: 16px; border-radius: 20px; background-color: #f1f1f1; padding: 3px 10px;"">Grayscale Palette</span>
        <span style=""display: inline-block; font-size: 16px; border-radius: 20px; background-color: #f1f1f1; padding: 3px 10px;"">Shadow and Highlight</span>
        <span style=""display: inline-block; font-size: 16px; border-radius: 20px; background-color: #f1f1f1; padding: 3px 10px;"">Fabric Layer Illusion</span>
        <span style=""display: inline-block; font-size: 16px; border-radius: 20px; background-color: #f1f1f1; padding: 3px 10px;"">Symmetrical Design</span>
        <span style=""display: inline-block; font-size: 16px; border-radius: 20px; background-color: #f1f1f1; padding: 3px 10px;"">Minimalist Elegance</span>
        <span style=""display: inline-block; font-size: 16px; border-radius: 20px; background-color: #f1f1f1; padding: 3px 10px;"">Form and Space</span>
        <span style=""display: inline-block; font-size: 16px; border-radius: 20px; background-color: #f1f1f1; padding: 3px 10px;"">Tranquil Artwork</span>
        <span style=""display: inline-block; font-size: 16px; border-radius: 20px; background-color: #f1f1f1; padding: 3px 10px;"">Geometric Symmetry</span>
    </div>
</div>
",VividWalls,Home & Garden > Decor > Artwork,Artwork,Geometric Symmetry,True,Frame Size,53x72,Frame Color,Black,Frame Style,Thin Floating Frame,MONOCHROME-KIMONO-BLACK-THIN-FLOATING-FRAME-53X72,shopify,deny,manual,579.99,0.0,305.26,True,False,lb,0.0,https://cdn.shopify.com/s/files/1/0785/1504/4639/files/monochrome_kimono_no1_black_frame_53x72_8fe9d3b9-a91a-4bb5-bc4a-30124633ece2.png?v=1713721770,1.0,"Abstract Art, Wall Art, Ready-To-Hang, Monochrome Kimono, Geometric Symmetry, -53x72, -Black,-Thin Floating Frame, VividWalls, Artwork",https://cdn.shopify.com/s/files/1/0785/1504/4639/files/monochrome_kimono_no1_black_frame_53x72_8fe9d3b9-a91a-4bb5-bc4a-30124633ece2.png?v=1713721770,"Abstract Art, Wall Art, Ready-To-Hang, Collection Geometric Symmetry Monochrome Kimono 53x72, Black Frame Artwork",,False,True,,,True,,,active,289.96,217.47,15.3,Stretched,305.26,579.99,90.0,53x72 (estimated),2025-05-29 00:51:14
monochrome-kimono,,,,,,,,,53x72,,White,,Thin Floating Frame,MONOCHROME-KIMONO-WHITE-THIN-FLOATING-FRAME-53X72,shopify,deny,manual,610.68,0.0,321.41,True,False,lb,0.0,https://cdn.shopify.com/s/files/1/0785/1504/4639/files/monochrome_kimono_no1_white_frame_53x72_9646551a-346f-42b0-b06c-414b294c080b.png?v=1713721770,2.0,"Abstract Art, Wall Art, Ready-To-Hang, Monochrome Kimono, Geometric Symmetry, -53x72, -White,-Thin Floating Frame, VividWalls, Artwork",https://cdn.shopify.com/s/files/1/0785/1504/4639/files/monochrome_kimono_no1_white_frame_53x72_9646551a-346f-42b0-b06c-414b294c080b.png?v=1713721770,,,,,,,,,,,289.96,217.47,31.45,Stretched,321.41,610.68,90.0,53x72 (estimated),2025-05-29 00:51:14
monochrome-kimono,,,,,,,,,53x72,,,,,MONOCHROME-KIMONO-NA-NA-53X72,shopify,deny,manual,550.92,,289.96,True,False,lb,0.0,https://cdn.shopify.com/s/files/1/0785/1504/4639/files/monochrome_kimono_no1_no_frame_53x72_1486f146-cd80-4290-afe1-aac5810cd7a8.png?v=1713721770,3.0,"Abstract Art, Wall Art, Ready-To-Hang, Monochrome Kimono, Geometric Symmetry, -53x72, -NA,-Thin Floating Frame, VividWalls, Artwork",https://cdn.shopify.com/s/files/1/0785/1504/4639/files/monochrome_kimono_no1_no_frame_53x72_1486f146-cd80-4290-afe1-aac5810cd7a8.png?v=1713721770,,,,,,,,,,,289.96,217.47,0.0,Stretched,289.96,550.92,90.0,53x72 (estimated),2025-05-29 00:51:14
monochrome-kimono,,,,,,,,,36x48,,Black,,Thin Floating Frame,MONOCHROME-KIMONO-BLACK-THIN-FLOATING-FRAME-36X48,shopify,deny,manual,348.07,0.0,165.75,True,False,lb,0.0,https://cdn.shopify.com/s/files/1/0785/1504/4639/files/monochrome_kimono_no1_black_frame_36x48_02fc822b-ba16-40f8-ba3b-da1b1910f192.png?v=1713721770,4.0,"Abstract Art, Wall Art, Ready-To-Hang, Monochrome Kimono, Geometric Symmetry, -36x48, -Black,-Thin Floating Frame, VividWalls, Artwork",https://cdn.shopify.com/s/files/1/0785/1504/4639/files/monochrome_kimono_no1_black_frame_36x48_02fc822b-ba16-40f8-ba3b-da1b1910f192.png?v=1713721770,,,,,,,,,,,150.45,112.84,15.3,Stretched,165.75,348.07,110.0,36x48,2025-05-29 00:51:14
monochrome-kimono,,,,,,,,,36x48,,White,,Thin Floating Frame,MONOCHROME-KIMONO-WHITE-THIN-FLOATING-FRAME-36X48,shopify,deny,manual,381.99,0.0,181.9,True,False,lb,0.0,https://cdn.shopify.com/s/files/1/0785/1504/4639/files/monochrome_kimono_no1_white_frame_36x48_91853813-1428-4611-86d2-adf55201e9d2.png?v=1713721770,5.0,"Abstract Art, Wall Art, Ready-To-Hang, Monochrome Kimono, Geometric Symmetry, -36x48, -White,-Thin Floating Frame, VividWalls, Artwork",https://cdn.shopify.com/s/files/1/0785/1504/4639/files/monochrome_kimono_no1_white_frame_36x48_91853813-1428-4611-86d2-adf55201e9d2.png?v=1713721770,,,,,,,,,,,150.45,112.84,31.45,Stretched,181.9,381.99,110.0,36x48,2025-05-29 00:51:14
monochrome-kimono,,,,,,,,,36x48,,,,,MONOCHROME-KIMONO-NA-NA-36X48,shopify,deny,manual,315.94,0.0,150.45,True,False,lb,0.0,https://cdn.shopify.com/s/files/1/0785/1504/4639/files/monochrome_kimono_no1_no_frame_36x48_f21b8f04-bcfb-4465-ae8e-a443bd5f06f9.png?v=1713721770,6.0,"Abstract Art, Wall Art, Ready-To-Hang, Monochrome Kimono, Geometric Symmetry, -36x48, -NA,-Thin Floating Frame, VividWalls, Artwork",https://cdn.shopify.com/s/files/1/0785/1504/4639/files/monochrome_kimono_no1_no_frame_36x48_f21b8f04-bcfb-4465-ae8e-a443bd5f06f9.png?v=1713721770,,,,,,,,,,,150.45,112.84,0.0,Stretched,150.45,315.94,110.0,36x48,2025-05-29 00:51:14
monochrome-kimono,,,,,,,,,24x36,,Black,,Thin Floating Frame,MONOCHROME-KIMONO-BLACK-THIN-FLOATING-FRAME-24X36,shopify,deny,manual,210.63,0.0,100.3,True,False,lb,0.0,https://cdn.shopify.com/s/files/1/0785/1504/4639/files/monochrome_kimono_no1_black_frame_24x36png_110dabda-a38a-4062-ac24-6944bd12eb53.png?v=1713721770,7.0,"Abstract Art, Wall Art, Ready-To-Hang, Monochrome Kimono, Geometric Symmetry, -24x36, -Black,-Thin Floating Frame, VividWalls, Artwork",https://cdn.shopify.com/s/files/1/0785/1504/4639/files/monochrome_kimono_no1_black_frame_24x36png_110dabda-a38a-4062-ac24-6944bd12eb53.png?v=1713721770,,,,,,,,,,,85.0,63.75,15.3,Stretched,100.3,210.63,110.0,24x36,2025-05-29 00:51:14
monochrome-kimono,,,,,,,,,24x36,,White,,Thin Floating Frame,MONOCHROME-KIMONO-WHITE-THIN-FLOATING-FRAME-24X36,shopify,deny,manual,244.55,0.0,116.45,True,False,lb,0.0,https://cdn.shopify.com/s/files/1/0785/1504/4639/files/monochrome_kimono_no1_white_frame_24x36_1a408ef1-7996-437c-b6b3-0cc8d65a0138.png?v=1713721770,8.0,"Abstract Art, Wall Art, Ready-To-Hang, Monochrome Kimono, Geometric Symmetry, -24x36, -White,-Thin Floating Frame, VividWalls, Artwork",https://cdn.shopify.com/s/files/1/0785/1504/4639/files/monochrome_kimono_no1_white_frame_24x36_1a408ef1-7996-437c-b6b3-0cc8d65a0138.png?v=1713721770,,,,,,,,,,,85.0,63.75,31.45,Stretched,116.45,244.55,110.0,24x36,2025-05-29 00:51:14
monochrome-kimono,,,,,,,,,24x36,,,,,MONOCHROME-KIMONO-NA-NA-24X36,shopify,deny,manual,204.0,0.0,85.0,True,False,lb,0.0,https://cdn.shopify.com/s/files/1/0785/1504/4639/files/monochrome_kimono_no1_no_frame_24x36_2c47ed0e-fa7b-491b-b604-2160f59ff467.png?v=1713721770,9.0,"Abstract Art, Wall Art, Ready-To-Hang, Monochrome Kimono, Geometric Symmetry, -24x36, -NA,-Thin Floating Frame, VividWalls, Artwork",https://cdn.shopify.com/s/files/1/0785/1504/4639/files/monochrome_kimono_no1_no_frame_24x36_2c47ed0e-fa7b-491b-b604-2160f59ff467.png?v=1713721770,,,,,,,,,,,85.0,63.75,0.0,Stretched,85.0,204.0,140.0,24x36,2025-05-29 00:51:14
noir-weave,Noir Weave,"<div>
    <p>
        <span>Noir Weave</span> from the <span>Vivid Layers</span> collection is a captivating visual exploration of the grayscale spectrum. This piece showcases a complex interlacing of geometric shapes, creating a woven tapestry effect in shades of black, white, and grey. The meticulous placement of darker tones alongside lighter hues gives this artwork a sense of movement and dimension, as if the shapes are interlocking and receding in a harmonious dance. ""Noir Weave"" exemplifies the power of monochrome art to evoke a rich narrative and emotion, perfect for adding a touch of sophisticated contrast to any modern space.
    </p>
</div>
<div>
    <div style=""display: flex; flex-wrap: wrap; gap: 10px; justify-content: start;"">
        <span style=""display: inline-block; font-size: 16px; border-radius: 20px; background-color: #f1f1f1; padding: 3px 10px;"">Grayscale Spectrum</span>
        <span style=""display: inline-block; font-size: 16px; border-radius: 20px; background-color: #f1f1f1; padding: 3px 10px;"">Geometric Shapes</span>
        <span style=""display: inline-block; font-size: 16px; border-radius: 20px; background-color: #f1f1f1; padding: 3px 10px;"">Tapestry Effect</span>
        <span style=""display: inline-block; font-size: 16px; border-radius: 20px; background-color: #f1f1f1; padding: 3px 10px;"">Dimensional Movement</span>
        <span style=""display: inline-block; font-size: 16px; border-radius: 20px; background-color: #f1f1f1; padding: 3px 10px;"">Monochrome Art</span>
        <span style=""display: inline-block; font-size: 16px; border-radius: 20px; background-color: #f1f1f1; padding: 3px 10px;"">Sophisticated Contrast</span>
        <span style=""display: inline-block; font-size: 16px; border-radius: 20px; background-color: #f1f1f1; padding: 3px 10px;"">Modern Decor</span>
        <span style=""display: inline-block; font-size: 16px; border-radius: 20px; background-color: #f1f1f1; padding: 3px 10px;"">Narrative Emotion</span>
        <span style=""display: inline-block; font-size: 16px; border-radius: 20px; background-color: #f1f1f1; padding: 3px 10px;"">Elegant Design</span>
        <span style=""display: inline-block; font-size: 16px; border-radius: 20px; background-color: #f1f1f1; padding: 3px 10px;"">Artistic Depth</span>
    </div>
</div>
",VividWalls,Home & Garden > Decor > Artwork,Artwork,Vivid Layers,True,Frame Size,53x72,Frame Color,Black,Frame Style,Thin Floating Frame,NOIR-WEAVE-BLACK-THIN-FLOATING-FRAME-53X72,shopify,deny,manual,579.99,0.0,305.26,True,False,lb,0.0,https://cdn.shopify.com/s/files/1/0785/1504/4639/files/noir_weave_black_frame-53x72_c07bc23d-9867-4e22-b60d-60e24ddc2cfe.png?v=1713721020,1.0,"Abstract Art, Wall Art, Ready-To-Hang, Noir Weave, Vivid Layers, Frame Size-53x72, Frame Color-Black,Frame Style-Thin Floating Frame, VividWalls, Artwork",https://cdn.shopify.com/s/files/1/0785/1504/4639/files/noir_weave_black_frame-53x72_c07bc23d-9867-4e22-b60d-60e24ddc2cfe.png?v=1713721020,"Abstract Art, Wall Art, Ready-To-Hang, Collection Vivid Layers Noir Weave 53x72, Black Frame Artwork",,False,True,,,True,,,active,289.96,217.47,15.3,Stretched,305.26,579.99,90.0,53x72 (estimated),2025-05-29 00:51:14
noir-weave,,,,,,,,,53x72,,White,,Thin Floating Frame,NOIR-WEAVE-WHITE-THIN-FLOATING-FRAME-53X72,shopify,deny,manual,610.68,0.0,321.41,True,False,lb,0.0,https://cdn.shopify.com/s/files/1/0785/1504/4639/files/noir_weave_white_frame-53x72_2b17ee76-36f6-4db9-9f06-873f64fe7ca8.png?v=1713721020,2.0,"Abstract Art, Wall Art, Ready-To-Hang, Noir Weave, Vivid Layers, Frame Size-53x72, Frame Color-White,Frame Style-Thin Floating Frame, VividWalls, Artwork",https://cdn.shopify.com/s/files/1/0785/1504/4639/files/noir_weave_white_frame-53x72_2b17ee76-36f6-4db9-9f06-873f64fe7ca8.png?v=1713721020,,,,,,,,,,,289.96,217.47,31.45,Stretched,321.41,610.68,90.0,53x72 (estimated),2025-05-29 00:51:14
noir-weave,,,,,,,,,53x72,,,,,NOIR-WEAVE-NA-NA-53X72,shopify,deny,manual,550.92,0.0,289.96,True,False,lb,0.0,https://cdn.shopify.com/s/files/1/0785/1504/4639/files/noir_weave_no_frame-53x72_029aa2a7-e42b-4034-be97-d1894d9300b1.png?v=1713721020,3.0,"Abstract Art, Wall Art, Ready-To-Hang, Noir Weave, Vivid Layers, Frame Size-53x72, Frame Color-NA,Frame Style-Thin Floating Frame, VividWalls, Artwork",https://cdn.shopify.com/s/files/1/0785/1504/4639/files/noir_weave_no_frame-53x72_029aa2a7-e42b-4034-be97-d1894d9300b1.png?v=1713721020,,,,,,,,,,,289.96,217.47,0.0,Stretched,289.96,550.92,90.0,53x72 (estimated),2025-05-29 00:51:14
noir-weave,,,,,,,,,36x48,,Black,,Thin Floating Frame,NOIR-WEAVE-BLACK-THIN-FLOATING-FRAME-36X48,shopify,deny,manual,348.07,0.0,165.75,True,False,lb,0.0,https://cdn.shopify.com/s/files/1/0785/1504/4639/files/noir_weave_black_frame-36x48_ecdc1b08-f0ec-40db-ae59-0acb08e5e5df.png?v=1713721020,4.0,"Abstract Art, Wall Art, Ready-To-Hang, Noir Weave, Vivid Layers, Frame Size-36x48, Frame Color-Black,Frame Style-Thin Floating Frame, VividWalls, Artwork",https://cdn.shopify.com/s/files/1/0785/1504/4639/files/noir_weave_black_frame-36x48_ecdc1b08-f0ec-40db-ae59-0acb08e5e5df.png?v=1713721020,,,,,,,,,,,150.45,112.84,15.3,Stretched,165.75,348.07,110.0,36x48,2025-05-29 00:51:14
noir-weave,,,,,,,,,36x48,,White,,Thin Floating Frame,NOIR-WEAVE-WHITE-THIN-FLOATING-FRAME-36X48,shopify,deny,manual,381.99,0.0,181.9,True,False,lb,0.0,https://cdn.shopify.com/s/files/1/0785/1504/4639/files/noir_weave_white_frame-36x48_3781e645-82d2-411a-b7f7-46a6316fbecf.png?v=1713721020,5.0,"Abstract Art, Wall Art, Ready-To-Hang, Noir Weave, Vivid Layers, Frame Size-36x48, Frame Color-White,Frame Style-Thin Floating Frame, VividWalls, Artwork",https://cdn.shopify.com/s/files/1/0785/1504/4639/files/noir_weave_white_frame-36x48_3781e645-82d2-411a-b7f7-46a6316fbecf.png?v=1713721020,,,,,,,,,,,150.45,112.84,31.45,Stretched,181.9,381.99,110.0,36x48,2025-05-29 00:51:14
noir-weave,,,,,,,,,36x48,,,,,NOIR-WEAVE-NA-NA-36X48,shopify,deny,manual,315.94,0.0,150.45,True,False,lb,0.0,https://cdn.shopify.com/s/files/1/0785/1504/4639/files/noir_weave_no_frame-36x48_e59e16d4-7683-4675-a716-c0eceea2aeb6.png?v=1713721020,6.0,"Abstract Art, Wall Art, Ready-To-Hang, Noir Weave, Vivid Layers, Frame Size-36x48, Frame Color-NA,Frame Style-Thin Floating Frame, VividWalls, Artwork",https://cdn.shopify.com/s/files/1/0785/1504/4639/files/noir_weave_no_frame-36x48_e59e16d4-7683-4675-a716-c0eceea2aeb6.png?v=1713721020,,,,,,,,,,,150.45,112.84,0.0,Stretched,150.45,315.94,110.0,36x48,2025-05-29 00:51:14
noir-weave,,,,,,,,,24x36,,Black,,Thin Floating Frame,NOIR-WEAVE-BLACK-THIN-FLOATING-FRAME-24X36,shopify,deny,manual,210.63,0.0,100.3,True,False,lb,0.0,https://cdn.shopify.com/s/files/1/0785/1504/4639/files/noir_weave_black_frame-24x36_482bd711-810a-4de3-8b37-4199024aedd0.png?v=1713721020,7.0,"Abstract Art, Wall Art, Ready-To-Hang, Noir Weave, Vivid Layers, Frame Size-24x36, Frame Color-Black,Frame Style-Thin Floating Frame, VividWalls, Artwork",https://cdn.shopify.com/s/files/1/0785/1504/4639/files/noir_weave_black_frame-24x36_482bd711-810a-4de3-8b37-4199024aedd0.png?v=1713721020,,,,,,,,,,,85.0,63.75,15.3,Stretched,100.3,210.63,110.0,24x36,2025-05-29 00:51:14
noir-weave,,,,,,,,,24x36,,White,,Thin Floating Frame,NOIR-WEAVE-WHITE-THIN-FLOATING-FRAME-24X36,shopify,deny,manual,244.55,0.0,116.45,True,False,lb,0.0,https://cdn.shopify.com/s/files/1/0785/1504/4639/files/noir_weave_white_frame-24x36_2313125b-9ebd-4c24-ab8b-73e6f975e512.png?v=1713721020,8.0,"Abstract Art, Wall Art, Ready-To-Hang, Noir Weave, Vivid Layers, Frame Size-24x36, Frame Color-White,Frame Style-Thin Floating Frame, VividWalls, Artwork",https://cdn.shopify.com/s/files/1/0785/1504/4639/files/noir_weave_white_frame-24x36_2313125b-9ebd-4c24-ab8b-73e6f975e512.png?v=1713721020,,,,,,,,,,,85.0,63.75,31.45,Stretched,116.45,244.55,110.0,24x36,2025-05-29 00:51:14
noir-weave,,,,,,,,,24x36,,,,,NOIR-WEAVE-NA-NA-24X36,shopify,deny,manual,204.0,0.0,85.0,True,False,lb,0.0,https://cdn.shopify.com/s/files/1/0785/1504/4639/files/noir_weave_no_frame-24x36_944873f7-8f1d-447f-8360-45af798191fe.png?v=1713721020,9.0,"Abstract Art, Wall Art, Ready-To-Hang, Noir Weave, Vivid Layers, Frame Size-24x36, Frame Color-NA,Frame Style-Thin Floating Frame, VividWalls, Artwork",https://cdn.shopify.com/s/files/1/0785/1504/4639/files/noir_weave_no_frame-24x36_944873f7-8f1d-447f-8360-45af798191fe.png?v=1713721020,,,,,,,,,,,85.0,63.75,0.0,Stretched,85.0,204.0,140.0,24x36,2025-05-29 00:51:14
structured-noir-no2,Structured Noir no2,"<div>
    <p>
        <span>Structured Noir no2</span> from the <span>Geometric Intersect</span> collection is a bold exploration of monochromatic artistry. Stark contrasts between black, white, and shades of grey create a stark interplay of forms, giving this piece an architectural feel. The use of gradient textures within the shapes adds a tactile element, while the absence of color enhances the visual impact of the structural complexity. This artwork captures the essence of minimalist design while delivering a powerful visual statement through its simplicity and depth, embodying the elegance of noir aesthetics.
    </p>
</div>
<div>
    <div style=""display: flex; flex-wrap: wrap; gap: 10px; justify-content: start;"">
        <span style=""display: inline-block; font-size: 16px; border-radius: 20px; background-color: #f1f1f1; padding: 3px 10px;"">Monochromatic Artistry</span>
        <span style=""display: inline-block; font-size: 16px; border-radius: 20px; background-color: #f1f1f1; padding: 3px 10px;"">Architectural Design</span>
        <span style=""display: inline-block; font-size: 16px; border-radius: 20px; background-color: #f1f1f1; padding: 3px 10px;"">Gradient Textures</span>
        <span style=""display: inline-block; font-size: 16px; border-radius: 20px; background-color: #f1f1f1; padding: 3px 10px;"">Visual Impact</span>
        <span style=""display: inline-block; font-size: 16px; border-radius: 20px; background-color: #f1f1f1; padding: 3px 10px;"">Minimalist Design</span>
        <span style=""display: inline-block; font-size: 16px; border-radius: 20px; background-color: #f1f1f1; padding: 3px 10px;"">Noir Aesthetics</span>
        <span style=""display: inline-block; font-size: 16px; border-radius: 20px; background-color: #f1f1f1; padding: 3px 10px;"">Contemporary Art</span>
        <span style=""display: inline-block; font-size: 16px; border-radius: 20px; background-color: #f1f1f1; padding: 3px 10px;"">Geometric Intersect</span>
        <span style=""display: inline-block; font-size: 16px; border-radius: 20px; background-color: #f1f1f1; padding: 3px 10px;"">Elegant Simplicity</span>
        <span style=""display: inline-block; font-size: 16px; border-radius: 20px; background-color: #f1f1f1; padding: 3px 10px;"">Modern Minimalism</span>
    </div>
</div>
",VividWalls,Home & Garden > Decor > Artwork,Artwork,Geometric Intersect,True,Frame Size,53x72,Frame Color,Black,Frame Style,Thin Floating Frame,STRUCTURED-NOIR-NO2-BLACK-THIN-FLOATING-FRAME-53X72,shopify,deny,manual,579.99,0.0,305.26,True,False,lb,0.0,https://cdn.shopify.com/s/files/1/0785/1504/4639/files/structured_noir_no2_black_frame-53x72_739f3dc9-e81d-4458-a6c7-b9567abb222f.png?v=1713721527,1.0,"Abstract Art, Wall Art, Ready-To-Hang, Structured Noir no2, Geometric Intersect, Frame Size-53x72, Frame Color-Black,Frame Style-Thin Floating Frame, VividWalls, Artwork",https://cdn.shopify.com/s/files/1/0785/1504/4639/files/structured_noir_no2_black_frame-53x72_739f3dc9-e81d-4458-a6c7-b9567abb222f.png?v=1713721527,"Abstract Art, Wall Art, Ready-To-Hang, Collection Geometric Intersect Structured Noir no2 53x72, Black Frame Artwork",,False,True,,,True,,,active,289.96,217.47,15.3,Stretched,305.26,579.99,90.0,53x72 (estimated),2025-05-29 00:51:14
structured-noir-no2,,,,,,,,,53x72,,White,,Thin Floating Frame,STRUCTURED-NOIR-NO2-WHITE-THIN-FLOATING-FRAME-53X72,shopify,deny,manual,610.68,0.0,321.41,True,False,lb,0.0,https://cdn.shopify.com/s/files/1/0785/1504/4639/files/structured_noir_no2_white_frame-53x72_cb63c1a6-cf7f-4609-8df2-df4c4d720ee6.png?v=1713721527,2.0,"Abstract Art, Wall Art, Ready-To-Hang, Structured Noir no2, Geometric Intersect, Frame Size-53x72, Frame Color-White,Frame Style-Thin Floating Frame, VividWalls, Artwork",https://cdn.shopify.com/s/files/1/0785/1504/4639/files/structured_noir_no2_white_frame-53x72_cb63c1a6-cf7f-4609-8df2-df4c4d720ee6.png?v=1713721527,,,,,,,,,,,289.96,217.47,31.45,Stretched,321.41,610.68,90.0,53x72 (estimated),2025-05-29 00:51:14
structured-noir-no2,,,,,,,,,53x72,,,,,STRUCTURED-NOIR-NO2-NA-NA-53X72,shopify,deny,manual,550.92,0.0,289.96,True,False,lb,0.0,https://cdn.shopify.com/s/files/1/0785/1504/4639/files/structured_noir_no2_no_frame-53x72_1a6baa16-65d8-472c-b3af-15daa59eba6d.png?v=1713721528,3.0,"Abstract Art, Wall Art, Ready-To-Hang, Structured Noir no2, Geometric Intersect, Frame Size-53x72, Frame Color-NA,Frame Style-Thin Floating Frame, VividWalls, Artwork",https://cdn.shopify.com/s/files/1/0785/1504/4639/files/structured_noir_no2_no_frame-53x72_1a6baa16-65d8-472c-b3af-15daa59eba6d.png?v=1713721528,,,,,,,,,,,289.96,217.47,0.0,Stretched,289.96,550.92,90.0,53x72 (estimated),2025-05-29 00:51:14
structured-noir-no2,,,,,,,,,36x48,,Black,,Thin Floating Frame,STRUCTURED-NOIR-NO2-BLACK-THIN-FLOATING-FRAME-36X48,shopify,deny,manual,348.07,0.0,165.75,True,False,lb,0.0,https://cdn.shopify.com/s/files/1/0785/1504/4639/files/structured_noir_no1_black_frame-36x48_7522c0f2-1b12-4e95-a8a9-0e842e72f822.png?v=1713721528,4.0,"Abstract Art, Wall Art, Ready-To-Hang, Structured Noir no2, Geometric Intersect, Frame Size-36x48, Frame Color-Black,Frame Style-Thin Floating Frame, VividWalls, Artwork",https://cdn.shopify.com/s/files/1/0785/1504/4639/files/structured_noir_no1_black_frame-36x48_7522c0f2-1b12-4e95-a8a9-0e842e72f822.png?v=1713721528,,,,,,,,,,,150.45,112.84,15.3,Stretched,165.75,348.07,110.0,36x48,2025-05-29 00:51:14
structured-noir-no2,,,,,,,,,36x48,,White,,Thin Floating Frame,STRUCTURED-NOIR-NO2-WHITE-THIN-FLOATING-FRAME-36X48,shopify,deny,manual,381.99,0.0,181.9,True,False,lb,0.0,https://cdn.shopify.com/s/files/1/0785/1504/4639/files/structured_noir_no1_white_frame-36x48_a86510d5-fc32-4489-adf3-c472de580bb2.png?v=1713721528,5.0,"Abstract Art, Wall Art, Ready-To-Hang, Structured Noir no2, Geometric Intersect, Frame Size-36x48, Frame Color-White,Frame Style-Thin Floating Frame, VividWalls, Artwork",https://cdn.shopify.com/s/files/1/0785/1504/4639/files/structured_noir_no1_white_frame-36x48_a86510d5-fc32-4489-adf3-c472de580bb2.png?v=1713721528,,,,,,,,,,,150.45,112.84,31.45,Stretched,181.9,381.99,110.0,36x48,2025-05-29 00:51:14
structured-noir-no2,,,,,,,,,36x48,,,,,STRUCTURED-NOIR-NO2-NA-NA-36X48,shopify,deny,manual,315.94,0.0,150.45,True,False,lb,0.0,https://cdn.shopify.com/s/files/1/0785/1504/4639/files/structured_noir_no1_no_frame-36x48_8c1f50f6-737e-465e-9a81-3210751a8583.png?v=1713721528,6.0,"Abstract Art, Wall Art, Ready-To-Hang, Structured Noir no2, Geometric Intersect, Frame Size-36x48, Frame Color-NA,Frame Style-Thin Floating Frame, VividWalls, Artwork",https://cdn.shopify.com/s/files/1/0785/1504/4639/files/structured_noir_no1_no_frame-36x48_8c1f50f6-737e-465e-9a81-3210751a8583.png?v=1713721528,,,,,,,,,,,150.45,112.84,0.0,Stretched,150.45,315.94,110.0,36x48,2025-05-29 00:51:14
structured-noir-no2,,,,,,,,,24x36,,Black,,Thin Floating Frame,STRUCTURED-NOIR-NO2-BLACK-THIN-FLOATING-FRAME-24X36,shopify,deny,manual,210.63,0.0,100.3,True,False,lb,0.0,https://cdn.shopify.com/s/files/1/0785/1504/4639/files/structured_noir_no1_black_frame-24x36_ea72d2c7-833a-4c1d-bf9c-46a60ecf36ba.png?v=1713721528,7.0,"Abstract Art, Wall Art, Ready-To-Hang, Structured Noir no2, Geometric Intersect, Frame Size-24x36, Frame Color-Black,Frame Style-Thin Floating Frame, VividWalls, Artwork",https://cdn.shopify.com/s/files/1/0785/1504/4639/files/structured_noir_no1_black_frame-24x36_ea72d2c7-833a-4c1d-bf9c-46a60ecf36ba.png?v=1713721528,,,,,,,,,,,85.0,63.75,15.3,Stretched,100.3,210.63,110.0,24x36,2025-05-29 00:51:14
structured-noir-no2,,,,,,,,,24x36,,White,,Thin Floating Frame,STRUCTURED-NOIR-NO2-WHITE-THIN-FLOATING-FRAME-24X36,shopify,deny,manual,244.55,0.0,116.45,True,False,lb,0.0,https://cdn.shopify.com/s/files/1/0785/1504/4639/files/structured_noir_no1_white_frame-24x36_b80312f2-7fb5-4317-88f8-1c74f9ba541f.png?v=1713721528,8.0,"Abstract Art, Wall Art, Ready-To-Hang, Structured Noir no2, Geometric Intersect, Frame Size-24x36, Frame Color-White,Frame Style-Thin Floating Frame, VividWalls, Artwork",https://cdn.shopify.com/s/files/1/0785/1504/4639/files/structured_noir_no1_white_frame-24x36_b80312f2-7fb5-4317-88f8-1c74f9ba541f.png?v=1713721528,,,,,,,,,,,85.0,63.75,31.45,Stretched,116.45,244.55,110.0,24x36,2025-05-29 00:51:14
structured-noir-no2,,,,,,,,,24x36,,,,,STRUCTURED-NOIR-NO2-NA-NA-24X36,shopify,deny,manual,204.0,0.0,85.0,True,False,lb,0.0,https://cdn.shopify.com/s/files/1/0785/1504/4639/files/structured_noir_no1_no_frame-24x36_1103d53f-e100-41c6-baf9-0bff3da375f5.png?v=1713721528,9.0,"Abstract Art, Wall Art, Ready-To-Hang, , Geometric Intersect, -24x36, -NA,-NA, , ",https://cdn.shopify.com/s/files/1/0785/1504/4639/files/structured_noir_no1_no_frame-24x36_1103d53f-e100-41c6-baf9-0bff3da375f5.png?v=1713721528,,,,,,,,,,,85.0,63.75,0.0,Stretched,85.0,204.0,140.0,24x36,2025-05-29 00:51:14
structured-noir-no1,Structured Noir no1,"<div>
    <p>
        <span>Structured Noir no1</span> from the <span>Geometric Intersect</span> collection is a testament to the elegance of black and white. This artwork embodies a bold simplicity, utilizing a monochrome palette to create striking geometric contrasts. Sharp angles and clean lines intersect to form an abstract, yet discernible, pattern of depth and space. The play of light and shadow is expertly rendered, highlighting the texture and adding a dynamic element to the static shapes. ""Structured Noir no1"" is a sophisticated piece that speaks to the power of minimalism in design.
    </p>
</div>
<div>
    <div style=""display: flex; flex-wrap: wrap; gap: 10px; justify-content: start;"">
        <span style=""display: inline-block; font-size: 16px; border-radius: 20px; background-color: #f1f1f1; padding: 3px 10px;"">Monochrome Palette</span>
        <span style=""display: inline-block; font-size: 16px; border-radius: 20px; background-color: #f1f1f1; padding: 3px 10px;"">Geometric Contrasts</span>
        <span style=""display: inline-block; font-size: 16px; border-radius: 20px; background-color: #f1f1f1; padding: 3px 10px;"">Abstract Pattern</span>
        <span style=""display: inline-block; font-size: 16px; border-radius: 20px; background-color: #f1f1f1; padding: 3px 10px;"">Light and Shadow Play</span>
        <span style=""display: inline-block; font-size: 16px; border-radius: 20px; background-color: #f1f1f1; padding: 3px 10px;"">Texture Dynamics</span>
        <span style=""display: inline-block; font-size: 16px; border-radius: 20px; background-color: #f1f1f1; padding: 3px 10px;"">Minimalist Design</span>
        <span style=""display: inline-block; font-size: 16px; border-radius: 20px; background-color: #f1f1f1; padding: 3px 10px;"">Sophisticated Decor</span>
        <span style=""display: inline-block; font-size: 16px; border-radius: 20px; background-color: #f1f1f1; padding: 3px 10px;"">Modern Artwork</span>
        <span style=""display: inline-block; font-size: 16px; border-radius: 20px; background-color: #f1f1f1; padding: 3px 10px;"">Elegant Simplicity</span>
        <span style=""display: inline-block; font-size: 16px; border-radius: 20px; background-color: #f1f1f1; padding: 3px 10px;"">Contemporary Style</span>
    </div>
</div>
",VividWalls,Home & Garden > Decor > Artwork,Artwork,Geometric Intersect,True,Frame Size,53x72,Frame Color,Black,Frame Style,Thin Floating Frame,STRUCTURED-NOIR-NO1-BLACK-THIN-FLOATING-FRAME-53X72,shopify,deny,manual,579.99,0.0,305.26,True,False,lb,0.0,https://cdn.shopify.com/s/files/1/0785/1504/4639/files/structured_noir_no1_black_frame-53x72_ea2b2969-d34e-4f85-a774-906c892a55ec.png?v=1713721507,1.0,"Abstract Art, Wall Art, Ready-To-Hang, Structured Noir no1, Geometric Intersect, Frame Size-53x72, Frame Color-Black,Frame Style-Thin Floating Frame, VividWalls, Artwork",https://cdn.shopify.com/s/files/1/0785/1504/4639/files/structured_noir_no1_black_frame-53x72_ea2b2969-d34e-4f85-a774-906c892a55ec.png?v=1713721507,"Abstract Art, Wall Art, Ready-To-Hang, Collection Geometric Intersect Structured Noir no1 53x72, Black Frame Artwork",,False,True,,,True,,,active,289.96,217.47,15.3,Stretched,305.26,579.99,90.0,53x72 (estimated),2025-05-29 00:51:14
structured-noir-no1,,,,,,,,,53x72,,White,,Thin Floating Frame,STRUCTURED-NOIR-NO1-WHITE-THIN-FLOATING-FRAME-53X72,shopify,deny,manual,610.68,0.0,321.41,True,False,lb,0.0,https://cdn.shopify.com/s/files/1/0785/1504/4639/files/structured_noir_no1_white_frame-53x72_79529ff6-477d-4c5c-aaee-884860f819cd.png?v=1713721507,2.0,"Abstract Art, Wall Art, Ready-To-Hang, Structured Noir no1, Geometric Intersect, Frame Size-53x72, Frame Color-White,Frame Style-Thin Floating Frame, VividWalls, Artwork",https://cdn.shopify.com/s/files/1/0785/1504/4639/files/structured_noir_no1_white_frame-53x72_79529ff6-477d-4c5c-aaee-884860f819cd.png?v=1713721507,,,,,,,,,,,289.96,217.47,31.45,Stretched,321.41,610.68,90.0,53x72 (estimated),2025-05-29 00:51:14
structured-noir-no1,,,,,,,,,53x72,,,,Thin Floating Frame,STRUCTURED-NOIR-NO1-NA-THIN-FLOATING-FRAME-53X72,shopify,deny,manual,550.92,0.0,289.96,True,False,lb,0.0,https://cdn.shopify.com/s/files/1/0785/1504/4639/files/structured_noir_no1_no_frame-53x72_7a549413-9f09-42c8-ba90-679f78fdcd7f.png?v=1713721507,3.0,"Abstract Art, Wall Art, Ready-To-Hang, Structured Noir no1, Geometric Intersect, Frame Size-53x72, Frame Color-NA,Frame Style-Thin Floating Frame, VividWalls, Artwork",https://cdn.shopify.com/s/files/1/0785/1504/4639/files/structured_noir_no1_no_frame-53x72_7a549413-9f09-42c8-ba90-679f78fdcd7f.png?v=1713721507,,,,,,,,,,,289.96,217.47,0.0,Stretched,289.96,550.92,90.0,53x72 (estimated),2025-05-29 00:51:14
structured-noir-no1,,,,,,,,,36x48,,Black,,Thin Floating Frame,STRUCTURED-NOIR-NO1-BLACK-THIN-FLOATING-FRAME-36X48,shopify,deny,manual,348.07,0.0,165.75,True,False,lb,0.0,https://cdn.shopify.com/s/files/1/0785/1504/4639/files/structured_noir_no1_black_frame-36x48_a1c22cf8-cadb-4c34-a51b-7af9f9997ba7.png?v=1713721507,4.0,"Abstract Art, Wall Art, Ready-To-Hang, Structured Noir no1, Geometric Intersect, Frame Size-36x48, Frame Color-Black,Frame Style-Thin Floating Frame, VividWalls, Artwork",https://cdn.shopify.com/s/files/1/0785/1504/4639/files/structured_noir_no1_black_frame-36x48_a1c22cf8-cadb-4c34-a51b-7af9f9997ba7.png?v=1713721507,,,,,,,,,,,150.45,112.84,15.3,Stretched,165.75,348.07,110.0,36x48,2025-05-29 00:51:14
structured-noir-no1,,,,,,,,,36x48,,White,,Thin Floating Frame,STRUCTURED-NOIR-NO1-WHITE-THIN-FLOATING-FRAME-36X48,shopify,deny,manual,381.99,0.0,181.9,True,False,lb,0.0,https://cdn.shopify.com/s/files/1/0785/1504/4639/files/structured_noir_no1_white_frame-36x48_f8d34bfb-b8e4-485b-a9c3-69481acfcea3.png?v=1713721507,5.0,"Abstract Art, Wall Art, Ready-To-Hang, Structured Noir no1, Geometric Intersect, Frame Size-36x48, Frame Color-White,Frame Style-Thin Floating Frame, VividWalls, Artwork",https://cdn.shopify.com/s/files/1/0785/1504/4639/files/structured_noir_no1_white_frame-36x48_f8d34bfb-b8e4-485b-a9c3-69481acfcea3.png?v=1713721507,,,,,,,,,,,150.45,112.84,31.45,Stretched,181.9,381.99,110.0,36x48,2025-05-29 00:51:14
structured-noir-no1,,,,,,,,,36x48,,,,,STRUCTURED-NOIR-NO1-NA-NA-36X48,shopify,deny,manual,315.94,0.0,150.45,True,False,lb,0.0,https://cdn.shopify.com/s/files/1/0785/1504/4639/files/structured_noir_no1_no_frame-36x48_8a2044eb-55bc-436c-8b3c-1c552d5c353e.png?v=1713721507,6.0,"Abstract Art, Wall Art, Ready-To-Hang, Structured Noir no1, Geometric Intersect, Frame Size-36x48, Frame Color-NA,Frame Style-Thin Floating Frame, VividWalls, Artwork",https://cdn.shopify.com/s/files/1/0785/1504/4639/files/structured_noir_no1_no_frame-36x48_8a2044eb-55bc-436c-8b3c-1c552d5c353e.png?v=1713721507,,,,,,,,,,,150.45,112.84,0.0,Stretched,150.45,315.94,110.0,36x48,2025-05-29 00:51:14
structured-noir-no1,,,,,,,,,24x36,,Black,,Thin Floating Frame,STRUCTURED-NOIR-NO1-BLACK-THIN-FLOATING-FRAME-24X36,shopify,deny,manual,210.63,0.0,100.3,True,False,lb,0.0,https://cdn.shopify.com/s/files/1/0785/1504/4639/files/structured_noir_no1_black_frame-24x36_ce4fdb5f-880d-47ca-bc79-9c50f4b970d3.png?v=1713721507,7.0,"Abstract Art, Wall Art, Ready-To-Hang, Structured Noir no1, Geometric Intersect, Frame Size-24x36, Frame Color-Black,Frame Style-Thin Floating Frame, VividWalls, Artwork",https://cdn.shopify.com/s/files/1/0785/1504/4639/files/structured_noir_no1_black_frame-24x36_ce4fdb5f-880d-47ca-bc79-9c50f4b970d3.png?v=1713721507,,,,,,,,,,,85.0,63.75,15.3,Stretched,100.3,210.63,110.0,24x36,2025-05-29 00:51:14
structured-noir-no1,,,,,,,,,24x36,,White,,Thin Floating Frame,STRUCTURED-NOIR-NO1-WHITE-THIN-FLOATING-FRAME-24X36,shopify,deny,manual,244.55,0.0,116.45,True,False,lb,0.0,https://cdn.shopify.com/s/files/1/0785/1504/4639/files/structured_noir_no1_white_frame-24x36_6b6345f4-7f30-4a8c-8ae2-749035f6f214.png?v=1713721507,8.0,"Abstract Art, Wall Art, Ready-To-Hang, Structured Noir no1, Geometric Intersect, Frame Size-24x36, Frame Color-White,Frame Style-Thin Floating Frame, VividWalls, Artwork",https://cdn.shopify.com/s/files/1/0785/1504/4639/files/structured_noir_no1_white_frame-24x36_6b6345f4-7f30-4a8c-8ae2-749035f6f214.png?v=1713721507,,,,,,,,,,,85.0,63.75,31.45,Stretched,116.45,244.55,110.0,24x36,2025-05-29 00:51:14
structured-noir-no1,,,,,,,,,24x36,,,,,STRUCTURED-NOIR-NO1-NA-NA-24X36,shopify,deny,manual,204.0,0.0,85.0,True,False,lb,0.0,https://cdn.shopify.com/s/files/1/0785/1504/4639/files/structured_noir_no1_no_frame-24x36_40d4dab3-6510-46c3-9a4e-26b35aba652c.png?v=1713721507,9.0,"Abstract Art, Wall Art, Ready-To-Hang, Structured Noir no1, Geometric Intersect, Frame Size-24x36, Frame Color-NA,Frame Style-Thin Floating Frame, VividWalls, Artwork",https://cdn.shopify.com/s/files/1/0785/1504/4639/files/structured_noir_no1_no_frame-24x36_40d4dab3-6510-46c3-9a4e-26b35aba652c.png?v=1713721507,,,,,,,,,,,85.0,63.75,0.0,Stretched,85.0,204.0,140.0,24x36,2025-05-29 00:51:14
prismatic-warmth,Prismatic Warmth,"<div>
    <p>
        <span>Prismatic Warmth</span> from the <span>Geometric Intersect</span> collection is an abstract representation that exudes the cozy ambiance of autumnal shades. The piece is a mosaic of geometric shapes filled with gradients of warm colors, ranging from rich browns to burnt oranges, deep purples, and vibrant reds, reminiscent of a patchwork quilt. The interplay of these warm hues with cool undertones of blue creates a dynamic visual tension. Shadow and light are used effectively within the shapes to give the artwork a luminous quality, as if the colors are glowing from within, evoking the feeling of warmth and comfort.
    </p>
</div>
<div>
    <div style=""display: flex; flex-wrap: wrap; gap: 10px; justify-content: start;"">
        <span style=""display: inline-block; font-size: 16px; border-radius: 20px; background-color: #f1f1f1; padding: 3px 10px;"">Warm Color Palette</span>
        <span style=""display: inline-block; font-size: 16px; border-radius: 20px; background-color: #f1f1f1; padding: 3px 10px;"">Autumnal Shades</span>
        <span style=""display: inline-block; font-size: 16px; border-radius: 20px; background-color: #f1f1f1; padding: 3px 10px;"">Geometric Shapes</span>
        <span style=""display: inline-block; font-size: 16px; border-radius: 20px; background-color: #f1f1f1; padding: 3px 10px;"">Dynamic Tension</span>
        <span style=""display: inline-block; font-size: 16px; border-radius: 20px; background-color: #f1f1f1; padding: 3px 10px;"">Luminous Quality</span>
        <span style=""display: inline-block; font-size: 16px; border-radius: 20px; background-color: #f1f1f1; padding: 3px 10px;"">Patchwork Quilt Inspiration</span>
        <span style=""display: inline-block; font-size: 16px; border-radius: 20px; background-color: #f1f1f1; padding: 3px 10px;"">Modern Art</span>
        <span style=""display: inline-block; font-size: 16px; border-radius: 20px; background-color: #f1f1f1; padding: 3px 10px;"">Gallery Quality</span>
        <span style=""display: inline-block; font-size: 16px; border-radius: 20px; background-color: #f1f1f1; padding: 3px 10px;"">Contemporary Decor</span>
        <span style=""display: inline-block; font-size: 16px; border-radius: 20px; background-color: #f1f1f1; padding: 3px 10px;"">Visual Comfort</span>
    </div>
</div>",VividWalls,Home & Garden > Decor > Artwork,Artwork,Geometric Intersect,True,Frame Size,53x72,Frame Color,Black,Frame Style,Thin Floating Frame,PRISMATIC-WARMTH-BLACK-THIN-FLOATING-FRAME-53X72,shopify,deny,manual,579.99,0.0,305.26,True,False,lb,0.0,https://cdn.shopify.com/s/files/1/0785/1504/4639/files/prismatic_warmth_no1_black_frame-53x72_1e381d95-05bb-4288-8451-565ba92f8298.png?v=1713721152,1.0,"Abstract Art, Wall Art, Ready-To-Hang, Prismatic Warmth, Geometric Intersect, Frame Size-53x72, Frame Color-Black,Frame Style-Thin Floating Frame, VividWalls, Artwork",https://cdn.shopify.com/s/files/1/0785/1504/4639/files/prismatic_warmth_no1_black_frame-53x72_1e381d95-05bb-4288-8451-565ba92f8298.png?v=1713721152,"Abstract Art, Wall Art, Ready-To-Hang, Collection Geometric Intersect Prismatic Warmth 53x72, Black Frame Artwork",,False,True,,,True,,,active,289.96,217.47,15.3,Stretched,305.26,579.99,90.0,53x72 (estimated),2025-05-29 00:51:14
prismatic-warmth,,,,,,,,,53x72,,White,,Thin Floating Frame,PRISMATIC-WARMTH-WHITE-THIN-FLOATING-FRAME-53X72,shopify,deny,manual,610.68,0.0,321.41,True,False,lb,0.0,https://cdn.shopify.com/s/files/1/0785/1504/4639/files/prismatic_warmth_no1_white_frame-53x72_dcb3f5f2-72e7-46db-beff-fae84ece83ee.png?v=1713721152,2.0,"Abstract Art, Wall Art, Ready-To-Hang, Prismatic Warmth, Geometric Intersect, Frame Size-53x72, Frame Color-White,Frame Style-Thin Floating Frame, VividWalls, Artwork",https://cdn.shopify.com/s/files/1/0785/1504/4639/files/prismatic_warmth_no1_white_frame-53x72_dcb3f5f2-72e7-46db-beff-fae84ece83ee.png?v=1713721152,,,,,,,,,,,289.96,217.47,31.45,Stretched,321.41,610.68,90.0,53x72 (estimated),2025-05-29 00:51:14
prismatic-warmth,,,,,,,,,53x72,,,,,PRISMATIC-WARMTH-NA-NA-53X72,shopify,deny,manual,550.92,0.0,289.96,True,False,lb,0.0,https://cdn.shopify.com/s/files/1/0785/1504/4639/files/prismatic_warmth_no1_no_frame-53x72_d9713d6b-2088-4b00-8610-72b2489addf4.png?v=1713721152,3.0,"Abstract Art, Wall Art, Ready-To-Hang, Prismatic Warmth, Geometric Intersect, Frame Size-53x72, Frame Color-NA,Frame Style-Thin Floating Frame, VividWalls, Artwork",https://cdn.shopify.com/s/files/1/0785/1504/4639/files/prismatic_warmth_no1_no_frame-53x72_d9713d6b-2088-4b00-8610-72b2489addf4.png?v=1713721152,,,,,,,,,,,289.96,217.47,0.0,Stretched,289.96,550.92,90.0,53x72 (estimated),2025-05-29 00:51:14
prismatic-warmth,,,,,,,,,36x48,,Black,,Thin Floating Frame,PRISMATIC-WARMTH-BLACK-THIN-FLOATING-FRAME-36X48,shopify,deny,manual,348.07,0.0,165.75,True,False,lb,0.0,https://cdn.shopify.com/s/files/1/0785/1504/4639/files/prismatic_warmth_no1_black_frame-36x48_26ed2a64-7fc7-42cb-a941-6cd0a654742b.png?v=1713721152,4.0,"Abstract Art, Wall Art, Ready-To-Hang, Prismatic Warmth, Geometric Intersect, Frame Size-36x48, Frame Color-Black,Frame Style-Thin Floating Frame, VividWalls, Artwork",https://cdn.shopify.com/s/files/1/0785/1504/4639/files/prismatic_warmth_no1_black_frame-36x48_26ed2a64-7fc7-42cb-a941-6cd0a654742b.png?v=1713721152,,,,,,,,,,,150.45,112.84,15.3,Stretched,165.75,348.07,110.0,36x48,2025-05-29 00:51:14
prismatic-warmth,,,,,,,,,36x48,,White,,Thin Floating Frame,PRISMATIC-WARMTH-WHITE-THIN-FLOATING-FRAME-36X48,shopify,deny,manual,381.99,0.0,181.9,True,False,lb,0.0,https://cdn.shopify.com/s/files/1/0785/1504/4639/files/prismatic_warmth_no1_white_frame-36x48_7bafea33-9503-449d-8cf7-36c1dbf3c687.png?v=1713721152,5.0,"Abstract Art, Wall Art, Ready-To-Hang, Prismatic Warmth, Geometric Intersect, Frame Size-36x48, Frame Color-White,Frame Style-Thin Floating Frame, VividWalls, Artwork",https://cdn.shopify.com/s/files/1/0785/1504/4639/files/prismatic_warmth_no1_white_frame-36x48_7bafea33-9503-449d-8cf7-36c1dbf3c687.png?v=1713721152,,,,,,,,,,,150.45,112.84,31.45,Stretched,181.9,381.99,110.0,36x48,2025-05-29 00:51:14
prismatic-warmth,,,,,,,,,36x48,,,,,PRISMATIC-WARMTH-NA-NA-36X48,shopify,deny,manual,315.94,0.0,150.45,True,False,lb,0.0,https://cdn.shopify.com/s/files/1/0785/1504/4639/files/prismatic_warmth_no1_no_frame-36x48_149ca0f6-7b52-4aee-b622-77154246fd43.png?v=1713721152,6.0,"Abstract Art, Wall Art, Ready-To-Hang, Prismatic Warmth, Geometric Intersect, Frame Size-36x48, Frame Color-NA,Frame Style-Thin Floating Frame, VividWalls, Artwork",https://cdn.shopify.com/s/files/1/0785/1504/4639/files/prismatic_warmth_no1_no_frame-36x48_149ca0f6-7b52-4aee-b622-77154246fd43.png?v=1713721152,,,,,,,,,,,150.45,112.84,0.0,Stretched,150.45,315.94,110.0,36x48,2025-05-29 00:51:14
prismatic-warmth,,,,,,,,,24x26,,Black,,Thin Floating Frame,PRISMATIC-WARMTH-BLACK-THIN-FLOATING-FRAME-24X26,shopify,deny,manual,222.34,0.0,92.64,True,False,lb,0.0,https://cdn.shopify.com/s/files/1/0785/1504/4639/files/prismatic_warmth_no1_black_frame-24x36_7c39b123-ea06-48b8-9195-fe7db31a1cc3.png?v=1713721152,7.0,"Abstract Art, Wall Art, Ready-To-Hang, Prismatic Warmth, Geometric Intersect, Frame Size-24x26, Frame Color-Black,Frame Style-Thin Floating Frame, VividWalls, Artwork",https://cdn.shopify.com/s/files/1/0785/1504/4639/files/prismatic_warmth_no1_black_frame-24x36_7c39b123-ea06-48b8-9195-fe7db31a1cc3.png?v=1713721152,,,,,,,,,,,77.34,58.01,15.3,Stretched,92.64,222.34,140.0,24x26 (estimated),2025-05-29 00:51:14
prismatic-warmth,,,,,,,,,24x26,,White,,Thin Floating Frame,PRISMATIC-WARMTH-WHITE-THIN-FLOATING-FRAME-24X26,shopify,deny,manual,228.46,0.0,108.79,True,False,lb,0.0,https://cdn.shopify.com/s/files/1/0785/1504/4639/files/prismatic_warmth_no1_white_frame-24x36_d5e22b1e-93b9-4529-b913-a2d1edf822e0.png?v=1713721152,8.0,"Abstract Art, Wall Art, Ready-To-Hang, Prismatic Warmth, Geometric Intersect, Frame Size-24x26, Frame Color-White,Frame Style-Thin Floating Frame, VividWalls, Artwork",https://cdn.shopify.com/s/files/1/0785/1504/4639/files/prismatic_warmth_no1_white_frame-24x36_d5e22b1e-93b9-4529-b913-a2d1edf822e0.png?v=1713721152,,,,,,,,,,,77.34,58.01,31.45,Stretched,108.79,228.46,110.0,24x26 (estimated),2025-05-29 00:51:14
prismatic-warmth,,,,,,,,,24x26,,,,,PRISMATIC-WARMTH-NA-NA-24X26,shopify,deny,manual,185.62,0.0,77.34,True,False,lb,0.0,https://cdn.shopify.com/s/files/1/0785/1504/4639/files/prismatic_warmth_no1_no_frame-24x36_99589ac3-580a-4a3a-a5ae-ea445fd30793.png?v=1713721152,9.0,"Abstract Art, Wall Art, Ready-To-Hang, Prismatic Warmth, Geometric Intersect, Frame Size-24x26, Frame Color-NA,Frame Style-Thin Floating Frame, VividWalls, Artwork",https://cdn.shopify.com/s/files/1/0785/1504/4639/files/prismatic_warmth_no1_no_frame-24x36_99589ac3-580a-4a3a-a5ae-ea445fd30793.png?v=1713721152,,,,,,,,,,,77.34,58.01,0.0,Stretched,77.34,185.62,140.0,24x26 (estimated),2025-05-29 00:51:14
crystalline-blue,Crystalline Blue,"<div>
    <p>
        <span>Crystalline Blue</span> from the <span>Geometric Intersect</span> collection is a vivid depiction of angular forms and contrasting colors. This artwork is characterized by its dominant blue hues, which range from deep navy to bright cobalt, creating a cool, crystalline effect. Interspersed with the blues are pops of contrasting colors—yellows, oranges, and pinks—that resemble the reflective surfaces of cut gems. The geometric shapes are sharply delineated, suggesting a three-dimensional space and playing with the viewer’s perception of depth. ""Crystalline Blue"" is a modern, dynamic piece that captures the interplay of light and geometry.
    </p>
</div>
<div>
    <div style=""display: flex; flex-wrap: wrap; gap: 10px; justify-content: start;"">
        <span style=""display: inline-block; font-size: 16px; border-radius: 20px; background-color: #f1f1f1; padding: 3px 10px;"">Crystalline Effect</span>
        <span style=""display: inline-block; font-size: 16px; border-radius: 20px; background-color: #f1f1f1; padding: 3px 10px;"">Blue Hues</span>
        <span style=""display: inline-block; font-size: 16px; border-radius: 20px; background-color: #f1f1f1; padding: 3px 10px;"">Geometric Art</span>
        <span style=""display: inline-block; font-size: 16px; border-radius: 20px; background-color: #f1f1f1; padding: 3px 10px;"">Reflective Surfaces</span>
        <span style=""display: inline-block; font-size: 16px; border-radius: 20px; background-color: #f1f1f1; padding: 3px 10px;"">Dimensional Space</span>
        <span style=""display: inline-block; font-size: 16px; border-radius: 20px; background-color: #f1f1f1; padding: 3px 10px;"">Modern Decor</span>
        <span style=""display: inline-block; font-size: 16px; border-radius: 20px; background-color: #f1f1f1; padding: 3px 10px;"">Dynamic Composition</span>
        <span style=""display: inline-block; font-size: 16px; border-radius: 20px; background-color: #f1f1f1; padding: 3px 10px;"">Light Interplay</span>
        <span style=""display: inline-block; font-size: 16px; border-radius: 20px; background-color: #f1f1f1; padding: 3px 10px;"">Contemporary Art</span>
        <span style=""display: inline-block; font-size: 16px; border-radius: 20px; background-color: #f1f1f1; padding: 3px 10px;"">Visual Perception</span>
    </div>
</div>",VividWalls,Home & Garden > Decor > Artwork,Artwork,Geometric Intersect,False,Frame Size,53x72,Frame Color,Black,Frame Style,Thin Floating Frame,CRYSTALLINE-BLUE-BLACK-THIN-FLOATING-FRAME-53X72,shopify,deny,manual,579.99,0.0,305.26,True,False,lb,0.0,https://cdn.shopify.com/s/files/1/0785/1504/4639/files/crystalline_blue_no1_black_frame-53x72_e175cffc-67dc-4230-af6f-fe5921269398.png?v=1713721125,1.0,"Abstract Art, Wall Art, Ready-To-Hang, Crystalline Blue, Geometric Intersect, Frame Size-53x72, Frame Color-Black,Frame Style-Thin Floating Frame, VividWalls, Artwork",https://cdn.shopify.com/s/files/1/0785/1504/4639/files/crystalline_blue_no1_black_frame-53x72_e175cffc-67dc-4230-af6f-fe5921269398.png?v=1713721125,"Abstract Art, Wall Art, Ready-To-Hang, Collection Geometric Intersect Crystalline Blue 53x72, Black Frame Artwork",,False,True,,,True,,,draft,289.96,217.47,15.3,Stretched,305.26,579.99,90.0,53x72 (estimated),2025-05-29 00:51:14
crystalline-blue,,,,,,,,,53x72,,White,,Thin Floating Frame,CRYSTALLINE-BLUE-WHITE-THIN-FLOATING-FRAME-53X72,shopify,deny,manual,610.68,0.0,321.41,True,False,lb,0.0,https://cdn.shopify.com/s/files/1/0785/1504/4639/files/crystalline_blue_no1_white_frame-53x72_d8c04b5f-c742-423a-b23f-e4c33ad1e976.png?v=1713721125,2.0,"Abstract Art, Wall Art, Ready-To-Hang, Crystalline Blue, Geometric Intersect, Frame Size-53x72, Frame Color-White,Frame Style-Thin Floating Frame, VividWalls, Artwork",https://cdn.shopify.com/s/files/1/0785/1504/4639/files/crystalline_blue_no1_white_frame-53x72_d8c04b5f-c742-423a-b23f-e4c33ad1e976.png?v=1713721125,,,,,,,,,,,289.96,217.47,31.45,Stretched,321.41,610.68,90.0,53x72 (estimated),2025-05-29 00:51:14
crystalline-blue,,,,,,,,,53x72,,,,,CRYSTALLINE-BLUE-NA-NA-53X72,shopify,deny,manual,550.92,0.0,289.96,True,False,lb,0.0,https://cdn.shopify.com/s/files/1/0785/1504/4639/files/crystalline_blue_no1_no_frame-53x72_567c8ed7-322c-4910-8946-68d36a53b36b.png?v=1713721125,3.0,"Abstract Art, Wall Art, Ready-To-Hang, Crystalline Blue, Geometric Intersect, Frame Size-53x72, Frame Color-NA,Frame Style-Thin Floating Frame, VividWalls, Artwork",https://cdn.shopify.com/s/files/1/0785/1504/4639/files/crystalline_blue_no1_no_frame-53x72_567c8ed7-322c-4910-8946-68d36a53b36b.png?v=1713721125,,,,,,,,,,,289.96,217.47,0.0,Stretched,289.96,550.92,90.0,53x72 (estimated),2025-05-29 00:51:14
crystalline-blue,,,,,,,,,36x48,,Black,,Thin Floating Frame,CRYSTALLINE-BLUE-BLACK-THIN-FLOATING-FRAME-36X48,shopify,deny,manual,348.07,0.0,165.75,True,False,lb,0.0,https://cdn.shopify.com/s/files/1/0785/1504/4639/files/crystalline_blue_no1_black_frame-36x48_4701862c-62cf-4720-a89c-74f259ffb58b.png?v=1713721125,4.0,"Abstract Art, Wall Art, Ready-To-Hang, Crystalline Blue, Geometric Intersect, Frame Size-36x48, Frame Color-Black,Frame Style-Thin Floating Frame, VividWalls, Artwork",https://cdn.shopify.com/s/files/1/0785/1504/4639/files/crystalline_blue_no1_black_frame-36x48_4701862c-62cf-4720-a89c-74f259ffb58b.png?v=1713721125,,,,,,,,,,,150.45,112.84,15.3,Stretched,165.75,348.07,110.0,36x48,2025-05-29 00:51:14
crystalline-blue,,,,,,,,,36x48,,White,,Thin Floating Frame,CRYSTALLINE-BLUE-WHITE-THIN-FLOATING-FRAME-36X48,shopify,deny,manual,381.99,0.0,181.9,True,False,lb,0.0,https://cdn.shopify.com/s/files/1/0785/1504/4639/files/crystalline_blue_no1_white_frame-36x48_b208be37-2c42-4d0b-b877-cf31a081c1c0.png?v=1713721125,5.0,"Abstract Art, Wall Art, Ready-To-Hang, Crystalline Blue, Geometric Intersect, Frame Size-36x48, Frame Color-White,Frame Style-Thin Floating Frame, VividWalls, Artwork",https://cdn.shopify.com/s/files/1/0785/1504/4639/files/crystalline_blue_no1_white_frame-36x48_b208be37-2c42-4d0b-b877-cf31a081c1c0.png?v=1713721125,,,,,,,,,,,150.45,112.84,31.45,Stretched,181.9,381.99,110.0,36x48,2025-05-29 00:51:14
crystalline-blue,,,,,,,,,36x48,,,,,CRYSTALLINE-BLUE-NA-NA-36X48,shopify,deny,manual,315.94,0.0,150.45,True,False,lb,0.0,https://cdn.shopify.com/s/files/1/0785/1504/4639/files/crystalline_blue_no1_no_frame-36x48_d0db16ee-88ef-48a9-b877-a898d9d4c8d0.png?v=1713721125,6.0,"Abstract Art, Wall Art, Ready-To-Hang, Crystalline Blue, Geometric Intersect, Frame Size-36x48, Frame Color-NA,Frame Style-Thin Floating Frame, VividWalls, Artwork",https://cdn.shopify.com/s/files/1/0785/1504/4639/files/crystalline_blue_no1_no_frame-36x48_d0db16ee-88ef-48a9-b877-a898d9d4c8d0.png?v=1713721125,,,,,,,,,,,150.45,112.84,0.0,Stretched,150.45,315.94,110.0,36x48,2025-05-29 00:51:14
crystalline-blue,,,,,,,,,24x36,,Black,,Thin Floating Frame,CRYSTALLINE-BLUE-BLACK-THIN-FLOATING-FRAME-24X36,shopify,deny,manual,210.63,0.0,100.3,True,False,lb,0.0,https://cdn.shopify.com/s/files/1/0785/1504/4639/files/crystalline_blue_no1_black_frame-24x36_440a10cf-dcda-4c88-ac19-bbe076909b08.png?v=1713721125,7.0,"Abstract Art, Wall Art, Ready-To-Hang, Crystalline Blue, Geometric Intersect, Frame Size-24x36, Frame Color-Black,Frame Style-Thin Floating Frame, VividWalls, Artwork",https://cdn.shopify.com/s/files/1/0785/1504/4639/files/crystalline_blue_no1_black_frame-24x36_440a10cf-dcda-4c88-ac19-bbe076909b08.png?v=1713721125,,,,,,,,,,,85.0,63.75,15.3,Stretched,100.3,210.63,110.0,24x36,2025-05-29 00:51:14
crystalline-blue,,,,,,,,,24x36,,White,,Thin Floating Frame,CRYSTALLINE-BLUE-WHITE-THIN-FLOATING-FRAME-24X36,shopify,deny,manual,244.55,0.0,116.45,True,False,lb,0.0,https://cdn.shopify.com/s/files/1/0785/1504/4639/files/crystalline_blue_no1_white_frame-24x36_b816be49-a318-4713-bf51-da4c02d52e68.png?v=1713721125,8.0,"Abstract Art, Wall Art, Ready-To-Hang, Crystalline Blue, Geometric Intersect, Frame Size-24x36, Frame Color-White,Frame Style-Thin Floating Frame, VividWalls, Artwork",https://cdn.shopify.com/s/files/1/0785/1504/4639/files/crystalline_blue_no1_white_frame-24x36_b816be49-a318-4713-bf51-da4c02d52e68.png?v=1713721125,,,,,,,,,,,85.0,63.75,31.45,Stretched,116.45,244.55,110.0,24x36,2025-05-29 00:51:14
crystalline-blue,,,,,,,,,24x36,,,,,CRYSTALLINE-BLUE-NA-NA-24X36,shopify,deny,manual,204.0,0.0,85.0,True,False,lb,0.0,https://cdn.shopify.com/s/files/1/0785/1504/4639/files/crystalline_blue_no1_no_frame-24x36_fc01129b-7630-485f-90c3-fcc36142d90a.png?v=1713721125,9.0,"Abstract Art, Wall Art, Ready-To-Hang, Crystalline Blue, Geometric Intersect, Frame Size-24x36, Frame Color-NA,Frame Style-Thin Floating Frame, VividWalls, Artwork",https://cdn.shopify.com/s/files/1/0785/1504/4639/files/crystalline_blue_no1_no_frame-24x36_fc01129b-7630-485f-90c3-fcc36142d90a.png?v=1713721125,,,,,,,,,,,85.0,63.75,0.0,Stretched,85.0,204.0,140.0,24x36,2025-05-29 00:51:14
verdant-layers,Verdant Layers,"<div>
    <p>
        <span>Verdant Layers</span> from the <span>Geometric Intersect</span> collection is a deep dive into the lush hues of a forest canopy. This artwork is a symphony of greens, from the darkest pine to the lightest lime, arranged in a series of overlapping geometric shapes that give the piece a multi-dimensional feel. The interplay of light and shadow across the shapes adds to the sensation of gazing through layers of leaves in a verdant grove. Each angle and line is a stroke that adds to the complexity of this natural palette, creating a serene and sophisticated geometric composition that celebrates the myriad tones of green found in nature.
    </p>
</div>
<div>
    <div style=""display: flex; flex-wrap: wrap; gap: 10px; justify-content: start;"">
        <span style=""display: inline-block; font-size: 16px; border-radius: 20px; background-color: #f1f1f1; padding: 3px 10px;"">Verdant Hues</span>
        <span style=""display: inline-block; font-size: 16px; border-radius: 20px; background-color: #f1f1f1; padding: 3px 10px;"">Geometric Composition</span>
        <span style=""display: inline-block; font-size: 16px; border-radius: 20px; background-color: #f1f1f1; padding: 3px 10px;"">Layered Artwork</span>
        <span style=""display: inline-block; font-size: 16px; border-radius: 20px; background-color: #f1f1f1; padding: 3px 10px;"">Nature-Inspired</span>
        <span style=""display: inline-block; font-size: 16px; border-radius: 20px; background-color: #f1f1f1; padding: 3px 10px;"">Depth and Texture</span>
        <span style=""display: inline-block; font-size: 16px; border-radius: 20px; background-color: #f1f1f1; padding: 3px 10px;"">Sophisticated Green</span>
        <span style=""display: inline-block; font-size: 16px; border-radius: 20px; background-color: #f1f1f1; padding: 3px 10px;"">Modern Decor</span>
        <span style=""display: inline-block; font-size: 16px; border-radius: 20px; background-color: #f1f1f1; padding: 3px 10px;"">Gallery Quality</span>
        <span style=""display: inline-block; font-size: 16px; border-radius: 20px; background-color: #f1f1f1; padding: 3px 10px;"">Contemporary Design</span>
        <span style=""display: inline-block; font-size: 16px; border-radius: 20px; background-color: #f1f1f1; padding: 3px 10px;"">Environmental Art</span>
    </div>
</div>
",VividWalls,Home & Garden > Decor > Artwork,Artwork,Geometric Intersect,True,Frame Size,53x72,Frame Color,Black,Frame Style,Thin Floating Frame,VERDANT-LAYERS-BLACK-THIN-FLOATING-FRAME-53X72,shopify,deny,manual,579.99,0.0,305.26,True,False,lb,0.0,https://cdn.shopify.com/s/files/1/0785/1504/4639/files/verdant_layers_no1_black_frame-53x72_d7e0ec18-ea52-4736-959f-6c4c642e1464.png?v=1713721099,1.0,"Abstract Art, Wall Art, Ready-To-Hang, Verdant Layers, Geometric Intersect, Frame Size-53x72, Frame Color-Black,Frame Style-Thin Floating Frame, VividWalls, Artwork",https://cdn.shopify.com/s/files/1/0785/1504/4639/files/verdant_layers_no1_black_frame-53x72_d7e0ec18-ea52-4736-959f-6c4c642e1464.png?v=1713721099,"Abstract Art, Wall Art, Ready-To-Hang, Collection Geometric Intersect Verdant Layers 53x72, Black Frame Artwork",,False,True,,,True,,,active,289.96,217.47,15.3,Stretched,305.26,579.99,90.0,53x72 (estimated),2025-05-29 00:51:14
verdant-layers,,,,,,,,,53x72,,White,,Thin Floating Frame,VERDANT-LAYERS-WHITE-THIN-FLOATING-FRAME-53X72,shopify,deny,manual,610.68,0.0,321.41,True,False,lb,0.0,https://cdn.shopify.com/s/files/1/0785/1504/4639/files/verdant_layers_no1_white_frame_53x72_f3d10b9c-5210-442e-8ee8-4fd749f2e0dd.png?v=1713721099,2.0,"Abstract Art, Wall Art, Ready-To-Hang, Verdant Layers, Geometric Intersect, Frame Size-53x72, Frame Color-White,Frame Style-Thin Floating Frame, VividWalls, Artwork",https://cdn.shopify.com/s/files/1/0785/1504/4639/files/verdant_layers_no1_white_frame_53x72_f3d10b9c-5210-442e-8ee8-4fd749f2e0dd.png?v=1713721099,,,,,,,,,,,289.96,217.47,31.45,Stretched,321.41,610.68,90.0,53x72 (estimated),2025-05-29 00:51:14
verdant-layers,,,,,,,,,53x72,,,,,VERDANT-LAYERS-NA-NA-53X72,shopify,deny,manual,550.92,0.0,289.96,True,False,lb,0.0,https://cdn.shopify.com/s/files/1/0785/1504/4639/files/verdant_layers_no1_no_frame_53x72_59d1adc8-3812-43b6-823b-4810f61cb4f8.png?v=1713721099,3.0,"Abstract Art, Wall Art, Ready-To-Hang, Verdant Layers, Geometric Intersect, Frame Size-53x72, Frame Color-NA,Frame Style-Thin Floating Frame, VividWalls, Artwork",https://cdn.shopify.com/s/files/1/0785/1504/4639/files/verdant_layers_no1_no_frame_53x72_59d1adc8-3812-43b6-823b-4810f61cb4f8.png?v=1713721099,,,,,,,,,,,289.96,217.47,0.0,Stretched,289.96,550.92,90.0,53x72 (estimated),2025-05-29 00:51:14
verdant-layers,,,,,,,,,36x48,,Black,,Thin Floating Frame,VERDANT-LAYERS-BLACK-THIN-FLOATING-FRAME-36X48,shopify,deny,manual,348.07,0.0,165.75,True,False,lb,0.0,https://cdn.shopify.com/s/files/1/0785/1504/4639/files/verdant_layers_no1_black_frame-36x48_8aaa84a9-c5e6-4cd0-8512-cd46a3683429.png?v=1713721099,4.0,"Abstract Art, Wall Art, Ready-To-Hang, Verdant Layers, Geometric Intersect, Frame Size-36x48, Frame Color-Black,Frame Style-Thin Floating Frame, VividWalls, Artwork",https://cdn.shopify.com/s/files/1/0785/1504/4639/files/verdant_layers_no1_black_frame-36x48_8aaa84a9-c5e6-4cd0-8512-cd46a3683429.png?v=1713721099,,,,,,,,,,,150.45,112.84,15.3,Stretched,165.75,348.07,110.0,36x48,2025-05-29 00:51:14
verdant-layers,,,,,,,,,36x48,,White,,Thin Floating Frame,VERDANT-LAYERS-WHITE-THIN-FLOATING-FRAME-36X48,shopify,deny,manual,381.99,0.0,181.9,True,False,lb,0.0,https://cdn.shopify.com/s/files/1/0785/1504/4639/files/verdant_layers_no1_white_frame-36x48_9ef1d7f7-21ed-4efd-ba7c-4dee9ccf2efc.png?v=1713721099,5.0,"Abstract Art, Wall Art, Ready-To-Hang, Verdant Layers, Geometric Intersect, Frame Size-36x48, Frame Color-White,Frame Style-Thin Floating Frame, VividWalls, Artwork",https://cdn.shopify.com/s/files/1/0785/1504/4639/files/verdant_layers_no1_white_frame-36x48_9ef1d7f7-21ed-4efd-ba7c-4dee9ccf2efc.png?v=1713721099,,,,,,,,,,,150.45,112.84,31.45,Stretched,181.9,381.99,110.0,36x48,2025-05-29 00:51:14
verdant-layers,,,,,,,,,36x48,,,,,VERDANT-LAYERS-NA-NA-36X48,shopify,deny,manual,315.94,0.0,150.45,True,False,lb,0.0,https://cdn.shopify.com/s/files/1/0785/1504/4639/files/verdant_layers_no1_no_frame-36x48_f73e4891-b38f-4a5b-b6f8-8465e199b1e4.png?v=1713721099,6.0,"Abstract Art, Wall Art, Ready-To-Hang, Verdant Layers, Geometric Intersect, Frame Size-36x48, Frame Color-NA,Frame Style-Thin Floating Frame, VividWalls, Artwork",https://cdn.shopify.com/s/files/1/0785/1504/4639/files/verdant_layers_no1_no_frame-36x48_f73e4891-b38f-4a5b-b6f8-8465e199b1e4.png?v=1713721099,,,,,,,,,,,150.45,112.84,0.0,Stretched,150.45,315.94,110.0,36x48,2025-05-29 00:51:14
verdant-layers,,,,,,,,,24x36,,Black,,Thin Floating Frame,VERDANT-LAYERS-BLACK-THIN-FLOATING-FRAME-24X36,shopify,deny,manual,210.63,0.0,100.3,True,False,lb,0.0,https://cdn.shopify.com/s/files/1/0785/1504/4639/files/verdant_layers_no1_black_frame-24x36_dde544a3-2a50-4653-bdbc-e42721cc14c8.png?v=1713721099,7.0,"Abstract Art, Wall Art, Ready-To-Hang, Verdant Layers, Geometric Intersect, Frame Size-24x36, Frame Color-Black,Frame Style-Thin Floating Frame, VividWalls, Artwork",https://cdn.shopify.com/s/files/1/0785/1504/4639/files/verdant_layers_no1_black_frame-24x36_dde544a3-2a50-4653-bdbc-e42721cc14c8.png?v=1713721099,,,,,,,,,,,85.0,63.75,15.3,Stretched,100.3,210.63,110.0,24x36,2025-05-29 00:51:14
verdant-layers,,,,,,,,,24x36,,White,,Thin Floating Frame,VERDANT-LAYERS-WHITE-THIN-FLOATING-FRAME-24X36,shopify,deny,manual,244.55,0.0,116.45,True,False,lb,0.0,https://cdn.shopify.com/s/files/1/0785/1504/4639/files/verdant_layers_no1_white_frame-24x36_732425ec-43a6-45da-b032-f321e8121efb.png?v=1713721099,8.0,"Abstract Art, Wall Art, Ready-To-Hang, Verdant Layers, Geometric Intersect, Frame Size-24x36, Frame Color-White,Frame Style-Thin Floating Frame, VividWalls, Artwork",https://cdn.shopify.com/s/files/1/0785/1504/4639/files/verdant_layers_no1_white_frame-24x36_732425ec-43a6-45da-b032-f321e8121efb.png?v=1713721099,,,,,,,,,,,85.0,63.75,31.45,Stretched,116.45,244.55,110.0,24x36,2025-05-29 00:51:14
verdant-layers,,,,,,,,,24x36,,,,,VERDANT-LAYERS-NA-NA-24X36,shopify,deny,manual,204.0,0.0,85.0,True,False,lb,0.0,https://cdn.shopify.com/s/files/1/0785/1504/4639/files/verdant_layers_no1_no_frame-24x36_b1438fee-311f-4868-8608-94338d427e07.png?v=1713721099,9.0,"Abstract Art, Wall Art, Ready-To-Hang, Verdant Layers, Geometric Intersect, Frame Size-24x36, Frame Color-NA,Frame Style-Thin Floating Frame, VividWalls, Artwork",https://cdn.shopify.com/s/files/1/0785/1504/4639/files/verdant_layers_no1_no_frame-24x36_b1438fee-311f-4868-8608-94338d427e07.png?v=1713721099,,,,,,,,,,,85.0,63.75,0.0,Stretched,85.0,204.0,140.0,24x36,2025-05-29 00:51:14
parallelogram-illusion-no1,Parallelogram Illusion no1,"<div>
    <p>
        <span>Parallelogram Illusion no1</span> from the <span>Geometric Intersect</span> collection is an abstract canvas that plays with perception through the use of shape and color. Dominated by a series of parallelograms, the artwork forms a visually engaging pattern that creates the illusion of depth and dimension. The rich purples, bold reds, and understated golds are positioned against each other in such a way that they seem to both advance and recede, giving the piece a pulsating energy. The interplay between the geometric forms and the vibrant color choices results in a captivating visual experience that draws the viewer in for a closer look.
    </p>
</div>
<div>
    <div style=""display: flex; flex-wrap: wrap; gap: 10px; justify-content: start;"">
        <span style=""display: inline-block; font-size: 16px; border-radius: 20px; background-color: #f1f1f1; padding: 3px 10px;"">Perceptual Art</span>
        <span style=""display: inline-block; font-size: 16px; border-radius: 20px; background-color: #f1f1f1; padding: 3px 10px;"">Parallelogram Pattern</span>
        <span style=""display: inline-block; font-size: 16px; border-radius: 20px; background-color: #f1f1f1; padding: 3px 10px;"">Illusion of Depth</span>
        <span style=""display: inline-block; font-size: 16px; border-radius: 20px; background-color: #f1f1f1; padding: 3px 10px;"">Color Dynamics</span>
        <span style=""display: inline-block; font-size: 16px; border-radius: 20px; background-color: #f1f1f1; padding: 3px 10px;"">Pulsating Energy</span>
        <span style=""display: inline-block; font-size: 16px; border-radius: 20px; background-color: #f1f1f1; padding: 3px 10px;"">Modern Decor</span>
        <span style=""display: inline-block; font-size: 16px; border-radius: 20px; background-color: #f1f1f1; padding: 3px 10px;"">Gallery Quality</span>
        <span style=""display: inline-block; font-size: 16px; border-radius: 20px; background-color: #f1f1f1; padding: 3px 10px;"">Contemporary Design</span>
        <span style=""display: inline-block; font-size: 16px; border-radius: 20px; background-color: #f1f1f1; padding: 3px 10px;"">Visual Engagement</span>
        <span style=""display: inline-block; font-size: 16px; border-radius: 20px; background-color: #f1f1f1; padding: 3px 10px;"">Artistic Complexity</span>
    </div>
</div>
",VividWalls,Home & Garden > Decor > Artwork,Artwork,Geometric Intersect,True,Frame Size,53x72,Frame Color,Black,Frame Style,Thin Floating Frame,PARALLELOGRAM-ILLUSION-NO1-BLACK-THIN-FLOATING-FRAME-53X72,shopify,deny,manual,579.99,0.0,305.26,True,False,lb,0.0,https://cdn.shopify.com/s/files/1/0785/1504/4639/files/parallelogram_illusion_no1_black_frame-53x72_12507293-f954-404b-8543-3c46bc5a1cfe.png?v=1713721072,1.0,"Abstract Art, Wall Art, Ready-To-Hang, Parallelogram Illusion no1, Geometric Intersect, Frame Size-53x72, Frame Color-Black,Frame Style-Thin Floating Frame, VividWalls, Artwork",https://cdn.shopify.com/s/files/1/0785/1504/4639/files/parallelogram_illusion_no1_black_frame-53x72_12507293-f954-404b-8543-3c46bc5a1cfe.png?v=1713721072,"Abstract Art, Wall Art, Ready-To-Hang, Collection Geometric Intersect Parallelogram Illusion no1 53x72, Black Frame Artwork",,False,True,,,True,,,active,289.96,217.47,15.3,Stretched,305.26,579.99,90.0,53x72 (estimated),2025-05-29 00:51:14
parallelogram-illusion-no1,,,,,,,,,53x72,,White,,Thin Floating Frame,PARALLELOGRAM-ILLUSION-NO1-WHITE-THIN-FLOATING-FRAME-53X72,shopify,deny,manual,610.68,0.0,321.41,True,False,lb,0.0,https://cdn.shopify.com/s/files/1/0785/1504/4639/files/parallelogram_illusion_no1_white_frame-53x72_e3360573-c112-420f-9c79-42ee27e83dc8.png?v=1713721072,2.0,"Abstract Art, Wall Art, Ready-To-Hang, Parallelogram Illusion no1, Geometric Intersect, Frame Size-53x72, Frame Color-White,Frame Style-Thin Floating Frame, VividWalls, Artwork",https://cdn.shopify.com/s/files/1/0785/1504/4639/files/parallelogram_illusion_no1_white_frame-53x72_e3360573-c112-420f-9c79-42ee27e83dc8.png?v=1713721072,,,,,,,,,,,289.96,217.47,31.45,Stretched,321.41,610.68,90.0,53x72 (estimated),2025-05-29 00:51:14
parallelogram-illusion-no1,,,,,,,,,53x72,,,,,PARALLELOGRAM-ILLUSION-NO1-NA-NA-53X72,shopify,deny,manual,550.92,0.0,289.96,True,False,lb,0.0,https://cdn.shopify.com/s/files/1/0785/1504/4639/files/parallelogram_illusion_no1_no_frame-53x72_8d6bd394-456d-4a97-b54b-3a0796f821d8.png?v=1713721072,3.0,"Abstract Art, Wall Art, Ready-To-Hang, Parallelogram Illusion no1, Geometric Intersect, Frame Size-53x72, Frame Color-NA,Frame Style-Thin Floating Frame, VividWalls, Artwork",https://cdn.shopify.com/s/files/1/0785/1504/4639/files/parallelogram_illusion_no1_no_frame-53x72_8d6bd394-456d-4a97-b54b-3a0796f821d8.png?v=1713721072,,,,,,,,,,,289.96,217.47,0.0,Stretched,289.96,550.92,90.0,53x72 (estimated),2025-05-29 00:51:14
parallelogram-illusion-no1,,,,,,,,,36x48,,Black,,Thin Floating Frame,PARALLELOGRAM-ILLUSION-NO1-BLACK-THIN-FLOATING-FRAME-36X48,shopify,deny,manual,348.07,0.0,165.75,True,False,lb,0.0,https://cdn.shopify.com/s/files/1/0785/1504/4639/files/parallelogram_illusion_no1_black_frame-36x48_88a7b478-7d97-4830-838b-b6a70090037a.png?v=1713721072,4.0,"Abstract Art, Wall Art, Ready-To-Hang, Parallelogram Illusion no1, Geometric Intersect, Frame Size-36x48, Frame Color-Black,Frame Style-Thin Floating Frame, VividWalls, Artwork",https://cdn.shopify.com/s/files/1/0785/1504/4639/files/parallelogram_illusion_no1_black_frame-36x48_88a7b478-7d97-4830-838b-b6a70090037a.png?v=1713721072,,,,,,,,,,,150.45,112.84,15.3,Stretched,165.75,348.07,110.0,36x48,2025-05-29 00:51:14
parallelogram-illusion-no1,,,,,,,,,36x48,,White,,Thin Floating Frame,PARALLELOGRAM-ILLUSION-NO1-WHITE-THIN-FLOATING-FRAME-36X48,shopify,deny,manual,381.99,0.0,181.9,True,False,lb,0.0,https://cdn.shopify.com/s/files/1/0785/1504/4639/files/parallelogram_illusion_no1_white_frame-36x48_efe29d6c-0f18-4f6f-9f0b-b16e57eb9348.png?v=1713721072,5.0,"Abstract Art, Wall Art, Ready-To-Hang, Parallelogram Illusion no1, Geometric Intersect, Frame Size-36x48, Frame Color-White,Frame Style-Thin Floating Frame, VividWalls, Artwork",https://cdn.shopify.com/s/files/1/0785/1504/4639/files/parallelogram_illusion_no1_white_frame-36x48_efe29d6c-0f18-4f6f-9f0b-b16e57eb9348.png?v=1713721072,,,,,,,,,,,150.45,112.84,31.45,Stretched,181.9,381.99,110.0,36x48,2025-05-29 00:51:14
parallelogram-illusion-no1,,,,,,,,,36x48,,,,,PARALLELOGRAM-ILLUSION-NO1-NA-NA-36X48,shopify,deny,manual,315.94,0.0,150.45,True,False,lb,0.0,https://cdn.shopify.com/s/files/1/0785/1504/4639/files/parallelogram_illusion_no1_no_frame-36x48_8df2c4e9-a1df-469f-86bb-fd8f2b9a9a25.png?v=1713721072,6.0,"Abstract Art, Wall Art, Ready-To-Hang, Parallelogram Illusion no1, Geometric Intersect, Frame Size-36x48, Frame Color-NA,Frame Style-Thin Floating Frame, VividWalls, Artwork",https://cdn.shopify.com/s/files/1/0785/1504/4639/files/parallelogram_illusion_no1_no_frame-36x48_8df2c4e9-a1df-469f-86bb-fd8f2b9a9a25.png?v=1713721072,,,,,,,,,,,150.45,112.84,0.0,Stretched,150.45,315.94,110.0,36x48,2025-05-29 00:51:14
parallelogram-illusion-no1,,,,,,,,,24x26,,Black,,Thin Floating Frame,PARALLELOGRAM-ILLUSION-NO1-BLACK-THIN-FLOATING-FRAME-24X26,shopify,deny,manual,222.34,0.0,92.64,True,False,lb,0.0,https://cdn.shopify.com/s/files/1/0785/1504/4639/files/parallelogram_illusion_no1_black_frame-24x36_68d54739-a0c0-4f7d-8197-6379e0856adb.png?v=1713721072,7.0,"Abstract Art, Wall Art, Ready-To-Hang, Parallelogram Illusion no1, Geometric Intersect, Frame Size-24x26, Frame Color-Black,Frame Style-Thin Floating Frame, VividWalls, Artwork",https://cdn.shopify.com/s/files/1/0785/1504/4639/files/parallelogram_illusion_no1_black_frame-24x36_68d54739-a0c0-4f7d-8197-6379e0856adb.png?v=1713721072,,,,,,,,,,,77.34,58.01,15.3,Stretched,92.64,222.34,140.0,24x26 (estimated),2025-05-29 00:51:14
parallelogram-illusion-no1,,,,,,,,,24x26,,White,,Thin Floating Frame,PARALLELOGRAM-ILLUSION-NO1-WHITE-THIN-FLOATING-FRAME-24X26,shopify,deny,manual,228.46,0.0,108.79,True,False,lb,0.0,https://cdn.shopify.com/s/files/1/0785/1504/4639/files/parallelogram_illusion_no1_white_frame-24x36_6ea1fe9d-7e4f-4014-b786-42f2a11a5bb0.png?v=1713721072,8.0,"Abstract Art, Wall Art, Ready-To-Hang, Parallelogram Illusion no1, Geometric Intersect, Frame Size-24x26, Frame Color-White,Frame Style-Thin Floating Frame, VividWalls, Artwork",https://cdn.shopify.com/s/files/1/0785/1504/4639/files/parallelogram_illusion_no1_white_frame-24x36_6ea1fe9d-7e4f-4014-b786-42f2a11a5bb0.png?v=1713721072,,,,,,,,,,,77.34,58.01,31.45,Stretched,108.79,228.46,110.0,24x26 (estimated),2025-05-29 00:51:14
parallelogram-illusion-no1,,,,,,,,,24x26,,,,,PARALLELOGRAM-ILLUSION-NO1-NA-NA-24X26,shopify,deny,manual,185.62,0.0,77.34,True,False,lb,0.0,https://cdn.shopify.com/s/files/1/0785/1504/4639/files/parallelogram_illusion_no1_no_frame-24x36_7764f04e-3e57-485c-82a7-fd58f98ae5a5.png?v=1713721072,9.0,"Abstract Art, Wall Art, Ready-To-Hang, Parallelogram Illusion no1, Geometric Intersect, Frame Size-24x26, Frame Color-NA,Frame Style-Thin Floating Frame, VividWalls, Artwork",https://cdn.shopify.com/s/files/1/0785/1504/4639/files/parallelogram_illusion_no1_no_frame-24x36_7764f04e-3e57-485c-82a7-fd58f98ae5a5.png?v=1713721072,,,,,,,,,,,77.34,58.01,0.0,Stretched,77.34,185.62,140.0,24x26 (estimated),2025-05-29 00:51:14
parallelogram-illusion-no2,Parallelogram Illusion no2,"<div>
    <p>
        <span>Parallelogram Illusion no1</span> from the <span>Geometric Intersect</span> collection is an abstract geometric composition that plays with the viewer's perception through vibrant colors and overlapping forms. The artwork is dominated by the angular shapes of parallelograms that create a visually intriguing pattern and give an illusion of depth. Bright pinks and purples provide a striking contrast against the more subdued greens and blues, while hints of earth tones anchor the composition. This interplay of color and form results in a dynamic and modern aesthetic that is both bold and engaging, making it a captivating focal point for any contemporary space.
    </p>
</div>
<div>
    <div style=""display: flex; flex-wrap: wrap; gap: 10px; justify-content: start;"">
        <span style=""display: inline-block; font-size: 16px; border-radius: 20px; background-color: #f1f1f1; padding: 3px 10px;"">Abstract Geometric</span>
        <span style=""display: inline-block; font-size: 16px; border-radius: 20px; background-color: #f1f1f1; padding: 3px 10px;"">Color Contrast</span>
        <span style=""display: inline-block; font-size: 16px; border-radius: 20px; background-color: #f1f1f1; padding: 3px 10px;"">Parallelogram Pattern</span>
        <span style=""display: inline-block; font-size: 16px; border-radius: 20px; background-color: #f1f1f1; padding: 3px 10px;"">Optical Illusion</span>
        <span style=""display: inline-block; font-size: 16px; border-radius: 20px; background-color: #f1f1f1; padding: 3px 10px;"">Dynamic Aesthetic</span>
        <span style=""display: inline-block; font-size: 16px; border-radius: 20px; background-color: #f1f1f1; padding: 3px 10px;"">Modern Art</span>
        <span style=""display: inline-block; font-size: 16px; border-radius: 20px; background-color: #f1f1f1; padding: 3px 10px;"">Bold Engagement</span>
        <span style=""display: inline-block; font-size: 16px; border-radius: 20px; background-color: #f1f1f1; padding: 3px 10px;"">Contemporary Space</span>
        <span style=""display: inline-block; font-size: 16px; border-radius: 20px; background-color: #f1f1f1; padding: 3px 10px;"">Visual Intrigue</span>
        <span style=""display: inline-block; font-size: 16px; border-radius: 20px; background-color: #f1f1f1; padding: 3px 10px;"">Focal Point Art</span>
    </div>
</div>
",VividWalls,Home & Garden > Decor > Artwork,Artwork,Geometric Intersect,True,Frame Size,53x72,Frame Color,Black,Frame Style,Thin Floating Frame,PARALLELOGRAM-ILLUSION-NO2-BLACK-THIN-FLOATING-FRAME-53X72,shopify,deny,manual,579.99,0.0,305.26,True,False,lb,0.0,https://cdn.shopify.com/s/files/1/0785/1504/4639/files/parallelogram_illusion_no2_black_frame-53x72_b36dea81-0c65-4258-a305-1e259d198652.png?v=1713721046,1.0,"Abstract Art, Wall Art, Ready-To-Hang, Parallelogram Illusion no2, Geometric Intersect, Frame Size-53x72, Frame Color-Black,Frame Style-Thin Floating Frame, VividWalls, Artwork",https://cdn.shopify.com/s/files/1/0785/1504/4639/files/parallelogram_illusion_no2_black_frame-53x72_b36dea81-0c65-4258-a305-1e259d198652.png?v=1713721046,"Abstract Art, Wall Art, Ready-To-Hang, Collection Geometric Intersect Parallelogram Illusion no2 53x72, Black Frame Artwork",,False,True,,,True,,,active,289.96,217.47,15.3,Stretched,305.26,579.99,90.0,53x72 (estimated),2025-05-29 00:51:14
parallelogram-illusion-no2,,,,,,,,,53x72,,White,,Thin Floating Frame,PARALLELOGRAM-ILLUSION-NO2-WHITE-THIN-FLOATING-FRAME-53X72,shopify,deny,manual,610.68,0.0,321.41,True,False,lb,0.0,https://cdn.shopify.com/s/files/1/0785/1504/4639/files/parallelogram_illusion_no2_white_frame-53x72_9807d233-148b-40eb-a946-a29e8f9d7679.png?v=1713721046,2.0,"Abstract Art, Wall Art, Ready-To-Hang, Parallelogram Illusion no2, Geometric Intersect, Frame Size-53x72, Frame Color-White,Frame Style-Thin Floating Frame, VividWalls, Artwork",https://cdn.shopify.com/s/files/1/0785/1504/4639/files/parallelogram_illusion_no2_white_frame-53x72_9807d233-148b-40eb-a946-a29e8f9d7679.png?v=1713721046,,,,,,,,,,,289.96,217.47,31.45,Stretched,321.41,610.68,90.0,53x72 (estimated),2025-05-29 00:51:14
parallelogram-illusion-no2,,,,,,,,,53x72,,,,,PARALLELOGRAM-ILLUSION-NO2-NA-NA-53X72,shopify,deny,manual,550.92,0.0,289.96,True,False,lb,0.0,https://cdn.shopify.com/s/files/1/0785/1504/4639/files/parallelogram_illusion_no2_no_frame-53x72_c5dd045e-11cc-466d-908c-fd6f7d074229.png?v=1713721046,3.0,"Abstract Art, Wall Art, Ready-To-Hang, Parallelogram Illusion no2, Geometric Intersect, Frame Size-53x72, Frame Color-NA,Frame Style-Thin Floating Frame, VividWalls, Artwork",https://cdn.shopify.com/s/files/1/0785/1504/4639/files/parallelogram_illusion_no2_no_frame-53x72_c5dd045e-11cc-466d-908c-fd6f7d074229.png?v=1713721046,,,,,,,,,,,289.96,217.47,0.0,Stretched,289.96,550.92,90.0,53x72 (estimated),2025-05-29 00:51:14
parallelogram-illusion-no2,,,,,,,,,36x48,,Black,,Thin Floating Frame,PARALLELOGRAM-ILLUSION-NO2-BLACK-THIN-FLOATING-FRAME-36X48,shopify,deny,manual,348.07,0.0,165.75,True,False,lb,0.0,https://cdn.shopify.com/s/files/1/0785/1504/4639/files/parallelogram_illusion_no2_black_frame-36x48_8ee73906-46a2-4aa5-8664-2d0bdfaf4e3e.png?v=1713721046,4.0,"Abstract Art, Wall Art, Ready-To-Hang, Parallelogram Illusion no2, Geometric Intersect, Frame Size-36x48, Frame Color-Black,Frame Style-Thin Floating Frame, VividWalls, Artwork",https://cdn.shopify.com/s/files/1/0785/1504/4639/files/parallelogram_illusion_no2_black_frame-36x48_8ee73906-46a2-4aa5-8664-2d0bdfaf4e3e.png?v=1713721046,,,,,,,,,,,150.45,112.84,15.3,Stretched,165.75,348.07,110.0,36x48,2025-05-29 00:51:14
parallelogram-illusion-no2,,,,,,,,,36x48,,White,,Thin Floating Frame,PARALLELOGRAM-ILLUSION-NO2-WHITE-THIN-FLOATING-FRAME-36X48,shopify,deny,manual,381.99,0.0,181.9,True,False,lb,0.0,https://cdn.shopify.com/s/files/1/0785/1504/4639/files/parallelogram_illusion_no2_white_frame-36x48_c25a277d-f80c-4c4e-a1e7-f7e04d278dad.png?v=1713721046,5.0,"Abstract Art, Wall Art, Ready-To-Hang, Parallelogram Illusion no2, Geometric Intersect, Frame Size-36x48, Frame Color-White,Frame Style-Thin Floating Frame, VividWalls, Artwork",https://cdn.shopify.com/s/files/1/0785/1504/4639/files/parallelogram_illusion_no2_white_frame-36x48_c25a277d-f80c-4c4e-a1e7-f7e04d278dad.png?v=1713721046,,,,,,,,,,,150.45,112.84,31.45,Stretched,181.9,381.99,110.0,36x48,2025-05-29 00:51:14
parallelogram-illusion-no2,,,,,,,,,36x48,,,,,PARALLELOGRAM-ILLUSION-NO2-NA-NA-36X48,shopify,deny,manual,315.94,0.0,150.45,True,False,lb,0.0,https://cdn.shopify.com/s/files/1/0785/1504/4639/files/parallelogram_illusion_no2_no_frame-36x48_83acebf9-40c9-46d7-bc23-fad24614943d.png?v=1713721046,6.0,"Abstract Art, Wall Art, Ready-To-Hang, Parallelogram Illusion no2, Geometric Intersect, Frame Size-36x48, Frame Color-NA,Frame Style-Thin Floating Frame, VividWalls, Artwork",https://cdn.shopify.com/s/files/1/0785/1504/4639/files/parallelogram_illusion_no2_no_frame-36x48_83acebf9-40c9-46d7-bc23-fad24614943d.png?v=1713721046,,,,,,,,,,,150.45,112.84,0.0,Stretched,150.45,315.94,110.0,36x48,2025-05-29 00:51:14
parallelogram-illusion-no2,,,,,,,,,24x36,,Black,,Thin Floating Frame,PARALLELOGRAM-ILLUSION-NO2-BLACK-THIN-FLOATING-FRAME-24X36,shopify,deny,manual,210.63,0.0,100.3,True,False,lb,0.0,https://cdn.shopify.com/s/files/1/0785/1504/4639/files/parallelogram_illusion_no2_black_frame-24x36_292dd7a0-1e5f-4971-a8c3-10bc328601b5.png?v=1713721046,7.0,"Abstract Art, Wall Art, Ready-To-Hang, Parallelogram Illusion no2, Geometric Intersect, Frame Size-24x36, Frame Color-Black,Frame Style-Thin Floating Frame, VividWalls, Artwork",https://cdn.shopify.com/s/files/1/0785/1504/4639/files/parallelogram_illusion_no2_black_frame-24x36_292dd7a0-1e5f-4971-a8c3-10bc328601b5.png?v=1713721046,,,,,,,,,,,85.0,63.75,15.3,Stretched,100.3,210.63,110.0,24x36,2025-05-29 00:51:14
parallelogram-illusion-no2,,,,,,,,,24x36,,White,,Thin Floating Frame,PARALLELOGRAM-ILLUSION-NO2-WHITE-THIN-FLOATING-FRAME-24X36,shopify,deny,manual,244.55,0.0,116.45,True,False,lb,0.0,https://cdn.shopify.com/s/files/1/0785/1504/4639/files/parallelogram_illusion_no2_white_frame-24x36_4d910b63-a2a7-4938-a3a0-9e1159a7c7a0.png?v=1713721046,8.0,"Abstract Art, Wall Art, Ready-To-Hang, Parallelogram Illusion no2, Geometric Intersect, Frame Size-24x36, Frame Color-White,Frame Style-Thin Floating Frame, VividWalls, Artwork",https://cdn.shopify.com/s/files/1/0785/1504/4639/files/parallelogram_illusion_no2_white_frame-24x36_4d910b63-a2a7-4938-a3a0-9e1159a7c7a0.png?v=1713721046,,,,,,,,,,,85.0,63.75,31.45,Stretched,116.45,244.55,110.0,24x36,2025-05-29 00:51:14
parallelogram-illusion-no2,,,,,,,,,24x36,,,,,PARALLELOGRAM-ILLUSION-NO2-NA-NA-24X36,shopify,deny,manual,204.0,0.0,85.0,True,False,lb,0.0,https://cdn.shopify.com/s/files/1/0785/1504/4639/files/parallelogram_illusion_no2_no_frame-24x36_9c501e30-60b8-4c19-bde8-767cf3aa6139.png?v=1713721046,9.0,"Abstract Art, Wall Art, Ready-To-Hang, Parallelogram Illusion no2, Geometric Intersect, Frame Size-24x36, Frame Color-NA,Frame Style-Thin Floating Frame, VividWalls, Artwork",https://cdn.shopify.com/s/files/1/0785/1504/4639/files/parallelogram_illusion_no2_no_frame-24x36_9c501e30-60b8-4c19-bde8-767cf3aa6139.png?v=1713721046,,,,,,,,,,,85.0,63.75,0.0,Stretched,85.0,204.0,140.0,24x36,2025-05-29 00:51:14
earthy-weave,Earthy Weave,"<div>
    <p>
        <span>Earthy Weave</span> from the <span>Vivid Layers</span> collection is a harmonious blend of nature-inspired tones and geometric precision. This piece artfully combines the organic palette of earthy browns, forest greens, and deep blues with the structured clarity of geometric shapes. The overlapping and intertwining of the shapes create a sense of woven fabric, meticulously crafted from the natural colors of the earth. The play of light and shadow within the colors adds a dynamic quality, suggesting depth and movement, making ""Earthy Weave"" a sophisticated visual experience that encapsulates both the randomness and the order found in nature.
    </p>
</div>
<div>
    <div style=""display: flex; flex-wrap: wrap; gap: 10px; justify-content: start;"">
        <span style=""display: inline-block; font-size: 16px; border-radius: 20px; background-color: #f1f1f1; padding: 3px 10px;"">Nature-Inspired Tones</span>
        <span style=""display: inline-block; font-size: 16px; border-radius: 20px; background-color: #f1f1f1; padding: 3px 10px;"">Geometric Shapes</span>
        <span style=""display: inline-block; font-size: 16px; border-radius: 20px; background-color: #f1f1f1; padding: 3px 10px;"">Woven Texture</span>
        <span style=""display: inline-block; font-size: 16px; border-radius: 20px; background-color: #f1f1f1; padding: 3px 10px;"">Dynamic Depth</span>
        <span style=""display: inline-block; font-size: 16px; border-radius: 20px; background-color: #f1f1f1; padding: 3px 10px;"">Sophisticated Artwork</span>
        <span style=""display: inline-block; font-size: 16px; border-radius: 20px; background-color: #f1f1f1; padding: 3px 10px;"">Modern Decor</span>
        <span style=""display: inline-block; font-size: 16px; border-radius: 20px; background-color: #f1f1f1; padding: 3px 10px;"">Gallery Quality</span>
        <span style=""display: inline-block; font-size: 16px; border-radius: 20px; background-color: #f1f1f1; padding: 3px 10px;"">Contemporary Design</span>
        <span style=""display: inline-block; font-size: 16px; border-radius: 20px; background-color: #f1f1f1; padding: 3px 10px;"">Natural Aesthetic</span>
        <span style=""display: inline-block; font-size: 16px; border-radius: 20px; background-color: #f1f1f1; padding: 3px 10px;"">Decorative Geometric Art</span>
    </div>
</div>",VividWalls,Home & Garden > Decor > Artwork,Artwork,Vivid Layers,True,Frame Size,53x72,Frame Color,Black,Frame Style,Thin Floating Frame,EARTHY-WEAVE-BLACK-THIN-FLOATING-FRAME-53X72,shopify,deny,manual,579.99,0.0,305.26,True,False,lb,0.0,https://cdn.shopify.com/s/files/1/0785/1504/4639/files/earthy_weave_no3_black_frame-53x72_41f4ea02-8ad9-4bba-b1f1-f0721bd9f73e.png?v=1713720992,1.0,"Abstract Art, Wall Art, Ready-To-Hang, Earthy Weave, Vivid Layers, Frame Size-53x72, Frame Color-Black,Frame Style-Thin Floating Frame, VividWalls, Artwork",https://cdn.shopify.com/s/files/1/0785/1504/4639/files/earthy_weave_no3_black_frame-53x72_41f4ea02-8ad9-4bba-b1f1-f0721bd9f73e.png?v=1713720992,"Abstract Art, Wall Art, Ready-To-Hang, Collection Vivid Layers Earthy Weave 53x72, Black Frame Artwork",,False,True,,,True,,,active,289.96,217.47,15.3,Stretched,305.26,579.99,90.0,53x72 (estimated),2025-05-29 00:51:14
earthy-weave,,,,,,,,,53x72,,White,,Thin Floating Frame,EARTHY-WEAVE-WHITE-THIN-FLOATING-FRAME-53X72,shopify,deny,manual,610.68,0.0,321.41,True,False,lb,0.0,https://cdn.shopify.com/s/files/1/0785/1504/4639/files/earthy_weave_no3_white_frame-53x72_28764ec4-e703-4b27-a00d-6dce62e2ca71.png?v=1713720992,2.0,"Abstract Art, Wall Art, Ready-To-Hang, Earthy Weave, Vivid Layers, Frame Size-53x72, Frame Color-White,Frame Style-Thin Floating Frame, VividWalls, Artwork",https://cdn.shopify.com/s/files/1/0785/1504/4639/files/earthy_weave_no3_white_frame-53x72_28764ec4-e703-4b27-a00d-6dce62e2ca71.png?v=1713720992,,,,,,,,,,,289.96,217.47,31.45,Stretched,321.41,610.68,90.0,53x72 (estimated),2025-05-29 00:51:14
earthy-weave,,,,,,,,,53x72,,,,,EARTHY-WEAVE-NA-NA-53X72,shopify,deny,manual,550.92,0.0,289.96,True,False,lb,0.0,https://cdn.shopify.com/s/files/1/0785/1504/4639/files/earthy_weave_no3_no_frame-53x72_a3b3c0fd-64ec-4b09-985d-504c940645c1.png?v=1713720992,3.0,"Abstract Art, Wall Art, Ready-To-Hang, Earthy Weave, Vivid Layers, Frame Size-53x72, Frame Color-NA,Frame Style-Thin Floating Frame, VividWalls, Artwork",https://cdn.shopify.com/s/files/1/0785/1504/4639/files/earthy_weave_no3_no_frame-53x72_a3b3c0fd-64ec-4b09-985d-504c940645c1.png?v=1713720992,,,,,,,,,,,289.96,217.47,0.0,Stretched,289.96,550.92,90.0,53x72 (estimated),2025-05-29 00:51:14
earthy-weave,,,,,,,,,36x48,,Black,,Thin Floating Frame,EARTHY-WEAVE-BLACK-THIN-FLOATING-FRAME-36X48,shopify,deny,manual,348.07,0.0,165.75,True,False,lb,0.0,https://cdn.shopify.com/s/files/1/0785/1504/4639/files/earthy_weave_no3_black_frame-36x48_f6394df7-a23e-4140-b5ca-d71d74736fb2.png?v=1713720993,4.0,"Abstract Art, Wall Art, Ready-To-Hang, Earthy Weave, Vivid Layers, Frame Size-36x48, Frame Color-Black,Frame Style-Thin Floating Frame, VividWalls, Artwork",https://cdn.shopify.com/s/files/1/0785/1504/4639/files/earthy_weave_no3_black_frame-36x48_f6394df7-a23e-4140-b5ca-d71d74736fb2.png?v=1713720993,,,,,,,,,,,150.45,112.84,15.3,Stretched,165.75,348.07,110.0,36x48,2025-05-29 00:51:14
earthy-weave,,,,,,,,,36x48,,White,,Thin Floating Frame,EARTHY-WEAVE-WHITE-THIN-FLOATING-FRAME-36X48,shopify,deny,manual,381.99,0.0,181.9,True,False,lb,0.0,https://cdn.shopify.com/s/files/1/0785/1504/4639/files/earthy_weave_no3_white_frame-36x48_c1789a42-3602-4f75-b371-554c2c5f8cf0.png?v=1713720993,5.0,"Abstract Art, Wall Art, Ready-To-Hang, Earthy Weave, Vivid Layers, Frame Size-36x48, Frame Color-NA,Frame Style-Thin Floating Frame, VividWalls, Artwork",https://cdn.shopify.com/s/files/1/0785/1504/4639/files/earthy_weave_no3_white_frame-36x48_c1789a42-3602-4f75-b371-554c2c5f8cf0.png?v=1713720993,,,,,,,,,,,150.45,112.84,31.45,Stretched,181.9,381.99,110.0,36x48,2025-05-29 00:51:14
earthy-weave,,,,,,,,,36x48,,,,,EARTHY-WEAVE-NA-NA-36X48,shopify,deny,manual,315.94,0.0,150.45,True,False,lb,0.0,https://cdn.shopify.com/s/files/1/0785/1504/4639/files/earthy_weave_no3_black_frame-24x36_aa799a12-0ee0-4f2a-a6ec-8178401e42d3.png?v=1713720993,6.0,"Abstract Art, Wall Art, Ready-To-Hang, Earthy Weave, Vivid Layers, Frame Size-24x36, Frame Color-Black,Frame Style-Thin Floating Frame, VividWalls, Artwork",https://cdn.shopify.com/s/files/1/0785/1504/4639/files/earthy_weave_no3_white_frame-36x48_c1789a42-3602-4f75-b371-554c2c5f8cf0.png?v=1713720993,,,,,,,,,,,150.45,112.84,0.0,Stretched,150.45,315.94,110.0,36x48,2025-05-29 00:51:14
earthy-weave,,,,,,,,,24x36,,Black,,Thin Floating Frame,EARTHY-WEAVE-BLACK-THIN-FLOATING-FRAME-24X36,shopify,deny,manual,210.63,0.0,100.3,True,False,lb,0.0,https://cdn.shopify.com/s/files/1/0785/1504/4639/files/earthy_weave_no3_white_frame-24x36_15a7fb45-747b-4815-a9a5-51a1029acee2.png?v=1713720993,7.0,"Abstract Art, Wall Art, Ready-To-Hang, Earthy Weave, Vivid Layers, Frame Size-24x36, Frame Color-White,Frame Style-Thin Floating Frame, VividWalls, Artwork",https://cdn.shopify.com/s/files/1/0785/1504/4639/files/earthy_weave_no3_black_frame-24x36_aa799a12-0ee0-4f2a-a6ec-8178401e42d3.png?v=1713720993,,,,,,,,,,,85.0,63.75,15.3,Stretched,100.3,210.63,110.0,24x36,2025-05-29 00:51:14
earthy-weave,,,,,,,,,24x36,,White,,Thin Floating Frame,EARTHY-WEAVE-WHITE-THIN-FLOATING-FRAME-24X36,shopify,deny,manual,244.55,0.0,116.45,True,False,lb,0.0,https://cdn.shopify.com/s/files/1/0785/1504/4639/files/earthy_weave_no3_no_frame-24x36_d67536cd-d378-4b3b-a2f7-bde5d8680c2e.png?v=1713720993,8.0,"Abstract Art, Wall Art, Ready-To-Hang, Earthy Weave, Vivid Layers, Frame Size-24x36, Frame Color-NA,Frame Style-Thin Floating Frame, VividWalls, Artwork",https://cdn.shopify.com/s/files/1/0785/1504/4639/files/earthy_weave_no3_white_frame-24x36_15a7fb45-747b-4815-a9a5-51a1029acee2.png?v=1713720993,,,,,,,,,,,85.0,63.75,31.45,Stretched,116.45,244.55,110.0,24x36,2025-05-29 00:51:14
earthy-weave,,,,,,,,,24x36,,,,,EARTHY-WEAVE-NA-NA-24X36,shopify,deny,manual,204.0,0.0,85.0,True,False,lb,0.0,,,,https://cdn.shopify.com/s/files/1/0785/1504/4639/files/earthy_weave_no3_no_frame-24x36_d67536cd-d378-4b3b-a2f7-bde5d8680c2e.png?v=1713720993,,,,,,,,,,,85.0,63.75,0.0,Stretched,85.0,204.0,140.0,24x36,2025-05-29 00:51:14
olive-weave,Olive Weave,"<div>
    <p>
        <span>Olive Weave</span> from the <span>Vivid Layers</span> collection is an artistic portrayal of geometric harmony. The composition is a blend of olive greens, muted purples, and understated grays, structured into an intricate pattern of interlocking shapes. The weave of colors creates a visual depth, suggesting a textile-like quality within the digital medium. The interplay of the subdued color palette conveys a sense of tranquility and balance, while the precise geometric forms maintain a strong visual impact. ""Olive Weave"" is a piece that invites contemplation and offers a sophisticated, calming presence in any space.
    </p>
</div>
<div>
    <div style=""display: flex; flex-wrap: wrap; gap: 10px; justify-content: start;"">
        <span style=""display: inline-block; font-size: 16px; border-radius: 20px; background-color: #f1f1f1; padding: 3px 10px;"">Geometric Harmony</span>
        <span style=""display: inline-block; font-size: 16px; border-radius: 20px; background-color: #f1f1f1; padding: 3px 10px;"">Muted Color Palette</span>
        <span style=""display: inline-block; font-size: 16px; border-radius: 20px; background-color: #f1f1f1; padding: 3px 10px;"">Textile Effect</span>
        <span style=""display: inline-block; font-size: 16px; border-radius: 20px; background-color: #f1f1f1; padding: 3px 10px;"">Visual Depth</span>
        <span style=""display: inline-block; font-size: 16px; border-radius: 20px; background-color: #f1f1f1; padding: 3px 10px;"">Tranquil Artwork</span>
        <span style=""display: inline-block; font-size: 16px; border-radius: 20px; background-color: #f1f1f1; padding: 3px 10px;"">Sophisticated Presence</span>
        <span style=""display: inline-block; font-size: 16px; border-radius: 20px; background-color: #f1f1f1; padding: 3px 10px;"">Modern Decor</span>
        <span style=""display: inline-block; font-size: 16px; border-radius: 20px; background-color: #f1f1f1; padding: 3px 10px;"">Gallery Quality</span>
        <span style=""display: inline-block; font-size: 16px; border-radius: 20px; background-color: #f1f1f1; padding: 3px 10px;"">Contemporary Design</span>
        <span style=""display: inline-block; font-size: 16px; border-radius: 20px; background-color: #f1f1f1; padding: 3px 10px;"">Decorative Geometric Art</span>
    </div>
</div>
",VividWalls,Home & Garden > Decor > Artwork,Artwork,Vivid Layers,True,Frame Size,53x72,Frame Color,Black,Frame Style,Thin Floating Frame,OLIVE-WEAVE-BLACK-THIN-FLOATING-FRAME-53X72,shopify,deny,manual,579.99,0.0,305.26,True,False,lb,0.0,https://cdn.shopify.com/s/files/1/0785/1504/4639/files/vivid-geometric_intersection-no14-BlkFrame-48x72_f1871f0f-b59c-4866-bfb0-f3ac79f9736e.png?v=1713720965,1.0,"Abstract Art, Wall Art, Ready-To-Hang, Olive Weave, Vivid Layers, Frame Size-53x72, Frame Color-Black,Frame Style-Thin Floating Frame, VividWalls, Artwork",https://cdn.shopify.com/s/files/1/0785/1504/4639/files/vivid-geometric_intersection-no14-BlkFrame-48x72_f1871f0f-b59c-4866-bfb0-f3ac79f9736e.png?v=1713720965,"Abstract Art, Wall Art, Ready-To-Hang, Collection Vivid Layers Olive Weave 53x72, Black Frame Artwork",,False,True,,,True,,,active,289.96,217.47,15.3,Stretched,305.26,579.99,90.0,53x72 (estimated),2025-05-29 00:51:14
olive-weave,,,,,,,,,53x72,,White,,Thin Floating Frame,OLIVE-WEAVE-WHITE-THIN-FLOATING-FRAME-53X72,shopify,deny,manual,610.68,0.0,321.41,True,False,lb,0.0,https://cdn.shopify.com/s/files/1/0785/1504/4639/files/vivid-geometric_intersection-no14-WhtFrame-48x72_56eaa432-c686-44b5-be13-69442178935c.png?v=1713720965,2.0,"Abstract Art, Wall Art, Ready-To-Hang, Olive Weave, Vivid Layers, Frame Size-53x72, Frame Color-White,Frame Style-Thin Floating Frame, VividWalls, Artwork",https://cdn.shopify.com/s/files/1/0785/1504/4639/files/vivid-geometric_intersection-no14-WhtFrame-48x72_56eaa432-c686-44b5-be13-69442178935c.png?v=1713720965,,,,,,,,,,,289.96,217.47,31.45,Stretched,321.41,610.68,90.0,53x72 (estimated),2025-05-29 00:51:14
olive-weave,,,,,,,,,53x72,,,,,OLIVE-WEAVE-NA-NA-53X72,shopify,deny,manual,550.92,0.0,289.96,True,False,lb,0.0,https://cdn.shopify.com/s/files/1/0785/1504/4639/files/vivid-geometric_intersection-no14-NOFrame-48x72_6e241c60-6d55-45ab-9b0b-b5f542f5a206.png?v=1713720965,3.0,"Abstract Art, Wall Art, Ready-To-Hang, Olive Weave, Vivid Layers, Frame Size-53x72, Frame Color-NA,Frame Style-Thin Floating Frame, VividWalls, Artwork",https://cdn.shopify.com/s/files/1/0785/1504/4639/files/vivid-geometric_intersection-no14-NOFrame-48x72_6e241c60-6d55-45ab-9b0b-b5f542f5a206.png?v=1713720965,,,,,,,,,,,289.96,217.47,0.0,Stretched,289.96,550.92,90.0,53x72 (estimated),2025-05-29 00:51:14
olive-weave,,,,,,,,,36x48,,Black,,Thin Floating Frame,OLIVE-WEAVE-BLACK-THIN-FLOATING-FRAME-36X48,shopify,deny,manual,348.07,0.0,165.75,True,False,lb,0.0,https://cdn.shopify.com/s/files/1/0785/1504/4639/files/olive_weave_no2_black_frame-36x48_f74d00ef-456b-480a-bb2d-651556021be7.png?v=1713720965,4.0,"Abstract Art, Wall Art, Ready-To-Hang, Olive Weave, Vivid Layers, Frame Size-36x48, Frame Color-Black,Frame Style-Thin Floating Frame, VividWalls, Artwork",https://cdn.shopify.com/s/files/1/0785/1504/4639/files/olive_weave_no2_black_frame-36x48_f74d00ef-456b-480a-bb2d-651556021be7.png?v=1713720965,,,,,,,,,,,150.45,112.84,15.3,Stretched,165.75,348.07,110.0,36x48,2025-05-29 00:51:14
olive-weave,,,,,,,,,36x48,,White,,Thin Floating Frame,OLIVE-WEAVE-WHITE-THIN-FLOATING-FRAME-36X48,shopify,deny,manual,381.99,0.0,181.9,True,False,lb,0.0,https://cdn.shopify.com/s/files/1/0785/1504/4639/files/olive_weave_no2_white_frame-36x48_477332f3-c3bc-4f2b-adf6-feb9f044d6e5.png?v=1713720965,5.0,"Abstract Art, Wall Art, Ready-To-Hang, Olive Weave, Vivid Layers, Frame Size-36x48, Frame Color-White,Frame Style-Thin Floating Frame, VividWalls, Artwork",https://cdn.shopify.com/s/files/1/0785/1504/4639/files/olive_weave_no2_white_frame-36x48_477332f3-c3bc-4f2b-adf6-feb9f044d6e5.png?v=1713720965,,,,,,,,,,,150.45,112.84,31.45,Stretched,181.9,381.99,110.0,36x48,2025-05-29 00:51:14
olive-weave,,,,,,,,,36x48,,,,,OLIVE-WEAVE-NA-NA-36X48,shopify,deny,manual,315.94,0.0,150.45,True,False,lb,0.0,https://cdn.shopify.com/s/files/1/0785/1504/4639/files/olive_weave_no2_no_frame-36x48_c51abdc4-a578-445f-856c-0ff52d5d6ebe.png?v=1713720965,6.0,"Abstract Art, Wall Art, Ready-To-Hang, Olive Weave, Vivid Layers, Frame Size-36x48, Frame Color-NA,Frame Style-Thin Floating Frame, VividWalls, Artwork",https://cdn.shopify.com/s/files/1/0785/1504/4639/files/olive_weave_no2_no_frame-36x48_c51abdc4-a578-445f-856c-0ff52d5d6ebe.png?v=1713720965,,,,,,,,,,,150.45,112.84,0.0,Stretched,150.45,315.94,110.0,36x48,2025-05-29 00:51:14
olive-weave,,,,,,,,,24x36,,Black,,Thin Floating Frame,OLIVE-WEAVE-BLACK-THIN-FLOATING-FRAME-24X36,shopify,deny,manual,210.63,0.0,100.3,True,False,lb,0.0,https://cdn.shopify.com/s/files/1/0785/1504/4639/files/olive_weave_no2_black_frame-24x36_b0d3746e-8278-4293-a8af-d2925f96a9b5.png?v=1713720965,7.0,"Abstract Art, Wall Art, Ready-To-Hang, Olive Weave, Vivid Layers, Frame Size-24x36, Frame Color-Black,Frame Style-Thin Floating Frame, VividWalls, Artwork",https://cdn.shopify.com/s/files/1/0785/1504/4639/files/olive_weave_no2_black_frame-24x36_b0d3746e-8278-4293-a8af-d2925f96a9b5.png?v=1713720965,,,,,,,,,,,85.0,63.75,15.3,Stretched,100.3,210.63,110.0,24x36,2025-05-29 00:51:14
olive-weave,,,,,,,,,24x36,,White,,Thin Floating Frame,OLIVE-WEAVE-WHITE-THIN-FLOATING-FRAME-24X36,shopify,deny,manual,244.55,0.0,116.45,True,False,lb,0.0,https://cdn.shopify.com/s/files/1/0785/1504/4639/files/olive_weave_no2_white_frame-24x36_66d2b70b-9be1-4dfe-b0a5-46c8590bc96c.png?v=1713720965,8.0,"Abstract Art, Wall Art, Ready-To-Hang, Olive Weave, Vivid Layers, Frame Size-24x36, Frame Color-White,Frame Style-Thin Floating Frame, VividWalls, Artwork",https://cdn.shopify.com/s/files/1/0785/1504/4639/files/olive_weave_no2_white_frame-24x36_66d2b70b-9be1-4dfe-b0a5-46c8590bc96c.png?v=1713720965,,,,,,,,,,,85.0,63.75,31.45,Stretched,116.45,244.55,110.0,24x36,2025-05-29 00:51:14
olive-weave,,,,,,,,,24x36,,,,,OLIVE-WEAVE-NA-NA-24X36,shopify,deny,manual,204.0,0.0,85.0,True,False,lb,0.0,https://cdn.shopify.com/s/files/1/0785/1504/4639/files/olive_weave_no2_no_frame-24x36_febf5ae4-88d2-476f-848d-0b9670ba3a53.png?v=1713720965,9.0,"Abstract Art, Wall Art, Ready-To-Hang, Olive Weave, Vivid Layers, Frame Size-24x36, Frame Color-NA,Frame Style-Thin Floating Frame, VividWalls, Artwork",https://cdn.shopify.com/s/files/1/0785/1504/4639/files/olive_weave_no2_no_frame-24x36_febf5ae4-88d2-476f-848d-0b9670ba3a53.png?v=1713720965,,,,,,,,,,,85.0,63.75,0.0,Stretched,85.0,204.0,140.0,24x36,2025-05-29 00:51:14
pink-weave,Pink Weave,"<div>
    <p>
        <span>Pink Weave</span> from the <span>Vivid Layers</span> collection is a symphony of geometric abstraction and bold color play. The artwork features a series of interwoven shapes, with shades of pink creating a warm, central motif that appears to weave through cooler hues of green, purple, and red. These transparent geometric forms overlap and intersect, creating a sense of depth and complexity. The texture of the canvas adds a tactile quality to the visual experience, emphasizing the interplay between the layered shapes and the vibrant, contrasting colors. ""Pink Weave"" is a testament to the dynamic nature of geometric patterns and their ability to convey movement and harmony.
    </p>
</div>
<div>
    <div style=""display: flex; flex-wrap: wrap; gap: 10px; justify-content: start;"">
        <span style=""display: inline-block; font-size: 16px; border-radius: 20px; background-color: #f1f1f1; padding: 3px 10px;"">Geometric Art</span>
        <span style=""display: inline-block; font-size: 16px; border-radius: 20px; background-color: #f1f1f1; padding: 3px 10px;"">Color Interplay</span>
        <span style=""display: inline-block; font-size: 16px; border-radius: 20px; background-color: #f1f1f1; padding: 3px 10px;"">Abstract Shapes</span>
        <span style=""display: inline-block; font-size: 16px; border-radius: 20px; background-color: #f1f1f1; padding: 3px 10px;"">Warm and Cool Hues</span>
        <span style=""display: inline-block; font-size: 16px; border-radius: 20px; background-color: #f1f1f1; padding: 3px 10px;"">Textured Canvas</span>
        <span style=""display: inline-block; font-size: 16px; border-radius: 20px; background-color: #f1f1f1; padding: 3px 10px;"">Modern Decor</span>
        <span style=""display: inline-block; font-size: 16px; border-radius: 20px; background-color: #f1f1f1; padding: 3px 10px;"">Gallery Quality</span>
        <span style=""display: inline-block; font-size: 16px; border-radius: 20px; background-color: #f1f1f1; padding: 3px 10px;"">Contemporary Art</span>
        <span style=""display: inline-block; font-size: 16px; border-radius: 20px; background-color: #f1f1f1; padding: 3px 10px;"">Visual Depth</span>
        <span style=""display: inline-block; font-size: 16px; border-radius: 20px; background-color: #f1f1f1; padding: 3px 10px;"">Wall Art</span>
    </div>
</div>
",VividWalls,Home & Garden > Decor > Artwork,Artwork,Vivid Layers,True,Frame Size,53x72,Frame Color,Black,Frame Style,Thin Floating Frame,PINK-WEAVE-BLACK-THIN-FLOATING-FRAME-53X72,shopify,deny,manual,579.99,0.0,305.26,True,False,lb,0.0,https://cdn.shopify.com/s/files/1/0785/1504/4639/files/vivid-geometric_intersection-no8-BlkFrame-48x72_2fd71d10-3b30-4a03-863f-a274567af639.png?v=1713720939,1.0,"Abstract Art, Wall Art, Ready-To-Hang, Pink Weave, Vivid Layers, Frame Size-53x72, Frame Color-Black,Frame Style-Thin Floating Frame, VividWalls, Artwork",https://cdn.shopify.com/s/files/1/0785/1504/4639/files/vivid-geometric_intersection-no8-BlkFrame-48x72_2fd71d10-3b30-4a03-863f-a274567af639.png?v=1713720939,"Abstract Art, Wall Art, Ready-To-Hang, Collection Vivid Layers Pink Weave 53x72, Black Frame Artwork",,False,True,,,True,,,active,289.96,217.47,15.3,Stretched,305.26,579.99,90.0,53x72 (estimated),2025-05-29 00:51:14
pink-weave,,,,,,,,,53x72,,White,,Thin Floating Frame,PINK-WEAVE-WHITE-THIN-FLOATING-FRAME-53X72,shopify,deny,manual,610.68,0.0,321.41,True,False,lb,0.0,https://cdn.shopify.com/s/files/1/0785/1504/4639/files/vivid-geometric_intersection-no8-WhtFrame-48x72_5f99b4e8-a212-4b9b-adeb-77be27dcd63e.png?v=1713720939,2.0,"Abstract Art, Wall Art, Ready-To-Hang, Pink Weave, Vivid Layers, Frame Size-53x72, Frame Color-White,Frame Style-Thin Floating Frame, VividWalls, Artwork",https://cdn.shopify.com/s/files/1/0785/1504/4639/files/vivid-geometric_intersection-no8-WhtFrame-48x72_5f99b4e8-a212-4b9b-adeb-77be27dcd63e.png?v=1713720939,,,,,,,,,,,289.96,217.47,31.45,Stretched,321.41,610.68,90.0,53x72 (estimated),2025-05-29 00:51:14
pink-weave,,,,,,,,,53x72,,,,,PINK-WEAVE-NA-NA-53X72,shopify,deny,manual,550.92,0.0,289.96,True,False,lb,0.0,https://cdn.shopify.com/s/files/1/0785/1504/4639/files/vivid-geometric_intersection-no8-NoFrame-48x72_65f645fa-bd7c-4b15-8d97-d379eb46f2c3.png?v=1713720939,3.0,"Abstract Art, Wall Art, Ready-To-Hang, Pink Weave, Vivid Layers, Frame Size-53x72, Frame Color-NA,Frame Style-Thin Floating Frame, VividWalls, Artwork",https://cdn.shopify.com/s/files/1/0785/1504/4639/files/vivid-geometric_intersection-no8-NoFrame-48x72_65f645fa-bd7c-4b15-8d97-d379eb46f2c3.png?v=1713720939,,,,,,,,,,,289.96,217.47,0.0,Stretched,289.96,550.92,90.0,53x72 (estimated),2025-05-29 00:51:14
pink-weave,,,,,,,,,36x48,,Black,,Thin Floating Frame,PINK-WEAVE-BLACK-THIN-FLOATING-FRAME-36X48,shopify,deny,manual,348.07,0.0,165.75,True,False,lb,0.0,https://cdn.shopify.com/s/files/1/0785/1504/4639/files/pink_weave_no1_black_frame-36x48_8bacc043-25cb-4f71-99f8-0fcc0c54c7e1.png?v=1713720939,4.0,"Abstract Art, Wall Art, Ready-To-Hang, Pink Weave, Vivid Layers, Frame Size-36x48, Frame Color-Black,Frame Style-Thin Floating Frame, VividWalls, Artwork",https://cdn.shopify.com/s/files/1/0785/1504/4639/files/pink_weave_no1_black_frame-36x48_8bacc043-25cb-4f71-99f8-0fcc0c54c7e1.png?v=1713720939,,,,,,,,,,,150.45,112.84,15.3,Stretched,165.75,348.07,110.0,36x48,2025-05-29 00:51:14
pink-weave,,,,,,,,,36x48,,White,,Thin Floating Frame,PINK-WEAVE-WHITE-THIN-FLOATING-FRAME-36X48,shopify,deny,manual,381.99,0.0,181.9,True,False,lb,0.0,https://cdn.shopify.com/s/files/1/0785/1504/4639/files/pink_weave_no1_white_frame-36x48_160e4794-b03e-43a5-b1ff-08f87f7577ae.png?v=1713720939,5.0,"Abstract Art, Wall Art, Ready-To-Hang, Pink Weave, Vivid Layers, Frame Size-36x48, Frame Color-White,Frame Style-Thin Floating Frame, VividWalls, Artwork",https://cdn.shopify.com/s/files/1/0785/1504/4639/files/pink_weave_no1_white_frame-36x48_160e4794-b03e-43a5-b1ff-08f87f7577ae.png?v=1713720939,,,,,,,,,,,150.45,112.84,31.45,Stretched,181.9,381.99,110.0,36x48,2025-05-29 00:51:14
pink-weave,,,,,,,,,36x48,,,,,PINK-WEAVE-NA-NA-36X48,shopify,deny,manual,315.94,0.0,150.45,True,False,lb,0.0,https://cdn.shopify.com/s/files/1/0785/1504/4639/files/pink_weave_no1_no_frame-36x48_d008e822-4eca-4810-a7e1-437685224508.png?v=1713720939,6.0,"Abstract Art, Wall Art, Ready-To-Hang, Pink Weave, Vivid Layers, Frame Size-36x48, Frame Color-NA,Frame Style-Thin Floating Frame, VividWalls, Artwork",https://cdn.shopify.com/s/files/1/0785/1504/4639/files/pink_weave_no1_no_frame-36x48_d008e822-4eca-4810-a7e1-437685224508.png?v=1713720939,,,,,,,,,,,150.45,112.84,0.0,Stretched,150.45,315.94,110.0,36x48,2025-05-29 00:51:14
pink-weave,,,,,,,,,24x36,,Black,,Thin Floating Frame,PINK-WEAVE-BLACK-THIN-FLOATING-FRAME-24X36,shopify,deny,manual,210.63,0.0,100.3,True,False,lb,0.0,https://cdn.shopify.com/s/files/1/0785/1504/4639/files/pink_weave_no1_black_frame-24x36_4a8b30c0-6f12-4cc5-91cf-cac487a8a147.png?v=1713720939,7.0,"Abstract Art, Wall Art, Ready-To-Hang, Pink Weave, Vivid Layers, Frame Size-24x36, Frame Color-Black,Frame Style-Thin Floating Frame, VividWalls, Artwork",https://cdn.shopify.com/s/files/1/0785/1504/4639/files/pink_weave_no1_black_frame-24x36_4a8b30c0-6f12-4cc5-91cf-cac487a8a147.png?v=1713720939,,,,,,,,,,,85.0,63.75,15.3,Stretched,100.3,210.63,110.0,24x36,2025-05-29 00:51:14
pink-weave,,,,,,,,,24x36,,White,,Thin Floating Frame,PINK-WEAVE-WHITE-THIN-FLOATING-FRAME-24X36,shopify,deny,manual,244.55,0.0,116.45,True,False,lb,0.0,https://cdn.shopify.com/s/files/1/0785/1504/4639/files/pink_weave_no1_white_frame-24x36_8ca7cdef-e517-46ff-bf06-9bee9bd217f9.png?v=1713720939,8.0,"Abstract Art, Wall Art, Ready-To-Hang, Pink Weave, Vivid Layers, Frame Size-24x36, Frame Color-White,Frame Style-Thin Floating Frame, VividWalls, Artwork",https://cdn.shopify.com/s/files/1/0785/1504/4639/files/pink_weave_no1_white_frame-24x36_8ca7cdef-e517-46ff-bf06-9bee9bd217f9.png?v=1713720939,,,,,,,,,,,85.0,63.75,31.45,Stretched,116.45,244.55,110.0,24x36,2025-05-29 00:51:14
pink-weave,,,,,,,,,24x36,,,,,PINK-WEAVE-NA-NA-24X36,shopify,deny,manual,204.0,0.0,85.0,True,False,lb,0.0,https://cdn.shopify.com/s/files/1/0785/1504/4639/files/pink_weave_no1_no_frame-24x36_f87cc9ae-64b6-4bb3-88fd-2878716fb8d5.png?v=1713720939,9.0,"Abstract Art, Wall Art, Ready-To-Hang, Pink Weave, Vivid Layers, Frame Size-24x36, Frame Color-NA,Frame Style-Thin Floating Frame, VividWalls, Artwork",https://cdn.shopify.com/s/files/1/0785/1504/4639/files/pink_weave_no1_no_frame-24x36_f87cc9ae-64b6-4bb3-88fd-2878716fb8d5.png?v=1713720939,,,,,,,,,,,85.0,63.75,0.0,Stretched,85.0,204.0,140.0,24x36,2025-05-29 00:51:14
vivid-mosaic-no1,Vivid Mosaic no1,"<div>
    <p>
        <span>Vivid Mosaic No.1</span> from the <span>Mosaic</span> collection by Kingler Bercy is an abstract digital masterpiece that vibrates with a rhythmic harmony of colors and shapes. It conveys a dynamic energy through the interlocking polygons that seem to push and pull against each other in a visual dance.
    </p>
    <p>
        The canvas is a chromatic playground where deep purples and blues collide with the warmth of reds and browns, creating a striking contrast that is both bold and inviting. The textured effect imbues the piece with a tactile quality that is often reserved for more traditional art forms.
    </p>
    <p>
        'Vivid Mosaic No.1' is a digital celebration of the ancient mosaic technique reinterpreted through contemporary artistry. It challenges the boundaries between the pixel and the tessera, offering a fresh perspective on the possibilities of digital art to evoke traditional craftsmanship.
    </p>
    <p style=""text-align: right; margin-top: 20px; font-style: italic;"">
        ""A symphony of pixels in harmonious disarray."" - Artist: Kingler Bercy
    </p>
</div>
<div>
    <div style=""display: flex; flex-wrap: wrap; gap: 10px; justify-content: start;"">
        <span style=""display: inline-block; font-size: 16px; border-radius: 20px; background-color: #f1f1f1; padding: 3px 10px;"">Abstract Art</span>
        <span style=""display: inline-block; font-size: 16px; border-radius: 20px; background-color: #f1f1f1; padding: 3px 10px;"">Digital Mosaic</span>
        <span style=""display: inline-block; font-size: 16px; border-radius: 20px; background-color: #f1f1f1; padding: 3px 10px;"">Color Harmony</span>
        <span style=""display: inline-block; font-size: 16px; border-radius: 20px; background-color: #f1f1f1; padding: 3px 10px;"">Polygonal Patterns</span>
        <span style=""display: inline-block; font-size: 16px; border-radius: 20px; background-color: #f1f1f1; padding: 3px 10px;"">Mosaic Collection</span>
        <span style=""display: inline-block; font-size: 16px; border-radius: 20px; background-color: #f1f1f1; padding: 3px 10px;"">Kingler Bercy</span>
    </div>
</div>
",VividWalls,Home & Garden > Decor > Artwork,Artwork,Mosaic,True,Frame Size,53x72,Frame Color,Black,Frame Style,Thin Floating Frame,VIVID-MOSAIC-NO1-BLACK-THIN-FLOATING-FRAME-53X72,shopify,deny,manual,579.99,0.0,305.26,True,False,lb,0.0,https://cdn.shopify.com/s/files/1/0785/1504/4639/files/vivid_mosaic_no1_canvas-black_frame_48x72_989f0af1-7bb9-4037-a0b6-6092ee7c598a.png?v=1713721743,1.0,"Abstract Art, Wall Art, Ready-To-Hang, Vivid Mosaic no1, Mosaic, Frame Size-53x72, Frame Color-Black,Frame Style-Thin Floating Frame, VividWalls, Artwork",https://cdn.shopify.com/s/files/1/0785/1504/4639/files/vivid_mosaic_no1_canvas-black_frame_48x72_989f0af1-7bb9-4037-a0b6-6092ee7c598a.png?v=1713721743,"Abstract Art, Wall Art, Ready-To-Hang, Collection Mosaic Vivid Mosaic no1 53x72, Black Frame Artwork",,False,True,,,True,,,active,289.96,217.47,15.3,Stretched,305.26,579.99,90.0,53x72 (estimated),2025-05-29 00:51:14
vivid-mosaic-no1,,,,,,,,,53x72,,White,,Thin Floating Frame,VIVID-MOSAIC-NO1-WHITE-THIN-FLOATING-FRAME-53X72,shopify,deny,manual,610.68,0.0,321.41,True,False,lb,0.0,https://cdn.shopify.com/s/files/1/0785/1504/4639/files/vivid_mosaic_no1_canvas-white_frame_48x72_d022fd66-615c-4a40-bc5d-ee97a15fc798.png?v=1713721743,2.0,"Abstract Art, Wall Art, Ready-To-Hang, Vivid Mosaic no1, Mosaic, Frame Size-53x72, Frame Color-White,Frame Style-Thin Floating Frame, VividWalls, Artwork",https://cdn.shopify.com/s/files/1/0785/1504/4639/files/vivid_mosaic_no1_canvas-white_frame_48x72_d022fd66-615c-4a40-bc5d-ee97a15fc798.png?v=1713721743,,,,,,,,,,,289.96,217.47,31.45,Stretched,321.41,610.68,90.0,53x72 (estimated),2025-05-29 00:51:14
vivid-mosaic-no1,,,,,,,,,53x72,,,,,VIVID-MOSAIC-NO1-NA-NA-53X72,shopify,deny,manual,550.92,0.0,289.96,True,False,lb,0.0,https://cdn.shopify.com/s/files/1/0785/1504/4639/files/vivid_mosaic_no1_canvas-no_frame_48x72_3fb9f9fe-1be1-4b3a-9fcb-2fc9d934b364.png?v=1713721743,3.0,"Abstract Art, Wall Art, Ready-To-Hang, Vivid Mosaic no1, Mosaic, Frame Size-53x72, Frame Color-NA,Frame Style-Thin Floating Frame, VividWalls, Artwork",https://cdn.shopify.com/s/files/1/0785/1504/4639/files/vivid_mosaic_no1_canvas-no_frame_48x72_3fb9f9fe-1be1-4b3a-9fcb-2fc9d934b364.png?v=1713721743,,,,,,,,,,,289.96,217.47,0.0,Stretched,289.96,550.92,90.0,53x72 (estimated),2025-05-29 00:51:14
vivid-mosaic-no1,,,,,,,,,36x48,,Black,,Thin Floating Frame,VIVID-MOSAIC-NO1-BLACK-THIN-FLOATING-FRAME-36X48,shopify,deny,manual,348.07,0.0,165.75,True,False,lb,0.0,https://cdn.shopify.com/s/files/1/0785/1504/4639/files/vivid_mosaic_no1-black_frame_36x48_d6a2441f-c422-4d5b-89ac-58e306a366be.png?v=1713721743,4.0,"Abstract Art, Wall Art, Ready-To-Hang, Vivid Mosaic no1, Mosaic, Frame Size-36x48, Frame Color-Black,Frame Style-Thin Floating Frame, VividWalls, Artwork",https://cdn.shopify.com/s/files/1/0785/1504/4639/files/vivid_mosaic_no1-black_frame_36x48_d6a2441f-c422-4d5b-89ac-58e306a366be.png?v=1713721743,,,,,,,,,,,150.45,112.84,15.3,Stretched,165.75,348.07,110.0,36x48,2025-05-29 00:51:14
vivid-mosaic-no1,,,,,,,,,36x48,,White,,Thin Floating Frame,VIVID-MOSAIC-NO1-WHITE-THIN-FLOATING-FRAME-36X48,shopify,deny,manual,381.99,0.0,181.9,True,False,lb,0.0,https://cdn.shopify.com/s/files/1/0785/1504/4639/files/vivid_mosaic_no1-white_frame_36x48_755aa7aa-e256-4e09-b006-ef00481cc513.png?v=1713721743,5.0,"Abstract Art, Wall Art, Ready-To-Hang, Vivid Mosaic no1, Mosaic, Frame Size-36x48, Frame Color-White,Frame Style-Thin Floating Frame, VividWalls, Artwork",https://cdn.shopify.com/s/files/1/0785/1504/4639/files/vivid_mosaic_no1-white_frame_36x48_755aa7aa-e256-4e09-b006-ef00481cc513.png?v=1713721743,,,,,,,,,,,150.45,112.84,31.45,Stretched,181.9,381.99,110.0,36x48,2025-05-29 00:51:14
vivid-mosaic-no1,,,,,,,,,36x48,,,,,VIVID-MOSAIC-NO1-NA-NA-36X48,shopify,deny,manual,315.94,0.0,150.45,True,False,lb,0.0,https://cdn.shopify.com/s/files/1/0785/1504/4639/files/vivid_mosaic_no1-no_frame_36x48_61881bb8-3143-4885-b1ed-21aba9b99924.png?v=1713721743,6.0,"Abstract Art, Wall Art, Ready-To-Hang, Vivid Mosaic no1, Mosaic, Frame Size-36x48, Frame Color-NA,Frame Style-Thin Floating Frame, VividWalls, Artwork",https://cdn.shopify.com/s/files/1/0785/1504/4639/files/vivid_mosaic_no1-no_frame_36x48_61881bb8-3143-4885-b1ed-21aba9b99924.png?v=1713721743,,,,,,,,,,,150.45,112.84,0.0,Stretched,150.45,315.94,110.0,36x48,2025-05-29 00:51:14
vivid-mosaic-no1,,,,,,,,,24x36,,Black,,Thin Floating Frame,VIVID-MOSAIC-NO1-BLACK-THIN-FLOATING-FRAME-24X36,shopify,deny,manual,210.63,0.0,100.3,True,False,lb,0.0,https://cdn.shopify.com/s/files/1/0785/1504/4639/files/vivid_mosaic_no1-black_frame_24x36_f62a6931-3df8-488d-860e-d195cc81013e.png?v=1713721743,7.0,"Abstract Art, Wall Art, Ready-To-Hang, Vivid Mosaic no1, Mosaic, Frame Size-24x36, Frame Color-Black,Frame Style-Thin Floating Frame, VividWalls, Artwork",https://cdn.shopify.com/s/files/1/0785/1504/4639/files/vivid_mosaic_no1-black_frame_24x36_f62a6931-3df8-488d-860e-d195cc81013e.png?v=1713721743,,,,,,,,,,,85.0,63.75,15.3,Stretched,100.3,210.63,110.0,24x36,2025-05-29 00:51:14
vivid-mosaic-no1,,,,,,,,,24x36,,White,,Thin Floating Frame,VIVID-MOSAIC-NO1-WHITE-THIN-FLOATING-FRAME-24X36,shopify,deny,manual,244.55,0.0,116.45,True,False,lb,0.0,https://cdn.shopify.com/s/files/1/0785/1504/4639/files/vivid_mosaic_no1-white_frame_24x36_8a188e84-2c13-4fd8-b152-bfc412d75260.png?v=1713721743,8.0,"Abstract Art, Wall Art, Ready-To-Hang, Vivid Mosaic no1, Mosaic, Frame Size-24x36, Frame Color-White,Frame Style-Thin Floating Frame, VividWalls, Artwork",https://cdn.shopify.com/s/files/1/0785/1504/4639/files/vivid_mosaic_no1-white_frame_24x36_8a188e84-2c13-4fd8-b152-bfc412d75260.png?v=1713721743,,,,,,,,,,,85.0,63.75,31.45,Stretched,116.45,244.55,110.0,24x36,2025-05-29 00:51:14
vivid-mosaic-no1,,,,,,,,,24x36,,,,,VIVID-MOSAIC-NO1-NA-NA-24X36,shopify,deny,manual,204.0,0.0,85.0,True,False,lb,0.0,https://cdn.shopify.com/s/files/1/0785/1504/4639/files/vivid_mosaic_no1-no_frame_24x36_36917e2b-df5a-4a41-a2de-5131590a1cfb.png?v=1713721743,9.0,"Abstract Art, Wall Art, Ready-To-Hang, Vivid Mosaic no1, Mosaic, Frame Size-24x36, Frame Color-NA,Frame Style-Thin Floating Frame, VividWalls, Artwork",https://cdn.shopify.com/s/files/1/0785/1504/4639/files/vivid_mosaic_no1-no_frame_24x36_36917e2b-df5a-4a41-a2de-5131590a1cfb.png?v=1713721743,,,,,,,,,,,85.0,63.75,0.0,Stretched,85.0,204.0,140.0,24x36,2025-05-29 00:51:14
vivid-mosaic-no2,Vivid Mosaic no2,"<div>
    <p>
        <span>Vivid Mosaic No.2</span> from the <span>Mosaic</span> collection is an expressive work by Kingler Bercy, exemplifying the fusion of abstract art with digital innovation. This piece is a rich amalgamation of colors, where each hue is a pixel, and together they form a labyrinth of visual intrigue.
    </p>
    <p>
        Contrasting shades and shapes converge and diverge, creating a rhythm that pulsates throughout the composition. The artist's use of shadowing gives the illusion of depth, making the flat canvas come alive as if the shapes are floating over one another.
    </p>
    <p>
        The work invites the viewer to decipher its layered complexity, reminiscent of a cubist painting reinterpreted through the lens of modern technology. 'Vivid Mosaic No.2' is not just an image to be viewed but an experience to be felt, highlighting the artist's capacity to draw emotion through a digital medium.
    </p>
    <p style=""text-align: right; margin-top: 20px; font-style: italic;"">
        ""Navigating the digital tapestry of abstraction."" - Artist: Kingler Bercy
    </p>
</div>
<div>
    <div style=""display: flex; flex-wrap: wrap; gap: 10px; justify-content: start;"">
        <span style=""display: inline-block; font-size: 16px; border-radius: 20px; background-color: #f1f1f1; padding: 3px 10px;"">Abstract Digital Art</span>
        <span style=""display: inline-block; font-size: 16px; border-radius: 20px; background-color: #f1f1f1; padding: 3px 10px;"">Colorful Mosaic</span>
        <span style=""display: inline-block; font-size: 16px; border-radius: 20px; background-color: #f1f1f1; padding: 3px 10px;"">Cubist Influence</span>
        <span style=""display: inline-block; font-size: 16px; border-radius: 20px; background-color: #f1f1f1; padding: 3px 10px;"">Geometric Patterns</span>
        <span style=""display: inline-block; font-size: 16px; border-radius: 20px; background-color: #f1f1f1; padding: 3px 10px;"">Mosaic Collection</span>
        <span style=""display: inline-block; font-size: 16px; border-radius: 20px; background-color: #f1f1f1; padding: 3px 10px;"">Kingler Bercy</span>
    </div>
</div>
",VividWalls,Home & Garden > Decor > Artwork,Artwork,Mosaic,True,Frame Size,53x72,Frame Color,Black,Frame Style,Thin Floating Frame,VIVID-MOSAIC-NO2-BLACK-THIN-FLOATING-FRAME-53X72,shopify,deny,manual,579.99,0.0,305.26,True,False,lb,0.0,https://cdn.shopify.com/s/files/1/0785/1504/4639/files/ColorEmergance-_002-1000x1000_03ed66b6-6597-4f24-87a1-8bd682dadcc6.png?v=1713721718,1.0,"Abstract Art, Wall Art, Ready-To-Hang, Vivid Mosaic no2, Mosaic, Frame Size-53x72, Frame Color-Black,Frame Style-Thin Floating Frame, VividWalls, Artwork",https://cdn.shopify.com/s/files/1/0785/1504/4639/files/ColorEmergance-_002-1000x1000_03ed66b6-6597-4f24-87a1-8bd682dadcc6.png?v=1713721718,"Abstract Art, Wall Art, Ready-To-Hang, Collection Mosaic Vivid Mosaic no2 53x72, Black Frame Artwork",,False,True,,,True,,,active,289.96,217.47,15.3,Stretched,305.26,579.99,90.0,53x72 (estimated),2025-05-29 00:51:14
vivid-mosaic-no2,,,,,,,,,53x72,,White,,Thin Floating Frame,VIVID-MOSAIC-NO2-WHITE-THIN-FLOATING-FRAME-53X72,shopify,deny,manual,610.68,0.0,321.41,True,False,lb,0.0,https://cdn.shopify.com/s/files/1/0785/1504/4639/files/vivid_mosaic_no2_canvas-white_frame_48x72_af3bde2a-c41a-4986-8f1f-7e8b3334b95c.png?v=1713721718,2.0,"Abstract Art, Wall Art, Ready-To-Hang, Vivid Mosaic no2, Mosaic, Frame Size-53x72, Frame Color-White,Frame Style-Thin Floating Frame, VividWalls, Artwork",https://cdn.shopify.com/s/files/1/0785/1504/4639/files/vivid_mosaic_no2_canvas-white_frame_48x72_af3bde2a-c41a-4986-8f1f-7e8b3334b95c.png?v=1713721718,,,,,,,,,,,289.96,217.47,31.45,Stretched,321.41,610.68,90.0,53x72 (estimated),2025-05-29 00:51:14
vivid-mosaic-no2,,,,,,,,,53x72,,,,,VIVID-MOSAIC-NO2-NA-NA-53X72,shopify,deny,manual,550.92,0.0,289.96,True,False,lb,0.0,https://cdn.shopify.com/s/files/1/0785/1504/4639/files/vivid_mosaic_no2_canvas-noframe_48x72_603b49ee-796c-4102-bb4d-fa023302833e.png?v=1713721718,3.0,"Abstract Art, Wall Art, Ready-To-Hang, Vivid Mosaic no2, Mosaic, Frame Size-53x72, Frame Color-NA,Frame Style-Thin Floating Frame, VividWalls, Artwork",https://cdn.shopify.com/s/files/1/0785/1504/4639/files/vivid_mosaic_no2_canvas-noframe_48x72_603b49ee-796c-4102-bb4d-fa023302833e.png?v=1713721718,,,,,,,,,,,289.96,217.47,0.0,Stretched,289.96,550.92,90.0,53x72 (estimated),2025-05-29 00:51:14
vivid-mosaic-no2,,,,,,,,,36x48,,Black,,Thin Floating Frame,VIVID-MOSAIC-NO2-BLACK-THIN-FLOATING-FRAME-36X48,shopify,deny,manual,348.07,0.0,165.75,True,False,lb,0.0,https://cdn.shopify.com/s/files/1/0785/1504/4639/files/vivid_mosaic_no5_canvas-black_frame_36x48_74571e47-2ba0-4352-8a5c-38f97bf9ef6e.png?v=1713721718,4.0,"Abstract Art, Wall Art, Ready-To-Hang, Vivid Mosaic no2, Mosaic, Frame Size-36x48, Frame Color-Black,Frame Style-Thin Floating Frame, VividWalls, Artwork",https://cdn.shopify.com/s/files/1/0785/1504/4639/files/vivid_mosaic_no5_canvas-black_frame_36x48_74571e47-2ba0-4352-8a5c-38f97bf9ef6e.png?v=1713721718,,,,,,,,,,,150.45,112.84,15.3,Stretched,165.75,348.07,110.0,36x48,2025-05-29 00:51:14
vivid-mosaic-no2,,,,,,,,,36x48,,White,,Thin Floating Frame,VIVID-MOSAIC-NO2-WHITE-THIN-FLOATING-FRAME-36X48,shopify,deny,manual,381.99,0.0,181.9,True,False,lb,0.0,https://cdn.shopify.com/s/files/1/0785/1504/4639/files/vivid_mosaic_no5_canvas-white_frame_36x48_4dfbd529-0594-4545-9f84-52258a650230.png?v=1713721718,5.0,"Abstract Art, Wall Art, Ready-To-Hang, Vivid Mosaic no2, Mosaic, Frame Size-36x48, Frame Color-White,Frame Style-Thin Floating Frame, VividWalls, Artwork",https://cdn.shopify.com/s/files/1/0785/1504/4639/files/vivid_mosaic_no5_canvas-white_frame_36x48_4dfbd529-0594-4545-9f84-52258a650230.png?v=1713721718,,,,,,,,,,,150.45,112.84,31.45,Stretched,181.9,381.99,110.0,36x48,2025-05-29 00:51:14
vivid-mosaic-no2,,,,,,,,,36x48,,,,,VIVID-MOSAIC-NO2-NA-NA-36X48,shopify,deny,manual,315.94,0.0,150.45,True,False,lb,0.0,https://cdn.shopify.com/s/files/1/0785/1504/4639/files/vivid_mosaic_no5_canvas-No_frame_36x48_77aa4b92-a642-481c-a689-71df63de4388.png?v=1713721718,6.0,"Abstract Art, Wall Art, Ready-To-Hang, Vivid Mosaic no2, Mosaic, Frame Size-36x48, Frame Color-NA,Frame Style-Thin Floating Frame, VividWalls, Artwork",https://cdn.shopify.com/s/files/1/0785/1504/4639/files/vivid_mosaic_no5_canvas-No_frame_36x48_77aa4b92-a642-481c-a689-71df63de4388.png?v=1713721718,,,,,,,,,,,150.45,112.84,0.0,Stretched,150.45,315.94,110.0,36x48,2025-05-29 00:51:14
vivid-mosaic-no2,,,,,,,,,24x36,,Black,,Thin Floating Frame,VIVID-MOSAIC-NO2-BLACK-THIN-FLOATING-FRAME-24X36,shopify,deny,manual,210.63,0.0,100.3,True,False,lb,0.0,https://cdn.shopify.com/s/files/1/0785/1504/4639/files/vivid_mosaic_no5_canvas-black_frame_24x36_bcdd5b14-b055-4982-99ae-369e59ef7ddb.png?v=1713721718,7.0,"Abstract Art, Wall Art, Ready-To-Hang, Vivid Mosaic no2, Mosaic, Frame Size-24x36, Frame Color-Black,Frame Style-Thin Floating Frame, VividWalls, Artwork",https://cdn.shopify.com/s/files/1/0785/1504/4639/files/vivid_mosaic_no5_canvas-black_frame_24x36_bcdd5b14-b055-4982-99ae-369e59ef7ddb.png?v=1713721718,,,,,,,,,,,85.0,63.75,15.3,Stretched,100.3,210.63,110.0,24x36,2025-05-29 00:51:14
vivid-mosaic-no2,,,,,,,,,24x36,,White,,Thin Floating Frame,VIVID-MOSAIC-NO2-WHITE-THIN-FLOATING-FRAME-24X36,shopify,deny,manual,244.55,0.0,116.45,True,False,lb,0.0,https://cdn.shopify.com/s/files/1/0785/1504/4639/files/vivid_mosaic_no5_canvas-white_frame_24x36_bf4a8fbd-bbb6-406d-97fa-c50e2bf7a64e.png?v=1713721718,8.0,"Abstract Art, Wall Art, Ready-To-Hang, Vivid Mosaic no2, Mosaic, Frame Size-24x36, Frame Color-White,Frame Style-Thin Floating Frame, VividWalls, Artwork",https://cdn.shopify.com/s/files/1/0785/1504/4639/files/vivid_mosaic_no5_canvas-white_frame_24x36_bf4a8fbd-bbb6-406d-97fa-c50e2bf7a64e.png?v=1713721718,,,,,,,,,,,85.0,63.75,31.45,Stretched,116.45,244.55,110.0,24x36,2025-05-29 00:51:14
vivid-mosaic-no2,,,,,,,,,24x36,,,,,VIVID-MOSAIC-NO2-NA-NA-24X36,shopify,deny,manual,204.0,0.0,85.0,True,False,lb,0.0,https://cdn.shopify.com/s/files/1/0785/1504/4639/files/vivid_mosaic_no5_canvas-no_frame_24x36_2e646c45-3775-4b59-8d3f-b8eafb6ebd61.png?v=1713721718,9.0,"Abstract Art, Wall Art, Ready-To-Hang, Vivid Mosaic no2, Mosaic, Frame Size-24x36, Frame Color-NA,Frame Style-Thin Floating Frame, VividWalls, Artwork",https://cdn.shopify.com/s/files/1/0785/1504/4639/files/vivid_mosaic_no5_canvas-no_frame_24x36_2e646c45-3775-4b59-8d3f-b8eafb6ebd61.png?v=1713721718,,,,,,,,,,,85.0,63.75,0.0,Stretched,85.0,204.0,140.0,24x36,2025-05-29 00:51:14
vivid-mosaic-no3,Vivid Mosaic no3,"<div>
    <p>
        <span>Vivid Mosaic No.3</span> from the <span>Mosaic</span> collection by Kingler Bercy is a striking piece that showcases the vivid interplay of color and form. The artist creates a sense of dynamic movement through the overlapping geometric shapes, which seem to advance and recede, playing with the viewer's perception of space.
    </p>
    <p>
        The rich, saturated blues, purples, and reds create a visual vibrato that is at once bold and harmonious. These colors are softened by the textured backdrop that mimics the granularity of a traditional mosaic, lending an organic feel to the digital medium.
    </p>
    <p>
        'Vivid Mosaic No.3' is a testament to the artist's skill in fusing traditional mosaic aesthetics with contemporary digital techniques. The result is a captivating digital canvas that resonates with energy, complexity, and a modern sensibility.
    </p>
    <p style=""text-align: right; margin-top: 20px; font-style: italic;"">
        ""Harmony in the digital age's tesserae."" - Artist: Kingler Bercy
    </p>
</div>
<div>
    <div style=""display: flex; flex-wrap: wrap; gap: 10px; justify-content: start;"">
        <span style=""display: inline-block; font-size: 16px; border-radius: 20px; background-color: #f1f1f1; padding: 3px 10px;"">Vivid Colors</span>
        <span style=""display: inline-block; font-size: 16px; border-radius: 20px; background-color: #f1f1f1; padding: 3px 10px;"">Dynamic Composition</span>
        <span style=""display: inline-block; font-size: 16px; border-radius: 20px; background-color: #f1f1f1; padding: 3px 10px;"">Digital Mosaic</span>
        <span style=""display: inline-block; font-size: 16px; border-radius: 20px; background-color: #f1f1f1; padding: 3px 10px;"">Geometric Art</span>
        <span style=""display: inline-block; font-size: 16px; border-radius: 20px; background-color: #f1f1f1; padding: 3px 10px;"">Mosaic Collection</span>
        <span style=""display: inline-block; font-size: 16px; border-radius: 20px; background-color: #f1f1f1; padding: 3px 10px;"">Kingler Bercy</span>
    </div>
</div>
",VividWalls,Home & Garden > Decor > Artwork,Artwork,Mosaic,True,Frame Size,53x72,Frame Color,Black,Frame Style,Thin Floating Frame,VIVID-MOSAIC-NO3-BLACK-THIN-FLOATING-FRAME-53X72,shopify,deny,manual,579.99,0.0,305.26,True,False,lb,0.0,https://cdn.shopify.com/s/files/1/0785/1504/4639/files/vivid_mosaic_no3_canvas_black_frame_53x72_bfd8a4cb-6fe1-40a7-a36f-d3fba2c8a0e1.png?v=1713721697,1.0,"Abstract Art, Wall Art, Ready-To-Hang, Vivid Mosaic no3, Mosaic, Frame Size-53x72, Frame Color-Black,Frame Style-Thin Floating Frame, VividWalls, Artwork",https://cdn.shopify.com/s/files/1/0785/1504/4639/files/vivid_mosaic_no3_canvas_black_frame_53x72_bfd8a4cb-6fe1-40a7-a36f-d3fba2c8a0e1.png?v=1713721697,"Abstract Art, Wall Art, Ready-To-Hang, Collection Mosaic Vivid Mosaic no3 53x72, Black Frame Artwork",,False,True,,,True,,,active,289.96,217.47,15.3,Stretched,305.26,579.99,90.0,53x72 (estimated),2025-05-29 00:51:14
vivid-mosaic-no3,,,,,,,,,53x72,,White,,Thin Floating Frame,VIVID-MOSAIC-NO3-WHITE-THIN-FLOATING-FRAME-53X72,shopify,deny,manual,610.68,0.0,321.41,True,False,lb,0.0,https://cdn.shopify.com/s/files/1/0785/1504/4639/files/vivid_mosaic_no3_canvas_white_frame_53x72_e0bf231e-19cc-4ac5-bff2-ca6eafdb37d4.png?v=1713721697,2.0,"Abstract Art, Wall Art, Ready-To-Hang, Vivid Mosaic no3, Mosaic, Frame Size-53x72, Frame Color-White,Frame Style-Thin Floating Frame, VividWalls, Artwork",https://cdn.shopify.com/s/files/1/0785/1504/4639/files/vivid_mosaic_no3_canvas_white_frame_53x72_e0bf231e-19cc-4ac5-bff2-ca6eafdb37d4.png?v=1713721697,,,,,,,,,,,289.96,217.47,31.45,Stretched,321.41,610.68,90.0,53x72 (estimated),2025-05-29 00:51:14
vivid-mosaic-no3,,,,,,,,,53x72,,,,,VIVID-MOSAIC-NO3-NA-NA-53X72,shopify,deny,manual,550.92,0.0,289.96,True,False,lb,0.0,https://cdn.shopify.com/s/files/1/0785/1504/4639/files/vivid_mosaic_no3_canvas_no_frame_53x72_d3440792-d972-4643-85f9-54c968425ad6.png?v=1713721697,3.0,"Abstract Art, Wall Art, Ready-To-Hang, Vivid Mosaic no3, Mosaic, Frame Size-53x72, Frame Color-NA,Frame Style-Thin Floating Frame, VividWalls, Artwork",https://cdn.shopify.com/s/files/1/0785/1504/4639/files/vivid_mosaic_no3_canvas_no_frame_53x72_d3440792-d972-4643-85f9-54c968425ad6.png?v=1713721697,,,,,,,,,,,289.96,217.47,0.0,Stretched,289.96,550.92,90.0,53x72 (estimated),2025-05-29 00:51:14
vivid-mosaic-no3,,,,,,,,,36x48,,Black,,Thin Floating Frame,VIVID-MOSAIC-NO3-BLACK-THIN-FLOATING-FRAME-36X48,shopify,deny,manual,348.07,0.0,165.75,True,False,lb,0.0,https://cdn.shopify.com/s/files/1/0785/1504/4639/files/vivid_mosaic_no3_canvas-black_frame_36x48_1759caa5-e301-4ec2-95a8-3271c4fa20aa.png?v=1713721697,4.0,"Abstract Art, Wall Art, Ready-To-Hang, Vivid Mosaic no3, Mosaic, Frame Size-36x48, Frame Color-Black,Frame Style-Thin Floating Frame, VividWalls, Artwork",https://cdn.shopify.com/s/files/1/0785/1504/4639/files/vivid_mosaic_no3_canvas-black_frame_36x48_1759caa5-e301-4ec2-95a8-3271c4fa20aa.png?v=1713721697,,,,,,,,,,,150.45,112.84,15.3,Stretched,165.75,348.07,110.0,36x48,2025-05-29 00:51:14
vivid-mosaic-no3,,,,,,,,,36x48,,White,,Thin Floating Frame,VIVID-MOSAIC-NO3-WHITE-THIN-FLOATING-FRAME-36X48,shopify,deny,manual,381.99,0.0,181.9,True,False,lb,0.0,https://cdn.shopify.com/s/files/1/0785/1504/4639/files/vivid_mosaic_no3_canvas-white_frame_36x48_46b7a3c2-127f-4d4b-895e-d4bf97c5ed8f.png?v=1713721697,5.0,"Abstract Art, Wall Art, Ready-To-Hang, Vivid Mosaic no3, Mosaic, Frame Size-36x48, Frame Color-White,Frame Style-Thin Floating Frame, VividWalls, Artwork",https://cdn.shopify.com/s/files/1/0785/1504/4639/files/vivid_mosaic_no3_canvas-white_frame_36x48_46b7a3c2-127f-4d4b-895e-d4bf97c5ed8f.png?v=1713721697,,,,,,,,,,,150.45,112.84,31.45,Stretched,181.9,381.99,110.0,36x48,2025-05-29 00:51:14
vivid-mosaic-no3,,,,,,,,,36x48,,,,,VIVID-MOSAIC-NO3-NA-NA-36X48,shopify,deny,manual,315.94,0.0,150.45,True,False,lb,0.0,https://cdn.shopify.com/s/files/1/0785/1504/4639/files/vivid_mosaic_no3_canvas-no_frame_36x48_bf0e4174-96dc-49c8-af42-f358bc1d13ef.png?v=1713721697,6.0,"Abstract Art, Wall Art, Ready-To-Hang, Vivid Mosaic no3, Mosaic, Frame Size-36x48, Frame Color-NA,Frame Style-Thin Floating Frame, VividWalls, Artwork",https://cdn.shopify.com/s/files/1/0785/1504/4639/files/vivid_mosaic_no3_canvas-no_frame_36x48_bf0e4174-96dc-49c8-af42-f358bc1d13ef.png?v=1713721697,,,,,,,,,,,150.45,112.84,0.0,Stretched,150.45,315.94,110.0,36x48,2025-05-29 00:51:14
vivid-mosaic-no3,,,,,,,,,24x36,,Black,,Thin Floating Frame,VIVID-MOSAIC-NO3-BLACK-THIN-FLOATING-FRAME-24X36,shopify,deny,manual,210.63,0.0,100.3,True,False,lb,0.0,https://cdn.shopify.com/s/files/1/0785/1504/4639/files/vivid_mosaic_no3_canvas-black_frame_24x36_d04cde10-9fcf-4fee-8cd4-17f14301a806.png?v=1713721697,7.0,"Abstract Art, Wall Art, Ready-To-Hang, Vivid Mosaic no3, Mosaic, Frame Size-24x36, Frame Color-Black,Frame Style-Thin Floating Frame, VividWalls, Artwork",https://cdn.shopify.com/s/files/1/0785/1504/4639/files/vivid_mosaic_no3_canvas-black_frame_24x36_d04cde10-9fcf-4fee-8cd4-17f14301a806.png?v=1713721697,,,,,,,,,,,85.0,63.75,15.3,Stretched,100.3,210.63,110.0,24x36,2025-05-29 00:51:14
vivid-mosaic-no3,,,,,,,,,24x36,,White,,Thin Floating Frame,VIVID-MOSAIC-NO3-WHITE-THIN-FLOATING-FRAME-24X36,shopify,deny,manual,244.55,0.0,116.45,True,False,lb,0.0,https://cdn.shopify.com/s/files/1/0785/1504/4639/files/vivid_mosaic_no3_canvas-white_frame_24x36_a2a01077-b09d-400c-a286-5ebf234608ab.png?v=1713721697,8.0,"Abstract Art, Wall Art, Ready-To-Hang, Vivid Mosaic no3, Mosaic, Frame Size-24x36, Frame Color-White,Frame Style-Thin Floating Frame, VividWalls, Artwork",https://cdn.shopify.com/s/files/1/0785/1504/4639/files/vivid_mosaic_no3_canvas-white_frame_24x36_a2a01077-b09d-400c-a286-5ebf234608ab.png?v=1713721697,,,,,,,,,,,85.0,63.75,31.45,Stretched,116.45,244.55,110.0,24x36,2025-05-29 00:51:14
vivid-mosaic-no3,,,,,,,,,24x36,,,,,VIVID-MOSAIC-NO3-NA-NA-24X36,shopify,deny,manual,204.0,0.0,85.0,True,False,lb,0.0,https://cdn.shopify.com/s/files/1/0785/1504/4639/files/vivid_mosaic_no3_canvas-no_frame_24x36_14e24ff3-0007-424e-95fe-54ca9dae87d6.png?v=1713721697,9.0,"Abstract Art, Wall Art, Ready-To-Hang, Vivid Mosaic no3, Mosaic, Frame Size-24x36, Frame Color-NA,Frame Style-Thin Floating Frame, VividWalls, Artwork",https://cdn.shopify.com/s/files/1/0785/1504/4639/files/vivid_mosaic_no3_canvas-no_frame_24x36_14e24ff3-0007-424e-95fe-54ca9dae87d6.png?v=1713721697,,,,,,,,,,,85.0,63.75,0.0,Stretched,85.0,204.0,140.0,24x36,2025-05-29 00:51:14
vivid-mosaic-no4,Vivid Mosaic no4,"<div>
    <p>
        <span>Vivid Mosaic No.4</span> from the <span>Mosaic</span> collection is a visually arresting digital creation by Kingler Bercy. This artwork captures the essence of a mosaic with its crisp geometric shapes and a symphony of colors, each pixel meticulously placed to contribute to the overarching composition.
    </p>
    <p>
        Earthy tones and aquatic blues are arranged in a seemingly three-dimensional space, giving the impression of depth and solidity. This interplay of color and form creates an abstract landscape, an imagined topography that invites the viewer to traverse its peaks and valleys.
    </p>
    <p>
        The textured finish gives 'Vivid Mosaic No.4' a tactile quality that tempts one to reach out and feel the varied surfaces. The artist’s use of light and shadow enhances the piece, suggesting movement and life within the static image. It is a digital homage to the ancient art of mosaic, reimagined for a contemporary audience.
    </p>
    <p style=""text-align: right; margin-top: 20px; font-style: italic;"">
        ""Crafting digital depth with a nod to antiquity."" - Artist: Kingler Bercy
    </p>
</div>
<div>
    <div style=""display: flex; flex-wrap: wrap; gap: 10px; justify-content: start;"">
        <span style=""display: inline-block; font-size: 16px; border-radius: 20px; background-color: #f1f1f1; padding: 3px 10px;"">Digital Mosaic</span>
        <span style=""display: inline-block; font-size: 16px; border-radius: 20px; background-color: #f1f1f1; padding: 3px 10px;"">Abstract Landscape</span>
        <span style=""display: inline-block; font-size: 16px; border-radius: 20px; background-color: #f1f1f1; padding: 3px 10px;"">Geometric Design</span>
        <span style=""display: inline-block; font-size: 16px; border-radius: 20px; background-color: #f1f1f1; padding: 3px 10px;"">Color Dynamics</span>
        <span style=""display: inline-block; font-size: 16px; border-radius: 20px; background-color: #f1f1f1; padding: 3px 10px;"">Mosaic Collection</span>
        <span style=""display: inline-block; font-size: 16px; border-radius: 20px; background-color: #f1f1f1; padding: 3px 10px;"">Kingler Bercy</span>
    </div>
</div>
",VividWalls,Home & Garden > Decor > Artwork,Artwork,Mosaic,True,Frame Size,53x72,Frame Color,Black,Frame Style,Thin Floating Frame,VIVID-MOSAIC-NO7-BLACK-THIN-FLOATING-FRAME-53X72,shopify,deny,manual,579.99,,305.26,True,False,lb,0.0,https://cdn.shopify.com/s/files/1/0785/1504/4639/files/vivid_mosaic_no4_canvas-black_frame_48x72_3631ecb2-d10b-4fd5-b12f-731abeeac2f9.png?v=1713721667,1.0,"Abstract Art, Wall Art, Ready-To-Hang, Vivid Mosaic no4, Mosaic, Frame Size-53x72, Frame Color-Black,Frame Style-Thin Floating Frame, VividWalls, Artwork",https://cdn.shopify.com/s/files/1/0785/1504/4639/files/vivid_mosaic_no4_canvas-black_frame_48x72_3631ecb2-d10b-4fd5-b12f-731abeeac2f9.png?v=1713721667,"Abstract Art, Wall Art, Ready-To-Hang, Collection Mosaic Vivid Mosaic no4 53x72, Black Frame Artwork",,False,True,,,True,,,active,289.96,217.47,15.3,Stretched,305.26,579.99,90.0,53x72 (estimated),2025-05-29 00:51:14
vivid-mosaic-no4,,,,,,,,,53x72,,White,,Thin Floating Frame,VIVID-MOSAIC-NO7-WHITE-THIN-FLOATING-FRAME-53X72,shopify,deny,manual,610.68,,321.41,True,False,lb,0.0,https://cdn.shopify.com/s/files/1/0785/1504/4639/files/vivid_mosaic_no4_canvas-white_frame_48x72_ddaefc61-1983-4ecf-bf44-1f514192dfa4.png?v=1713721667,2.0,"Abstract Art, Wall Art, Ready-To-Hang, Vivid Mosaic no4, Mosaic, Frame Size-53x72, Frame Color-White,Frame Style-Thin Floating Frame, VividWalls, Artwork",https://cdn.shopify.com/s/files/1/0785/1504/4639/files/vivid_mosaic_no4_canvas-white_frame_48x72_ddaefc61-1983-4ecf-bf44-1f514192dfa4.png?v=1713721667,,,,,,,,,,,289.96,217.47,31.45,Stretched,321.41,610.68,90.0,53x72 (estimated),2025-05-29 00:51:14
vivid-mosaic-no4,,,,,,,,,53x72,,,,,VIVID-MOSAIC-NO7-NA-NA-53X72,shopify,deny,manual,550.92,,289.96,True,False,lb,0.0,https://cdn.shopify.com/s/files/1/0785/1504/4639/files/vivid_mosaic_no4_canvas-no_frame_48x72_f21e4433-2ea1-479f-99d3-39379475d7d9.png?v=1713721667,3.0,"Abstract Art, Wall Art, Ready-To-Hang, Vivid Mosaic no4, Mosaic, Frame Size-53x72, Frame Color-NA,Frame Style-Thin Floating Frame, VividWalls, Artwork",https://cdn.shopify.com/s/files/1/0785/1504/4639/files/vivid_mosaic_no4_canvas-no_frame_48x72_f21e4433-2ea1-479f-99d3-39379475d7d9.png?v=1713721667,,,,,,,,,,,289.96,217.47,0.0,Stretched,289.96,550.92,90.0,53x72 (estimated),2025-05-29 00:51:14
vivid-mosaic-no4,,,,,,,,,36x48,,Black,,Thin Floating Frame,VIVID-MOSAIC-NO7-BLACK-THIN-FLOATING-FRAME-36X48,shopify,deny,manual,348.07,,165.75,True,False,lb,0.0,https://cdn.shopify.com/s/files/1/0785/1504/4639/files/vivid_mosaic_no4_canvas-black_frame_36x48_9744919c-4b7c-48b3-ab68-37fe7b4c2e6e.png?v=1713721667,4.0,"Abstract Art, Wall Art, Ready-To-Hang, Vivid Mosaic no4, Mosaic, Frame Size-36x48, Frame Color-Black,Frame Style-Thin Floating Frame, VividWalls, Artwork",https://cdn.shopify.com/s/files/1/0785/1504/4639/files/vivid_mosaic_no4_canvas-black_frame_36x48_9744919c-4b7c-48b3-ab68-37fe7b4c2e6e.png?v=1713721667,,,,,,,,,,,150.45,112.84,15.3,Stretched,165.75,348.07,110.0,36x48,2025-05-29 00:51:14
vivid-mosaic-no4,,,,,,,,,36x48,,White,,Thin Floating Frame,VIVID-MOSAIC-NO7-WHITE-THIN-FLOATING-FRAME-36X48,shopify,deny,manual,381.99,,181.9,True,False,lb,0.0,https://cdn.shopify.com/s/files/1/0785/1504/4639/files/vivid_mosaic_no4_canvas-white_frame_36x48_e02e6de4-aa70-4008-8916-6c84c8a5a2f4.png?v=1713721667,5.0,"Abstract Art, Wall Art, Ready-To-Hang, Vivid Mosaic no4, Mosaic, Frame Size-36x48, Frame Color-White,Frame Style-Thin Floating Frame, VividWalls, Artwork",https://cdn.shopify.com/s/files/1/0785/1504/4639/files/vivid_mosaic_no4_canvas-white_frame_36x48_e02e6de4-aa70-4008-8916-6c84c8a5a2f4.png?v=1713721667,,,,,,,,,,,150.45,112.84,31.45,Stretched,181.9,381.99,110.0,36x48,2025-05-29 00:51:14
vivid-mosaic-no4,,,,,,,,,36x48,,,,,VIVID-MOSAIC-NO7-NA-NA-36X48,shopify,deny,manual,315.94,,150.45,True,False,lb,0.0,https://cdn.shopify.com/s/files/1/0785/1504/4639/files/vivid_mosaic_no4_canvas-no_frame_36x48_73fbfbcb-24d3-491d-8ec7-b70efaadf483.png?v=1713721667,6.0,"Abstract Art, Wall Art, Ready-To-Hang, Vivid Mosaic no4, Mosaic, Frame Size-36x48, Frame Color-NA,Frame Style-Thin Floating Frame, VividWalls, Artwork",https://cdn.shopify.com/s/files/1/0785/1504/4639/files/vivid_mosaic_no4_canvas-no_frame_36x48_73fbfbcb-24d3-491d-8ec7-b70efaadf483.png?v=1713721667,,,,,,,,,,,150.45,112.84,0.0,Stretched,150.45,315.94,110.0,36x48,2025-05-29 00:51:14
vivid-mosaic-no4,,,,,,,,,24x36,,Black,,Thin Floating Frame,VIVID-MOSAIC-NO7-BLACK-THIN-FLOATING-FRAME-24X36,shopify,deny,manual,210.63,,100.3,True,False,lb,0.0,https://cdn.shopify.com/s/files/1/0785/1504/4639/files/vivid_mosaic_no4_canvas-black_frame_24x36_8f9dbd7e-9caa-4f5f-83fc-3d8364990730.png?v=1713721668,7.0,"Abstract Art, Wall Art, Ready-To-Hang, Vivid Mosaic no4, Mosaic, Frame Size-24x36, Frame Color-Black,Frame Style-Thin Floating Frame, VividWalls, Artwork",https://cdn.shopify.com/s/files/1/0785/1504/4639/files/vivid_mosaic_no4_canvas-black_frame_24x36_8f9dbd7e-9caa-4f5f-83fc-3d8364990730.png?v=1713721668,,,,,,,,,,,85.0,63.75,15.3,Stretched,100.3,210.63,110.0,24x36,2025-05-29 00:51:14
vivid-mosaic-no4,,,,,,,,,24x36,,White,,Thin Floating Frame,VIVID-MOSAIC-NO7-WHITE-THIN-FLOATING-FRAME-24X36,shopify,deny,manual,244.55,,116.45,True,False,lb,0.0,https://cdn.shopify.com/s/files/1/0785/1504/4639/files/vivid_mosaic_no4_canvas-white_frame_24x36_fab45daf-9772-4e86-a7f6-7dd5da9eecea.png?v=1713721668,8.0,"Abstract Art, Wall Art, Ready-To-Hang, Vivid Mosaic no4, Mosaic, Frame Size-24x36, Frame Color-White,Frame Style-Thin Floating Frame, VividWalls, Artwork",https://cdn.shopify.com/s/files/1/0785/1504/4639/files/vivid_mosaic_no4_canvas-white_frame_24x36_fab45daf-9772-4e86-a7f6-7dd5da9eecea.png?v=1713721668,,,,,,,,,,,85.0,63.75,31.45,Stretched,116.45,244.55,110.0,24x36,2025-05-29 00:51:14
vivid-mosaic-no4,,,,,,,,,24x36,,,,,VIVID-MOSAIC-NO7-NA-NA-24X36,shopify,deny,manual,204.0,,85.0,True,False,lb,0.0,https://cdn.shopify.com/s/files/1/0785/1504/4639/files/vivid_mosaic_no4_canvas-no_frame_24x36_4c6e0c0e-6589-4356-bf19-2cb9d82ddfd1.png?v=1713721668,9.0,"Abstract Art, Wall Art, Ready-To-Hang, Vivid Mosaic no4, Mosaic, Frame Size-24x36, Frame Color-NA,Frame Style-Thin Floating Frame, VividWalls, Artwork",https://cdn.shopify.com/s/files/1/0785/1504/4639/files/vivid_mosaic_no4_canvas-no_frame_24x36_4c6e0c0e-6589-4356-bf19-2cb9d82ddfd1.png?v=1713721668,,,,,,,,,,,85.0,63.75,0.0,Stretched,85.0,204.0,140.0,24x36,2025-05-29 00:51:14
vivid-mosaic-no7,Vivid Mosaic no7,"<div>
 <span>Vivid Mosaic no7</span> from the <span>Mosaic</span> collection is an abstract artwork full of vitality and color. It displays a complex overlay of geometric shapes in a diverse color palette, including deep blues, rich browns, and vibrant splashes of pink, teal, and yellow. The shapes seem to interlock and layer over each other, giving the piece a textured and multidimensional appearance. This artwork brings together the structured order of geometric forms with the free-spirited essence of vivid colors, making it an eye-catching addition to any space.
<p style=""text-align: right; margin-top: 20px; font-style: italic;"">""Shades of silence in a digital realm."" - Artist: Kingler Bercy</p>
</div>
<div>
<div style=""display: flex; flex-wrap: wrap; gap: 10px; justify-content: start;"">
        <span style=""display: inline-block; font-size: 16px; border-radius: 20px; background-color: #f1f1f1; padding: 3px 10px;"">Abstract Art</span>
        <span style=""display: inline-block; font-size: 16px; border-radius: 20px; background-color: #f1f1f1; padding: 3px 10px;"">Vivid Colors</span>
        <span style=""display: inline-block; font-size: 16px; border-radius: 20px; background-color: #f1f1f1; padding: 3px 10px;"">Geometric Design</span>
        <span style=""display: inline-block; font-size: 16px; border-radius: 20px; background-color: #f1f1f1; padding: 3px 10px;"">Modern Mosaic</span>
        <span style=""display: inline-block; font-size: 16px; border-radius: 20px; background-color: #f1f1f1; padding: 3px 10px;"">Textured Effect</span>
        <span style=""display: inline-block; font-size: 16px; border-radius: 20px; background-color: #f1f1f1; padding: 3px 10px;"">Contemporary Art</span>
        <span style=""display: inline-block; font-size: 16px; border-radius: 20px; background-color: #f1f1f1; padding: 3px 10px;"">Dynamic Shapes</span>
        <span style=""display: inline-block; font-size: 16px; border-radius: 20px; background-color: #f1f1f1; padding: 3px 10px;"">Home Decor</span>
        <span style=""display: inline-block; font-size: 16px; border-radius: 20px; background-color: #f1f1f1; padding: 3px 10px;"">Gallery Quality</span>
        <span style=""display: inline-block; font-size: 16px; border-radius: 20px; background-color: #f1f1f1; padding: 3px 10px;"">Decorative Art</span>
        <span style=""display: inline-block; font-size: 16px; border-radius: 20px; background-color: #f1f1f1; padding: 3px 10px;"">Wall Art</span>
    </div>
</div>",VividWalls,Home & Garden > Decor > Artwork,Artwork,Mosaic,True,Frame Size,53x72,Frame Color,Black,Frame Style,Thin Floating Frame,VIVID-MOSAIC-NO7-BLACK-THIN-FLOATING-FRAME-53X72,shopify,deny,manual,579.99,,305.26,True,False,lb,0.0,https://cdn.shopify.com/s/files/1/0785/1504/4639/files/Vivid_Mosaic_no0_Black_frame_53x72_4a734b72-fb7c-4cf5-b079-bc4b7fc1d286.png?v=1713721642,1.0,"Abstract Art, Wall Art, Ready-To-Hang, Vivid Mosaic no7, Mosaic, Frame Size-53x72, Frame Color-Black,Frame Style-Thin Floating Frame, VividWalls, Artwork",https://cdn.shopify.com/s/files/1/0785/1504/4639/files/Vivid_Mosaic_no0_Black_frame_53x72_4a734b72-fb7c-4cf5-b079-bc4b7fc1d286.png?v=1713721642,"Abstract Art, Wall Art, Ready-To-Hang, Collection Mosaic Vivid Mosaic no7 53x72, Black Frame Artwork",,False,True,,,True,,,active,289.96,217.47,15.3,Stretched,305.26,579.99,90.0,53x72 (estimated),2025-05-29 00:51:14
vivid-mosaic-no7,,,,,,,,,53x72,,White,,Thin Floating Frame,VIVID-MOSAIC-NO7-WHITE-THIN-FLOATING-FRAME-53X72,shopify,deny,manual,610.68,,321.41,True,False,lb,0.0,https://cdn.shopify.com/s/files/1/0785/1504/4639/files/Vivid_Mosaic_no0_white_frame_53x72_6dcbe6d9-a0bc-4320-96b7-ce59d5bd986c.png?v=1713721642,2.0,"Abstract Art, Wall Art, Ready-To-Hang, Vivid Mosaic no7, Mosaic, Frame Size-53x72, Frame Color-White,Frame Style-Thin Floating Frame, VividWalls, Artwork",https://cdn.shopify.com/s/files/1/0785/1504/4639/files/Vivid_Mosaic_no0_white_frame_53x72_6dcbe6d9-a0bc-4320-96b7-ce59d5bd986c.png?v=1713721642,,,,,,,,,,,289.96,217.47,31.45,Stretched,321.41,610.68,90.0,53x72 (estimated),2025-05-29 00:51:14
vivid-mosaic-no7,,,,,,,,,53x72,,,,,VIVID-MOSAIC-NO7-NA-NA-53X72,shopify,deny,manual,550.92,,289.96,True,False,lb,0.0,https://cdn.shopify.com/s/files/1/0785/1504/4639/files/Vivid_Mosaic_no0_No_Frame_53x72_5d574ee9-1dfe-4eca-9118-9a51ce9a3be5.png?v=1713721642,3.0,"Abstract Art, Wall Art, Ready-To-Hang, Vivid Mosaic no7, Mosaic, Frame Size-53x72, Frame Color-NA,Frame Style-Thin Floating Frame, VividWalls, Artwork",https://cdn.shopify.com/s/files/1/0785/1504/4639/files/Vivid_Mosaic_no0_No_Frame_53x72_5d574ee9-1dfe-4eca-9118-9a51ce9a3be5.png?v=1713721642,,,,,,,,,,,289.96,217.47,0.0,Stretched,289.96,550.92,90.0,53x72 (estimated),2025-05-29 00:51:14
vivid-mosaic-no7,,,,,,,,,36x48,,Black,,Thin Floating Frame,VIVID-MOSAIC-NO7-BLACK-THIN-FLOATING-FRAME-36X48,shopify,deny,manual,348.07,,165.75,True,False,lb,0.0,https://cdn.shopify.com/s/files/1/0785/1504/4639/files/Vivid_Mosaic_no0_Black_Frame_36x48_aa033fe8-15cd-41be-b4fa-9079fa7481f8.png?v=1713721642,4.0,"Abstract Art, Wall Art, Ready-To-Hang, Vivid Mosaic no7, Mosaic, Frame Size-36x48, Frame Color-Black,Frame Style-Thin Floating Frame, VividWalls, Artwork",https://cdn.shopify.com/s/files/1/0785/1504/4639/files/Vivid_Mosaic_no0_Black_Frame_36x48_aa033fe8-15cd-41be-b4fa-9079fa7481f8.png?v=1713721642,,,,,,,,,,,150.45,112.84,15.3,Stretched,165.75,348.07,110.0,36x48,2025-05-29 00:51:14
vivid-mosaic-no7,,,,,,,,,36x48,,White,,Thin Floating Frame,VIVID-MOSAIC-NO7-WHITE-THIN-FLOATING-FRAME-36X48,shopify,deny,manual,381.99,,181.9,True,False,lb,0.0,https://cdn.shopify.com/s/files/1/0785/1504/4639/files/Vivid_Mosaic_no0_white_frame_36x48_10a4e48e-4530-48d3-a5ba-eb4fa73273ca.png?v=1713721642,5.0,"Abstract Art, Wall Art, Ready-To-Hang, Vivid Mosaic no7, Mosaic, Frame Size-36x48, Frame Color-White,Frame Style-Thin Floating Frame, VividWalls, Artwork",https://cdn.shopify.com/s/files/1/0785/1504/4639/files/Vivid_Mosaic_no0_white_frame_36x48_10a4e48e-4530-48d3-a5ba-eb4fa73273ca.png?v=1713721642,,,,,,,,,,,150.45,112.84,31.45,Stretched,181.9,381.99,110.0,36x48,2025-05-29 00:51:14
vivid-mosaic-no7,,,,,,,,,36x48,,,,,VIVID-MOSAIC-NO7-NA-NA-36X48,shopify,deny,manual,315.94,,150.45,True,False,lb,0.0,https://cdn.shopify.com/s/files/1/0785/1504/4639/files/Vivid_Mosaic_no0_No_frame_36x48_67566827-80fc-4d08-be47-123fb09219e0.png?v=1713721642,6.0,"Abstract Art, Wall Art, Ready-To-Hang, Vivid Mosaic no7, Mosaic, Frame Size-36x48, Frame Color-NA,Frame Style-Thin Floating Frame, VividWalls, Artwork",https://cdn.shopify.com/s/files/1/0785/1504/4639/files/Vivid_Mosaic_no0_No_frame_36x48_67566827-80fc-4d08-be47-123fb09219e0.png?v=1713721642,,,,,,,,,,,150.45,112.84,0.0,Stretched,150.45,315.94,110.0,36x48,2025-05-29 00:51:14
vivid-mosaic-no7,,,,,,,,,24x36,,Black,,Thin Floating Frame,VIVID-MOSAIC-NO7-BLACK-THIN-FLOATING-FRAME-24X36,shopify,deny,manual,210.63,,100.3,True,False,lb,0.0,https://cdn.shopify.com/s/files/1/0785/1504/4639/files/Vivid_Mosaic_no0_Black_frame_24x36_308fd5f5-7294-4009-ad0c-e314eec2a271.png?v=1713721642,7.0,"Abstract Art, Wall Art, Ready-To-Hang, Vivid Mosaic no7, Mosaic, Frame Size-24x36, Frame Color-Black,Frame Style-Thin Floating Frame, VividWalls, Artwork",https://cdn.shopify.com/s/files/1/0785/1504/4639/files/Vivid_Mosaic_no0_Black_frame_24x36_308fd5f5-7294-4009-ad0c-e314eec2a271.png?v=1713721642,,,,,,,,,,,85.0,63.75,15.3,Stretched,100.3,210.63,110.0,24x36,2025-05-29 00:51:14
vivid-mosaic-no7,,,,,,,,,24x36,,White,,Thin Floating Frame,VIVID-MOSAIC-NO7-WHITE-THIN-FLOATING-FRAME-24X36,shopify,deny,manual,244.55,,116.45,True,False,lb,0.0,https://cdn.shopify.com/s/files/1/0785/1504/4639/files/Vivid_Mosaic_no0_white_frame_24x36_63f3ad00-58b7-4048-9c3f-510552fa793b.png?v=1713721642,8.0,"Abstract Art, Wall Art, Ready-To-Hang, Vivid Mosaic no7, Mosaic, Frame Size-24x36, Frame Color-White,Frame Style-Thin Floating Frame, VividWalls, Artwork",https://cdn.shopify.com/s/files/1/0785/1504/4639/files/Vivid_Mosaic_no0_white_frame_24x36_63f3ad00-58b7-4048-9c3f-510552fa793b.png?v=1713721642,,,,,,,,,,,85.0,63.75,31.45,Stretched,116.45,244.55,110.0,24x36,2025-05-29 00:51:14
vivid-mosaic-no7,,,,,,,,,24x36,,,,,VIVID-MOSAIC-NO7-NA-NA-24X36,shopify,deny,manual,204.0,,85.0,True,False,lb,0.0,https://cdn.shopify.com/s/files/1/0785/1504/4639/files/Vivid_Mosaic_no0_No_frame_24x36_77a61cda-e282-43d2-b3e7-00a06489e638.png?v=1713721642,9.0,"Abstract Art, Wall Art, Ready-To-Hang, Vivid Mosaic no7, Mosaic, Frame Size-24x36, Frame Color-NA,Frame Style-Thin Floating Frame, VividWalls, Artwork",https://cdn.shopify.com/s/files/1/0785/1504/4639/files/Vivid_Mosaic_no0_No_frame_24x36_77a61cda-e282-43d2-b3e7-00a06489e638.png?v=1713721642,,,,,,,,,,,85.0,63.75,0.0,Stretched,85.0,204.0,140.0,24x36,2025-05-29 00:51:14
noir-mosaic-no1,Noir Mosaic no1,"<div>
    <p>
        <span>Noir Mosaic No.1</span> from the <span>Mosaic</span> collection is a Kingler Bercy piece that plays with the profound simplicity of the monochrome. The artwork speaks in the language of shadows, with each black and white segment crafting a narrative of contrast and convergence.
    </p>
    <p>
        The mosaic is composed of layered geometric figures that give the illusion of depth, suggesting a metaphorical journey through light and darkness. This visual exploration of space is accentuated by the subtle gradations of grey, which add a soft complexity to the otherwise stark juxtapositions.
    </p>
    <p>
        Through 'Noir Mosaic No.1,' the artist brings a minimalist sensibility to the digital canvas, allowing shapes and tones to coalesce into a cohesive whole. The work invites reflection on the interplay of absence and presence, where negative space is as significant as the forms that fill it.
    </p>
    <p style=""text-align: right; margin-top: 20px; font-style: italic;"">
        ""Eloquent silences within digital geometries."" - Artist: Kingler Bercy
    </p>
</div>
<div>
    <div style=""display: flex; flex-wrap: wrap; gap: 10px; justify-content: start;"">
        <span style=""display: inline-block; font-size: 16px; border-radius: 20px; background-color: #f1f1f1; padding: 3px 10px;"">Monochrome Artwork</span>
        <span style=""display: inline-block; font-size: 16px; border-radius: 20px; background-color: #f1f1f1; padding: 3px 10px;"">Negative Space</span>
        <span style=""display: inline-block; font-size: 16px; border-radius: 20px; background-color: #f1f1f1; padding: 3px 10px;"">Abstract Geometry</span>
        <span style=""display: inline-block; font-size: 16px; border-radius: 20px; background-color: #f1f1f1; padding: 3px 10px;"">Minimalist Design</span>
        <span style=""display: inline-block; font-size: 16px; border-radius: 20px; background-color: #f1f1f1; padding: 3px 10px;"">Digital Mosaic</span>
        <span style=""display: inline-block; font-size: 16px; border-radius: 20px; background-color: #f1f1f1; padding: 3px 10px;"">Mosaic Collection</span>
        <span style=""display: inline-block; font-size: 16px; border-radius: 20px; background-color: #f1f1f1; padding: 3px 10px;"">Kingler Bercy</span>
    </div>
</div>
",VividWalls,Home & Garden > Decor > Artwork,Artwork,Mosaic,True,Frame Size,53x72,Frame Color,Black,Frame Style,Thin Floating Frame,NOIR-MOSAIC-NO1-BLACK-THIN-FLOATING-FRAME-53X72,shopify,deny,manual,579.99,,305.26,True,False,lb,0.0,https://cdn.shopify.com/s/files/1/0785/1504/4639/files/noir_mosaic-no1-black_frame_53x72_347eb073-51e8-4580-9512-baf9bc34e7d8.png?v=1713721613,1.0,"Abstract Art, Wall Art, Ready-To-Hang, Noir Mosaic no1, Mosaic, Frame Size-53x72, Frame Color-Black,Frame Style-Thin Floating Frame, VividWalls, Artwork",https://cdn.shopify.com/s/files/1/0785/1504/4639/files/noir_mosaic-no1-black_frame_53x72_347eb073-51e8-4580-9512-baf9bc34e7d8.png?v=1713721613,"Abstract Art, Wall Art, Ready-To-Hang, Collection Mosaic Noir Mosaic no1 53x72, Black Frame Artwork",,False,True,,,True,,,active,289.96,217.47,15.3,Stretched,305.26,579.99,90.0,53x72 (estimated),2025-05-29 00:51:14
noir-mosaic-no1,,,,,,,,,53x72,,White,,Thin Floating Frame,NOIR-MOSAIC-NO1-WHITE-THIN-FLOATING-FRAME-53X72,shopify,deny,manual,610.68,,321.41,True,False,lb,0.0,https://cdn.shopify.com/s/files/1/0785/1504/4639/files/noir_mosaic-no1-white_frame_53x72_166a58ac-d7bf-43d2-a0af-dafeb2620f48.png?v=1713721613,2.0,"Abstract Art, Wall Art, Ready-To-Hang, Noir Mosaic no1, Mosaic, Frame Size-53x72, Frame Color-White,Frame Style-Thin Floating Frame, VividWalls, Artwork",https://cdn.shopify.com/s/files/1/0785/1504/4639/files/noir_mosaic-no1-white_frame_53x72_166a58ac-d7bf-43d2-a0af-dafeb2620f48.png?v=1713721613,,,,,,,,,,,289.96,217.47,31.45,Stretched,321.41,610.68,90.0,53x72 (estimated),2025-05-29 00:51:14
noir-mosaic-no1,,,,,,,,,53x72,,,,,NOIR-MOSAIC-NO1-NA-NA-53X72,shopify,deny,manual,550.92,,289.96,True,False,lb,0.0,https://cdn.shopify.com/s/files/1/0785/1504/4639/files/noir_mosaic-no1-no_frame_53x72_6a14b85a-6097-4a53-b637-a6248ca015d9.png?v=1713721613,3.0,"Abstract Art, Wall Art, Ready-To-Hang, Noir Mosaic no1, Mosaic, Frame Size-53x72, Frame Color-NA,Frame Style-Thin Floating Frame, VividWalls, Artwork",https://cdn.shopify.com/s/files/1/0785/1504/4639/files/noir_mosaic-no1-no_frame_53x72_6a14b85a-6097-4a53-b637-a6248ca015d9.png?v=1713721613,,,,,,,,,,,289.96,217.47,0.0,Stretched,289.96,550.92,90.0,53x72 (estimated),2025-05-29 00:51:14
noir-mosaic-no1,,,,,,,,,36x48,,Black,,Thin Floating Frame,NOIR-MOSAIC-NO1-BLACK-THIN-FLOATING-FRAME-36X48,shopify,deny,manual,348.07,,165.75,True,False,lb,0.0,https://cdn.shopify.com/s/files/1/0785/1504/4639/files/Noir_Mosaic-no1-Black_Frame_36x48_a9033ff4-02a3-4adc-ac23-3e893336307d.png?v=1713721613,4.0,"Abstract Art, Wall Art, Ready-To-Hang, Noir Mosaic no1, Mosaic, Frame Size-36x48, Frame Color-Black,Frame Style-Thin Floating Frame, VividWalls, Artwork",https://cdn.shopify.com/s/files/1/0785/1504/4639/files/Noir_Mosaic-no1-Black_Frame_36x48_a9033ff4-02a3-4adc-ac23-3e893336307d.png?v=1713721613,,,,,,,,,,,150.45,112.84,15.3,Stretched,165.75,348.07,110.0,36x48,2025-05-29 00:51:14
noir-mosaic-no1,,,,,,,,,36x48,,White,,Thin Floating Frame,NOIR-MOSAIC-NO1-WHITE-THIN-FLOATING-FRAME-36X48,shopify,deny,manual,381.99,,181.9,True,False,lb,0.0,https://cdn.shopify.com/s/files/1/0785/1504/4639/files/Noir_Mosaic-no1-White_Frame_36x48_191da637-0af2-49b8-934b-cc59e60cdcf6.png?v=1713721613,5.0,"Abstract Art, Wall Art, Ready-To-Hang, Noir Mosaic no1, Mosaic, Frame Size-36x48, Frame Color-White,Frame Style-Thin Floating Frame, VividWalls, Artwork",https://cdn.shopify.com/s/files/1/0785/1504/4639/files/Noir_Mosaic-no1-White_Frame_36x48_191da637-0af2-49b8-934b-cc59e60cdcf6.png?v=1713721613,,,,,,,,,,,150.45,112.84,31.45,Stretched,181.9,381.99,110.0,36x48,2025-05-29 00:51:14
noir-mosaic-no1,,,,,,,,,36x48,,,,,NOIR-MOSAIC-NO1-NA-NA-36X48,shopify,deny,manual,315.94,,150.45,True,False,lb,0.0,https://cdn.shopify.com/s/files/1/0785/1504/4639/files/Noir_Mosaic-no1-No_Frame_36x48_6bb04b5d-f77a-4664-8be6-7e0297cbe4da.png?v=1713721613,6.0,"Abstract Art, Wall Art, Ready-To-Hang, Noir Mosaic no1, Mosaic, Frame Size-36x48, Frame Color-NA,Frame Style-Thin Floating Frame, VividWalls, Artwork",https://cdn.shopify.com/s/files/1/0785/1504/4639/files/Noir_Mosaic-no1-No_Frame_36x48_6bb04b5d-f77a-4664-8be6-7e0297cbe4da.png?v=1713721613,,,,,,,,,,,150.45,112.84,0.0,Stretched,150.45,315.94,110.0,36x48,2025-05-29 00:51:14
noir-mosaic-no1,,,,,,,,,24x36,,Black,,Thin Floating Frame,NOIR-MOSAIC-NO1-BLACK-THIN-FLOATING-FRAME-24X36,shopify,deny,manual,210.63,,100.3,True,False,lb,0.0,https://cdn.shopify.com/s/files/1/0785/1504/4639/files/Noir_Mosaic-no1-Black_Frame_24x36_10b76ff0-4d1f-4650-9c18-254cfdafff62.png?v=1713721613,7.0,"Abstract Art, Wall Art, Ready-To-Hang, Noir Mosaic no1, Mosaic, Frame Size-24x36, Frame Color-Black,Frame Style-Thin Floating Frame, VividWalls, Artwork",https://cdn.shopify.com/s/files/1/0785/1504/4639/files/Noir_Mosaic-no1-Black_Frame_24x36_10b76ff0-4d1f-4650-9c18-254cfdafff62.png?v=1713721613,,,,,,,,,,,85.0,63.75,15.3,Stretched,100.3,210.63,110.0,24x36,2025-05-29 00:51:14
noir-mosaic-no1,,,,,,,,,24x36,,White,,Thin Floating Frame,NOIR-MOSAIC-NO1-WHITE-THIN-FLOATING-FRAME-24X36,shopify,deny,manual,244.55,,116.45,True,False,lb,0.0,https://cdn.shopify.com/s/files/1/0785/1504/4639/files/Noir_Mosaic-no1-White_Frame_24x36_593a2010-0f55-4172-a064-d32ac6ea31a3.png?v=1713721613,8.0,"Abstract Art, Wall Art, Ready-To-Hang, Noir Mosaic no1, Mosaic, Frame Size-24x36, Frame Color-White,Frame Style-Thin Floating Frame, VividWalls, Artwork",https://cdn.shopify.com/s/files/1/0785/1504/4639/files/Noir_Mosaic-no1-White_Frame_24x36_593a2010-0f55-4172-a064-d32ac6ea31a3.png?v=1713721613,,,,,,,,,,,85.0,63.75,31.45,Stretched,116.45,244.55,110.0,24x36,2025-05-29 00:51:14
noir-mosaic-no1,,,,,,,,,24x36,,,,,NOIR-MOSAIC-NO1-NA-NA-24X36,shopify,deny,manual,204.0,,85.0,True,False,lb,0.0,https://cdn.shopify.com/s/files/1/0785/1504/4639/files/Noir_Mosaic-no1-No_Frame_24x36_dc6d0c1a-f562-4cef-ac44-d55234d5b6b9.png?v=1713721613,9.0,"Abstract Art, Wall Art, Ready-To-Hang, Noir Mosaic no1, Mosaic, Frame Size-24x36, Frame Color-NA,Frame Style-Thin Floating Frame, VividWalls, Artwork",https://cdn.shopify.com/s/files/1/0785/1504/4639/files/Noir_Mosaic-no1-No_Frame_24x36_dc6d0c1a-f562-4cef-ac44-d55234d5b6b9.png?v=1713721613,,,,,,,,,,,85.0,63.75,0.0,Stretched,85.0,204.0,140.0,24x36,2025-05-29 00:51:14
noir-mosaic-no2,Noir Mosaic no2,"<div>
    <p>
        <span>Noir Mosaic No.2</span> from the <span>Mosaic</span> collection is another striking example of Kingler Bercy’s distinctive approach to digital composition. This artwork is a sophisticated interplay of grayscale, where each shade contributes to a harmonious yet complex whole.
    </p>
    <p>
        Bold blocks of black and white converge in a stark, almost architectural formation, with gradations of gray providing a subtle sense of dimension. The overall effect is one of controlled chaos, as the sharp angles and varying tones create a visual tension that is both arresting and elegantly balanced.
    </p>
    <p>
        The artist's choice of a monochromatic palette emphasizes the interplay of light and form, showcasing his ability to create depth and movement within a restrained color scheme. 'Noir Mosaic No.2' is a modern mosaic that relies on the simplicity of color and the complexity of shape to convey its narrative.
    </p>
    <p style=""text-align: right; margin-top: 20px; font-style: italic;"">
        ""A dance of shadows in digital form."" - Artist: Kingler Bercy
    </p>
</div>
<div>
    <div style=""display: flex; flex-wrap: wrap; gap: 10px; justify-content: start;"">
        <span style=""display: inline-block; font-size: 16px; border-radius: 20px; background-color: #f1f1f1; padding: 3px 10px;"">Monochromatic Art</span>
        <span style=""display: inline-block; font-size: 16px; border-radius: 20px; background-color: #f1f1f1; padding: 3px 10px;"">Abstract Geometry</span>
        <span style=""display: inline-block; font-size: 16px; border-radius: 20px; background-color: #f1f1f1; padding: 3px 10px;"">Grayscale Palette</span>
        <span style=""display: inline-block; font-size: 16px; border-radius: 20px; background-color: #f1f1f1; padding: 3px 10px;"">Digital Mosaic</span>
        <span style=""display: inline-block; font-size: 16px; border-radius: 20px; background-color: #f1f1f1; padding: 3px 10px;"">Mosaic Collection</span>
        <span style=""display: inline-block; font-size: 16px; border-radius: 20px; background-color: #f1f1f1; padding: 3px 10px;"">Kingler Bercy</span>
    </div>
</div>",VividWalls,Home & Garden > Decor > Artwork,Artwork,Mosaic,True,Frame Size,53x72,Frame Color,Black,Frame Style,Thin Floating Frame,NOIR-MOSAIC-NO2-BLACK-THIN-FLOATING-FRAME-53X72,shopify,deny,manual,579.99,,305.26,True,False,lb,0.0,https://cdn.shopify.com/s/files/1/0785/1504/4639/files/noir_mosaic-no2-black_frame_53x72_d0b3069e-9374-494a-a421-35047964bc50.png?v=1713721585,1.0,"Abstract Art, Wall Art, Ready-To-Hang, Noir Mosaic no2, Mosaic, Frame Size-53x72, Frame Color-Black,Frame Style-Thin Floating Frame, VividWalls, Artwork",https://cdn.shopify.com/s/files/1/0785/1504/4639/files/noir_mosaic-no2-black_frame_53x72_d0b3069e-9374-494a-a421-35047964bc50.png?v=1713721585,"Abstract Art, Wall Art, Ready-To-Hang, Collection Mosaic Noir Mosaic no2 53x72, Black Frame Artwork","<div>
    <p>
        <span>Noir Mosaic No.2</span> from the <span>Mosaic</span> collection is another striking example of Kingler Bercy’s distinctive approach to digital composition. This artwork is a sophisticated interplay of grayscale, where each shade contributes to a harmonious yet complex whole.
    </p>
    <p>
        Bold blocks of black and white converge in a stark, almost architectural formation, with gradations of gray providing a subtle sense of dimension. The overall effect is one of controlled chaos, as the sharp angles and varying tones create a visual tension that is both arresting and elegantly balanced.
    </p>
    <p>
        The artist's choice of a monochromatic palette emphasizes the interplay of light and form, showcasing his ability to create depth and movement within a restrained color scheme. 'Noir Mosaic No.2' is a modern mosaic that relies on the simplicity of color and the complexity of shape to convey its narrative.
    </p>
    <p style=""text-align: right; margin-top: 20px; font-style: italic;"">
        ""A dance of shadows in digital form."" - Artist: Kingler Bercy
    </p>
</div>
<div>
    <div style=""display: flex; flex-wrap: wrap; gap: 10px; justify-content: start;"">
        <span style=""display: inline-block; font-size: 16px; border-radius: 20px; background-color: #f1f1f1; padding: 3px 10px;"">Monochromatic Art</span>
        <span style=""display: inline-block; font-size: 16px; border-radius: 20px; background-color: #f1f1f1; padding: 3px 10px;"">Abstract Geometry</span>
        <span style=""display: inline-block; font-size: 16px; border-radius: 20px; background-color: #f1f1f1; padding: 3px 10px;"">Grayscale Palette</span>
        <span style=""display: inline-block; font-size: 16px; border-radius: 20px; background-color: #f1f1f1; padding: 3px 10px;"">Digital Mosaic</span>
        <span style=""display: inline-block; font-size: 16px; border-radius: 20px; background-color: #f1f1f1; padding: 3px 10px;"">Mosaic Collection</span>
        <span style=""display: inline-block; font-size: 16px; border-radius: 20px; background-color: #f1f1f1; padding: 3px 10px;"">Kingler Bercy</span>
    </div>
</di>",False,True,,,True,,,active,289.96,217.47,15.3,Stretched,305.26,579.99,90.0,53x72 (estimated),2025-05-29 00:51:14
noir-mosaic-no2,,,,,,,,,53x72,,White,,Thin Floating Frame,NOIR-MOSAIC-NO2-WHITE-THIN-FLOATING-FRAME-53X72,shopify,deny,manual,610.68,,321.41,True,False,lb,0.0,https://cdn.shopify.com/s/files/1/0785/1504/4639/files/noir_mosaic-no2-white_frame_53x72_f66b4877-ab58-4fbf-bf82-80feaaeb2d4f.png?v=1713721585,2.0,"Abstract Art, Wall Art, Ready-To-Hang, Noir Mosaic no2, Mosaic, Frame Size-53x72, Frame Color-White,Frame Style-Thin Floating Frame, VividWalls, Artwork",https://cdn.shopify.com/s/files/1/0785/1504/4639/files/noir_mosaic-no2-white_frame_53x72_f66b4877-ab58-4fbf-bf82-80feaaeb2d4f.png?v=1713721585,,,,,,,,,,,289.96,217.47,31.45,Stretched,321.41,610.68,90.0,53x72 (estimated),2025-05-29 00:51:14
noir-mosaic-no2,,,,,,,,,53x72,,,,,NOIR-MOSAIC-NO2-NA-NA-53X72,shopify,deny,manual,550.92,,289.96,True,False,lb,0.0,https://cdn.shopify.com/s/files/1/0785/1504/4639/files/noir_mosaic-no2-no_frame_53x72_cb9d7c79-66e3-4ee7-b60f-2c0b8d2fd6b7.png?v=1713721585,3.0,"Abstract Art, Wall Art, Ready-To-Hang, Noir Mosaic no2, Mosaic, Frame Size-53x72, Frame Color-NA,Frame Style-Thin Floating Frame, VividWalls, Artwork",https://cdn.shopify.com/s/files/1/0785/1504/4639/files/noir_mosaic-no2-no_frame_53x72_cb9d7c79-66e3-4ee7-b60f-2c0b8d2fd6b7.png?v=1713721585,,,,,,,,,,,289.96,217.47,0.0,Stretched,289.96,550.92,90.0,53x72 (estimated),2025-05-29 00:51:14
noir-mosaic-no2,,,,,,,,,36x48,,Black,,Thin Floating Frame,NOIR-MOSAIC-NO2-BLACK-THIN-FLOATING-FRAME-36X48,shopify,deny,manual,348.07,,165.75,True,False,lb,0.0,https://cdn.shopify.com/s/files/1/0785/1504/4639/files/Noir_Mosaic-no2-Black_Frame_36x48_84374dac-a33f-4398-9aff-4ef7586297ac.png?v=1713721585,4.0,"Abstract Art, Wall Art, Ready-To-Hang, Noir Mosaic no2, Mosaic, Frame Size-36x48, Frame Color-Black,Frame Style-Thin Floating Frame, VividWalls, Artwork",https://cdn.shopify.com/s/files/1/0785/1504/4639/files/Noir_Mosaic-no2-Black_Frame_36x48_84374dac-a33f-4398-9aff-4ef7586297ac.png?v=1713721585,,,,,,,,,,,150.45,112.84,15.3,Stretched,165.75,348.07,110.0,36x48,2025-05-29 00:51:14
noir-mosaic-no2,,,,,,,,,36x48,,White,,Thin Floating Frame,NOIR-MOSAIC-NO2-WHITE-THIN-FLOATING-FRAME-36X48,shopify,deny,manual,381.99,,181.9,True,False,lb,0.0,https://cdn.shopify.com/s/files/1/0785/1504/4639/files/Noir_Mosaic-no2-White_Frame_36x48_b278cbe8-9033-4e2b-bb1d-6890984f24b7.png?v=1713721585,5.0,"Abstract Art, Wall Art, Ready-To-Hang, Noir Mosaic no2, Mosaic, Frame Size-36x48, Frame Color-White,Frame Style-Thin Floating Frame, VividWalls, Artwork",https://cdn.shopify.com/s/files/1/0785/1504/4639/files/Noir_Mosaic-no2-White_Frame_36x48_b278cbe8-9033-4e2b-bb1d-6890984f24b7.png?v=1713721585,,,,,,,,,,,150.45,112.84,31.45,Stretched,181.9,381.99,110.0,36x48,2025-05-29 00:51:14
noir-mosaic-no2,,,,,,,,,36x48,,,,,NOIR-MOSAIC-NO2-NA-NA-36X48,shopify,deny,manual,315.94,,150.45,True,False,lb,0.0,https://cdn.shopify.com/s/files/1/0785/1504/4639/files/Noir_Mosaic-no2-No_Frame_36x48_7c9aa9b0-b474-4db2-9c87-edbfc7b7492e.png?v=1713721585,6.0,"Abstract Art, Wall Art, Ready-To-Hang, Noir Mosaic no2, Mosaic, Frame Size-36x48, Frame Color-NA,Frame Style-Thin Floating Frame, VividWalls, Artwork",https://cdn.shopify.com/s/files/1/0785/1504/4639/files/Noir_Mosaic-no2-No_Frame_36x48_7c9aa9b0-b474-4db2-9c87-edbfc7b7492e.png?v=1713721585,,,,,,,,,,,150.45,112.84,0.0,Stretched,150.45,315.94,110.0,36x48,2025-05-29 00:51:14
noir-mosaic-no2,,,,,,,,,24x36,,Black,,Thin Floating Frame,NOIR-MOSAIC-NO2-BLACK-THIN-FLOATING-FRAME-24X36,shopify,deny,manual,210.63,,100.3,True,False,lb,0.0,https://cdn.shopify.com/s/files/1/0785/1504/4639/files/Noir_Mosaic-no2-Black_Frame_24x36_00fca823-7b78-40dc-84a4-4a7ba7b09574.png?v=1713721585,7.0,"Abstract Art, Wall Art, Ready-To-Hang, Noir Mosaic no2, Mosaic, Frame Size-24x36, Frame Color-Black,Frame Style-Thin Floating Frame, VividWalls, Artwork",https://cdn.shopify.com/s/files/1/0785/1504/4639/files/Noir_Mosaic-no2-Black_Frame_24x36_00fca823-7b78-40dc-84a4-4a7ba7b09574.png?v=1713721585,,,,,,,,,,,85.0,63.75,15.3,Stretched,100.3,210.63,110.0,24x36,2025-05-29 00:51:14
noir-mosaic-no2,,,,,,,,,24x36,,White,,Thin Floating Frame,NOIR-MOSAIC-NO2-WHITE-THIN-FLOATING-FRAME-24X36,shopify,deny,manual,244.55,,116.45,True,False,lb,0.0,https://cdn.shopify.com/s/files/1/0785/1504/4639/files/Noir_Mosaic-no2-White_Frame_24x36_d2e0a5c2-059c-4056-b41b-3a4cd3bedb7d.png?v=1713721585,8.0,"Abstract Art, Wall Art, Ready-To-Hang, Noir Mosaic no2, Mosaic, Frame Size-24x36, Frame Color-White,Frame Style-Thin Floating Frame, VividWalls, Artwork",https://cdn.shopify.com/s/files/1/0785/1504/4639/files/Noir_Mosaic-no2-White_Frame_24x36_d2e0a5c2-059c-4056-b41b-3a4cd3bedb7d.png?v=1713721585,,,,,,,,,,,85.0,63.75,31.45,Stretched,116.45,244.55,110.0,24x36,2025-05-29 00:51:14
noir-mosaic-no2,,,,,,,,,24x36,,,,,NOIR-MOSAIC-NO2-NA-NA-24X36,shopify,deny,manual,204.0,,85.0,True,False,lb,0.0,https://cdn.shopify.com/s/files/1/0785/1504/4639/files/Noir_Mosaic-no2-No_Frame_24x36_8f456c0b-b6ec-44f7-9c9e-65937caf5217.png?v=1713721585,9.0,"Abstract Art, Wall Art, Ready-To-Hang, Noir Mosaic no2, Mosaic, Frame Size-24x36, Frame Color-NA,Frame Style-Thin Floating Frame, VividWalls, Artwork",https://cdn.shopify.com/s/files/1/0785/1504/4639/files/Noir_Mosaic-no2-No_Frame_24x36_8f456c0b-b6ec-44f7-9c9e-65937caf5217.png?v=1713721585,,,,,,,,,,,85.0,63.75,0.0,Stretched,85.0,204.0,140.0,24x36,2025-05-29 00:51:14
noir-mosaic-no3,Noir Mosaic no3,"<div>
    <p>
        <span>Noir Mosaic No.3</span> from the <span>Mosaic</span> collection, a creation by Kingler Bercy, is a digital homage to the monochromatic spectrum. The interplay of black, white, and grayscale not only defines the space within the composition but also alludes to the shadowed corners of the minimalist aesthetic.
    </p>
    <p>
        This piece is characterized by its architectural precision, where varying tones of blackness overlap and intersect to create an illusion of depth. The stark white shapes serve to both contrast and highlight the darker forms, offering a dramatic sense of balance and tension.
    </p>
    <p>
        'Noir Mosaic No.3' is a powerful example of the artist's mastery in manipulating light and form to convey emotion and narrative without the need for color. It invites contemplation and introspection, much like a somber and sophisticated puzzle waiting to be decoded.
    </p>
    <p style=""text-align: right; margin-top: 20px; font-style: italic;"">
        ""In the depth of monochrome, complexity resides."" - Artist: Kingler Bercy
    </p>
</div>
<div>
    <div style=""display: flex; flex-wrap: wrap; gap: 10px; justify-content: start;"">
        <span style=""display: inline-block; font-size: 16px; border-radius: 20px; background-color: #f1f1f1; padding: 3px 10px;"">Minimalist Art</span>
        <span style=""display: inline-block; font-size: 16px; border-radius: 20px; background-color: #f1f1f1; padding: 3px 10px;"">Monochrome</span>
        <span style=""display: inline-block; font-size: 16px; border-radius: 20px; background-color: #f1f1f1; padding: 3px 10px;"">Geometric Patterns</span>
        <span style=""display: inline-block; font-size: 16px; border-radius: 20px; background-color: #f1f1f1; padding: 3px 10px;"">Digital Mosaic</span>
        <span style=""display: inline-block; font-size: 16px; border-radius: 20px; background-color: #f1f1f1; padding: 3px 10px;"">Mosaic Collection</span>
        <span style=""display: inline-block; font-size: 16px; border-radius: 20px; background-color: #f1f1f1; padding: 3px 10px;"">Kingler Bercy</span>
    </div>
</div>
",VividWalls,Home & Garden > Decor > Artwork,Artwork,Mosaic,True,Frame Size,53x72,Frame Color,Black,Frame Style,Thin Floating Frame,NOIR-MOSAIC-NO3-BLACK-THIN-FLOATING-FRAME-53X72,shopify,deny,manual,579.99,,305.26,True,False,lb,0.0,https://cdn.shopify.com/s/files/1/0785/1504/4639/files/Noir_Mosaic-no3-Black_Frame_53x72_b7eb934d-a49a-41b8-b0d4-8205459dd412.png?v=1713721555,1.0,"Abstract Art, Wall Art, Ready-To-Hang, Noir Mosaic no3, Mosaic, -53x72, Frame Color-Black,Frame Style-Thin Floating Frame, VividWalls, Artwork",https://cdn.shopify.com/s/files/1/0785/1504/4639/files/Noir_Mosaic-no3-Black_Frame_53x72_b7eb934d-a49a-41b8-b0d4-8205459dd412.png?v=1713721555,"Abstract Art, Wall Art, Ready-To-Hang, Collection Mosaic Noir Mosaic no3 53x72, Black Frame Artwork",,False,True,,,True,,,active,289.96,217.47,15.3,Stretched,305.26,579.99,90.0,53x72 (estimated),2025-05-29 00:51:14
noir-mosaic-no3,,,,,,,,,53x72,,White,,Thin Floating Frame,NOIR-MOSAIC-NO3-WHITE-THIN-FLOATING-FRAME-53X72,shopify,deny,manual,610.68,0.0,321.41,True,False,lb,0.0,https://cdn.shopify.com/s/files/1/0785/1504/4639/files/Noir_Mosaic-no3-White_Frame_53x72_78ba6df2-2f04-4bcd-85db-ae1b1bec5f54.png?v=1713721555,2.0,"Abstract Art, Wall Art, Ready-To-Hang, Noir Mosaic no3, Mosaic, -53x72, Frame Color-White,Frame Style-Thin Floating Frame, VividWalls, Artwork",https://cdn.shopify.com/s/files/1/0785/1504/4639/files/Noir_Mosaic-no3-White_Frame_53x72_78ba6df2-2f04-4bcd-85db-ae1b1bec5f54.png?v=1713721555,,,,,,,,,,,289.96,217.47,31.45,Stretched,321.41,610.68,90.0,53x72 (estimated),2025-05-29 00:51:14
noir-mosaic-no3,,,,,,,,,53x72,,,,,NOIR-MOSAIC-NO3-NA-NA-53X72,shopify,deny,manual,550.92,0.0,289.96,True,False,lb,0.0,https://cdn.shopify.com/s/files/1/0785/1504/4639/files/Noir_Mosaic-no3-No_Frame_53x72_935edac9-47d2-43a3-8cfb-fdfbda9d21cb.png?v=1713721555,3.0,"Abstract Art, Wall Art, Ready-To-Hang, Noir Mosaic no3, Mosaic, -53x72, Frame Color-NA,Frame Style-Thin Floating Frame, VividWalls, Artwork",https://cdn.shopify.com/s/files/1/0785/1504/4639/files/Noir_Mosaic-no3-No_Frame_53x72_935edac9-47d2-43a3-8cfb-fdfbda9d21cb.png?v=1713721555,,,,,,,,,,,289.96,217.47,0.0,Stretched,289.96,550.92,90.0,53x72 (estimated),2025-05-29 00:51:14
noir-mosaic-no3,,,,,,,,,36x48,,Black,,Thin Floating Frame,NOIR-MOSAIC-NO3-BLACK-THIN-FLOATING-FRAME-36X48,shopify,deny,manual,348.07,,165.75,True,False,lb,0.0,https://cdn.shopify.com/s/files/1/0785/1504/4639/files/Noir_Mosaic-no3-Black_Frame_36x48_8850dfdc-f5f4-4f11-9e0d-ee7c9220abf8.png?v=1713721555,4.0,"Abstract Art, Wall Art, Ready-To-Hang, Noir Mosaic no3, Mosaic, -36x48, Frame Color-Black,Frame Style-Thin Floating Frame, VividWalls, Artwork",https://cdn.shopify.com/s/files/1/0785/1504/4639/files/Noir_Mosaic-no3-Black_Frame_36x48_8850dfdc-f5f4-4f11-9e0d-ee7c9220abf8.png?v=1713721555,,,,,,,,,,,150.45,112.84,15.3,Stretched,165.75,348.07,110.0,36x48,2025-05-29 00:51:14
noir-mosaic-no3,,,,,,,,,36x48,,White,,,NOIR-MOSAIC-NO3-WHITE-NA-36X48,shopify,deny,manual,381.99,0.0,181.9,True,False,lb,0.0,https://cdn.shopify.com/s/files/1/0785/1504/4639/files/Noir_Mosaic-no3-White_Frame_36x48_e7502c6b-1965-4dfe-aebb-990fd21045ff.png?v=1713721555,5.0,"Abstract Art, Wall Art, Ready-To-Hang, Noir Mosaic no3, Mosaic, -36x48, Frame Color-White,Frame Style-Thin Floating Frame, VividWalls, Artwork",https://cdn.shopify.com/s/files/1/0785/1504/4639/files/Noir_Mosaic-no3-White_Frame_36x48_e7502c6b-1965-4dfe-aebb-990fd21045ff.png?v=1713721555,,,,,,,,,,,150.45,112.84,31.45,Stretched,181.9,381.99,110.0,36x48,2025-05-29 00:51:14
noir-mosaic-no3,,,,,,,,,36x48,,,,Thin Floating Frame,NOIR-MOSAIC-NO3-NA-THIN-FLOATING-FRAME-36X48,shopify,deny,manual,315.94,0.0,150.45,True,False,lb,0.0,https://cdn.shopify.com/s/files/1/0785/1504/4639/files/Noir_Mosaic-no3-No_Frame_36x48_12b85b7b-3b50-47d5-aea1-fe1b1fb551c3.png?v=1713721555,6.0,"Abstract Art, Wall Art, Ready-To-Hang, Noir Mosaic no3, Mosaic, -36x48, Frame Color-NA,Frame Style-Thin Floating Frame, VividWalls, Artwork",https://cdn.shopify.com/s/files/1/0785/1504/4639/files/Noir_Mosaic-no3-No_Frame_36x48_12b85b7b-3b50-47d5-aea1-fe1b1fb551c3.png?v=1713721555,,,,,,,,,,,150.45,112.84,0.0,Stretched,150.45,315.94,110.0,36x48,2025-05-29 00:51:14
noir-mosaic-no3,,,,,,,,,24x36,,Black,,Thin Floating Frame,NOIR-MOSAIC-NO3-BLACK-THIN-FLOATING-FRAME-24X36,shopify,deny,manual,210.63,0.0,100.3,True,False,lb,0.0,https://cdn.shopify.com/s/files/1/0785/1504/4639/files/Noir_Mosaic-no3-Black_Frame_24x36_761454bc-cc7a-4aa6-b1ec-176dacbbf500.png?v=1713721555,7.0,"Abstract Art, Wall Art, Ready-To-Hang, Noir Mosaic no3, Mosaic, -24x36, Frame Color-Black,Frame Style-Thin Floating Frame, VividWalls, Artwork",https://cdn.shopify.com/s/files/1/0785/1504/4639/files/Noir_Mosaic-no3-Black_Frame_24x36_761454bc-cc7a-4aa6-b1ec-176dacbbf500.png?v=1713721555,,,,,,,,,,,85.0,63.75,15.3,Stretched,100.3,210.63,110.0,24x36,2025-05-29 00:51:14
noir-mosaic-no3,,,,,,,,,24x36,,White,,,NOIR-MOSAIC-NO3-WHITE-NA-24X36,shopify,deny,manual,244.55,0.0,116.45,True,False,lb,0.0,https://cdn.shopify.com/s/files/1/0785/1504/4639/files/Noir_Mosaic-no3-White_Frame_24x36_afd9a4f5-f6f7-4ea7-b7fa-ff903790a821.png?v=1713721555,8.0,"Abstract Art, Wall Art, Ready-To-Hang, Noir Mosaic no3, Mosaic, -24x36, Frame Color-White,Frame Style-Thin Floating Frame, VividWalls, Artwork",https://cdn.shopify.com/s/files/1/0785/1504/4639/files/Noir_Mosaic-no3-White_Frame_24x36_afd9a4f5-f6f7-4ea7-b7fa-ff903790a821.png?v=1713721555,,,,,,,,,,,85.0,63.75,31.45,Stretched,116.45,244.55,110.0,24x36,2025-05-29 00:51:14
noir-mosaic-no3,,,,,,,,,24x36,,,,,NOIR-MOSAIC-NO3-NA-NA-24X36,shopify,deny,manual,204.0,0.0,85.0,True,False,lb,0.0,https://cdn.shopify.com/s/files/1/0785/1504/4639/files/Noir_Mosaic-no3-No_Frame_24x36_9384bffc-41b4-4798-b6fc-1c15b4273f99.png?v=1713721555,9.0,"Abstract Art, Wall Art, Ready-To-Hang, Noir Mosaic no3, Mosaic, -24x36, Frame Color-NA,Frame Style-Thin Floating Frame, VividWalls, Artwork",https://cdn.shopify.com/s/files/1/0785/1504/4639/files/Noir_Mosaic-no3-No_Frame_24x36_9384bffc-41b4-4798-b6fc-1c15b4273f99.png?v=1713721555,,,,,,,,,,,85.0,63.75,0.0,Stretched,85.0,204.0,140.0,24x36,2025-05-29 00:51:14
vivid-mosaic-no6,Vivid Mosaic No6,"<div>
    <p>
        <span>Vivid Mosaic No.6</span> from the <span>Mosaic</span> collection by Kingler Bercy is a celebration of the digital medium's versatility in creating intricate mosaic patterns that mirror the complexity of traditional tilework. The piece is a convergence of sharp angles and vivid colors, creating a visual experience that is both modern and reminiscent of classical mosaic art.
    </p>
    <p>
        Shades of blues and greens dominate the palette, evoking the serenity and depth of the sea, while splashes of warm colors offer a striking contrast, bringing energy and vibrancy to the composition. The artwork's pixelated texture contributes to its layered appearance, suggesting depth and a sense of tactility.
    </p>
    <p>
        The use of shadow and light within 'Vivid Mosaic No.6' provides a dynamic interplay that adds dimension to the two-dimensional plane. The artist skilfully blends digital techniques with the aesthetics of handcrafted art, creating a bridge between past and present artistic expressions.
    </p>
    <p style=""text-align: right; margin-top: 20px; font-style: italic;"">
        ""A digital reimagining of timeless craftsmanship."" - Artist: Kingler Bercy
    </p>
</div>
<div>
    <div style=""display: flex; flex-wrap: wrap; gap: 10px; justify-content: start;"">
        <span style=""display: inline-block; font-size: 16px; border-radius: 20px; background-color: #f1f1f1; padding: 3px 10px;"">Digital Mosaic</span>
        <span style=""display: inline-block; font-size: 16px; border-radius: 20px; background-color: #f1f1f1; padding: 3px 10px;"">Contemporary Art</span>
        <span style=""display: inline-block; font-size: 16px; border-radius: 20px; background-color: #f1f1f1; padding: 3px 10px;"">Pixel Art</span>
        <span style=""display: inline-block; font-size: 16px; border-radius: 20px; background-color: #f1f1f1; padding: 3px 10px;"">Color Contrast</span>
        <span style=""display: inline-block; font-size: 16px; border-radius: 20px; background-color: #f1f1f1; padding: 3px 10px;"">Mosaic Collection</span>
        <span style=""display: inline-block; font-size: 16px; border-radius: 20px; background-color: #f1f1f1; padding: 3px 10px;"">Artistic Expression</span>
    </div>
</div>
",VividWalls,Home & Garden > Decor > Artwork,Artwork,Mosaic,True,Frame Size,53x72,Frame Color,Black,Frame Style,Thin Floating Frame,VIVID-MOSAIC-NO6-BLACK-THIN-FLOATING-FRAME-53X72,shopify,deny,manual,579.99,0.0,305.26,True,False,lb,0.0,https://cdn.shopify.com/s/files/1/0785/1504/4639/files/vivid_mosaic_no6_canvas-black_frame_53x72_49401923-0720-4ce2-866e-1f22351682dd.png?v=1713721422,1.0,"Abstract Art, Wall Art, Ready-To-Hang, Vivid Mosaic No6, Mosaic, Frame Size-53x72, Frame Color-Black,Frame Style-Thin Floating Frame, VividWalls, Artwork",https://cdn.shopify.com/s/files/1/0785/1504/4639/files/vivid_mosaic_no6_canvas-black_frame_53x72_49401923-0720-4ce2-866e-1f22351682dd.png?v=1713721422,"Abstract Art, Wall Art, Ready-To-Hang, Collection Mosaic Vivid Mosaic No6 53x72, Black Frame Artwork","<div>
    <p>
        <span>Crimson Shade</span> by <span>Kingler Bercy</span> from the <span>Shape Emergence</span> collection manifests a dramatic interplay of geometric shapes in rich crimson tones, contrasted with touches of deep blues and purples, segmented by sharp lines and creating a pattern reminiscent of a complex kaleidoscope. The artwork, printed with high-quality ink pigment on durable cotton canvas, exudes a robust intensity and depth that captivates and engages the viewer. The collection is a striking visual narrative composed of geometric forms and a bold color palette. This ink pigment print on cotton canvas features a dynamic arrangement of shapes that merge and diverge to create a sense of movement and depth.

The artwork is dominated by shades of crimson, ranging from deep maroon to bright red, which are contrasted with hints of purple, navy, and white. This contrast not only accentuates the individual forms but also highlights the overall symmetry and balance within the piece. The meticulous placement of these shapes evokes the intricacy of a well-orchestrated symphony, where each element plays a critical role in the composition.

The use of ink pigment on cotton canvas gives the piece a subtle texture that enhances the visual experience, allowing the colors to resonate with a vibrant intensity. The medium also ensures that the artwork has a lasting quality, with colors that remain vivid over time.
    </p>
</div>
<div>
    <div style=""display: flex; flex-wrap: wrap; gap: 10px; justify-content: start;"">
        <span style=""display: inline-block; font-size: 16px; border-radius: 20px; background-color: #f1f1f1; padding: 3px 10px;"">Crimson Artwork</span>
        <span style=""display: inline-block; font-size: 16px; border-radius: 20px; background-color: #f1f1f1; padding: 3px 10px;"">Geometric Canvas</span>
        <span style=""display: inline-block; font-size: 16px; border-radius: 20px; background-color: #f1f1f1; padding: 3px 10px;"">Ink Pigment Print</span>
        <span style=""display: inline-block; font-size: 16px; border-radius: 20px; background-color: #f1f1f1; padding: 3px 10px;"">Kingler Bercy</span>
        <span style=""display: inline-block; font-size: 16px; border-radius: 20px; background-color: #f1f1f1; padding: 3px 10px;"">Shape Emergence Collection</span>
        <span style=""display: inline-block; font-size: 16px; border-radius: 20px; background-color: #f1f1f1; padding: 3px 10px;"">Abstract Geometry</span>
        <span style=""display: inline-block; font-size: 16px; border-radius: 20px; background-color: #f1f1f1; padding: 3px 10px;"">Cotton Canvas Art</span>
    </div>
</div>
",False,True,,,True,,,active,289.96,217.47,15.3,Stretched,305.26,579.99,90.0,53x72 (estimated),2025-05-29 00:51:14
vivid-mosaic-no6,,,,,,,,,53x72,,White,,Thin Floating Frame,VIVID-MOSAIC-NO6-WHITE-THIN-FLOATING-FRAME-53X72,shopify,deny,manual,610.68,0.0,321.41,True,False,lb,0.0,https://cdn.shopify.com/s/files/1/0785/1504/4639/files/vivid_mosaic_no6_canvas-white_frame_48x72_897ac785-a0e8-474d-a679-abe097ff482e.png?v=1713721422,2.0,"Abstract Art, Wall Art, Ready-To-Hang, Vivid Mosaic No6, Mosaic, Frame Size-53x72, Frame Color-White,Frame Style-Thin Floating Frame, VividWalls, Artwork",https://cdn.shopify.com/s/files/1/0785/1504/4639/files/vivid_mosaic_no6_canvas-white_frame_48x72_897ac785-a0e8-474d-a679-abe097ff482e.png?v=1713721422,,,,,,,,,,,289.96,217.47,31.45,Stretched,321.41,610.68,90.0,53x72 (estimated),2025-05-29 00:51:14
vivid-mosaic-no6,,,,,,,,,53x72,,,,,VIVID-MOSAIC-NO6-NA-NA-53X72,shopify,deny,manual,550.92,0.0,289.96,True,False,lb,0.0,https://cdn.shopify.com/s/files/1/0785/1504/4639/files/vivid_mosaic_no6_canvas-no_frame_52x72_7e3f2050-11a2-40a8-83ed-b5842898af31.png?v=1713721422,3.0,"Abstract Art, Wall Art, Ready-To-Hang, Vivid Mosaic No6, Mosaic, Frame Size-53x72, Frame Color-NA,Frame Style-Thin Floating Frame, VividWalls, Artwork",https://cdn.shopify.com/s/files/1/0785/1504/4639/files/vivid_mosaic_no6_canvas-no_frame_52x72_7e3f2050-11a2-40a8-83ed-b5842898af31.png?v=1713721422,,,,,,,,,,,289.96,217.47,0.0,Stretched,289.96,550.92,90.0,53x72 (estimated),2025-05-29 00:51:14
vivid-mosaic-no6,,,,,,,,,36x48,,Black,,Thin Floating Frame,VIVID-MOSAIC-NO6-BLACK-THIN-FLOATING-FRAME-36X48,shopify,deny,manual,348.07,0.0,165.75,True,False,lb,0.0,https://cdn.shopify.com/s/files/1/0785/1504/4639/files/vivid_mosaic_no6_canvas_black_frame_36x48_1a7a8b37-e667-420c-bdeb-fb0db987891b.png?v=1713721422,4.0,"Abstract Art, Wall Art, Ready-To-Hang, Vivid Mosaic No6, Mosaic, Frame Size-36x48, Frame Color-Black,Frame Style-Thin Floating Frame, VividWalls, Artwork",https://cdn.shopify.com/s/files/1/0785/1504/4639/files/vivid_mosaic_no6_canvas_black_frame_36x48_1a7a8b37-e667-420c-bdeb-fb0db987891b.png?v=1713721422,,,,,,,,,,,150.45,112.84,15.3,Stretched,165.75,348.07,110.0,36x48,2025-05-29 00:51:14
vivid-mosaic-no6,,,,,,,,,36x48,,White,,Thin Floating Frame,VIVID-MOSAIC-NO6-WHITE-THIN-FLOATING-FRAME-36X48,shopify,deny,manual,381.99,0.0,181.9,True,False,lb,0.0,https://cdn.shopify.com/s/files/1/0785/1504/4639/files/vivid_mosaic_no6_canvas-no_frame_36x48_8756d78a-0190-460a-b5fa-131b5ed859e4.png?v=1713721423,5.0,"Abstract Art, Wall Art, Ready-To-Hang, Vivid Mosaic No6, Mosaic, Frame Size-36x48, Frame Color-White,Frame Style-Thin Floating Frame, VividWalls, Artwork",https://cdn.shopify.com/s/files/1/0785/1504/4639/files/vivid_mosaic_no6_canvas-no_frame_36x48_8756d78a-0190-460a-b5fa-131b5ed859e4.png?v=1713721423,,,,,,,,,,,150.45,112.84,31.45,Stretched,181.9,381.99,110.0,36x48,2025-05-29 00:51:14
vivid-mosaic-no6,,,,,,,,,36x48,,,,,VIVID-MOSAIC-NO6-NA-NA-36X48,shopify,deny,manual,315.94,0.0,150.45,True,False,lb,0.0,https://cdn.shopify.com/s/files/1/0785/1504/4639/files/vivid_mosaic_no6_canvas_white_frame_36x48_073eda17-61ff-415f-b8e8-7307572d2762.png?v=1713721423,6.0,"Abstract Art, Wall Art, Ready-To-Hang, Vivid Mosaic No6, Mosaic, Frame Size-36x48, Frame Color-NA,Frame Style-Thin Floating Frame, VividWalls, Artwork",https://cdn.shopify.com/s/files/1/0785/1504/4639/files/vivid_mosaic_no6_canvas_white_frame_36x48_073eda17-61ff-415f-b8e8-7307572d2762.png?v=1713721423,,,,,,,,,,,150.45,112.84,0.0,Stretched,150.45,315.94,110.0,36x48,2025-05-29 00:51:14
vivid-mosaic-no6,,,,,,,,,24x26,,Black,,Thin Floating Frame,VIVID-MOSAIC-NO6-BLACK-THIN-FLOATING-FRAME-24X26,shopify,deny,manual,222.34,0.0,92.64,True,False,lb,0.0,https://cdn.shopify.com/s/files/1/0785/1504/4639/files/vivid_mosaic_no6_canvas-black_frame_24x36_6ceebfbe-c3f8-4e55-b20b-34f179751f8b.png?v=1713721423,7.0,"Abstract Art, Wall Art, Ready-To-Hang, Vivid Mosaic No6, Mosaic, Frame Size-24x26, Frame Color-Black,Frame Style-Thin Floating Frame, VividWalls, Artwork",https://cdn.shopify.com/s/files/1/0785/1504/4639/files/vivid_mosaic_no6_canvas-black_frame_24x36_6ceebfbe-c3f8-4e55-b20b-34f179751f8b.png?v=1713721423,,,,,,,,,,,77.34,58.01,15.3,Stretched,92.64,222.34,140.0,24x26 (estimated),2025-05-29 00:51:14
vivid-mosaic-no6,,,,,,,,,24x26,,White,,Thin Floating Frame,VIVID-MOSAIC-NO6-WHITE-THIN-FLOATING-FRAME-24X26,shopify,deny,manual,228.46,0.0,108.79,True,False,lb,0.0,https://cdn.shopify.com/s/files/1/0785/1504/4639/files/vivid_mosaic_no6_canvas_white_frame_24x36_85078d66-abc3-40b3-bdd5-675932dca6d7.png?v=1713721423,8.0,"Abstract Art, Wall Art, Ready-To-Hang, Vivid Mosaic No6, Mosaic, Frame Size-24x26, Frame Color-White,Frame Style-Thin Floating Frame, VividWalls, Artwork",https://cdn.shopify.com/s/files/1/0785/1504/4639/files/vivid_mosaic_no6_canvas_white_frame_24x36_85078d66-abc3-40b3-bdd5-675932dca6d7.png?v=1713721423,,,,,,,,,,,77.34,58.01,31.45,Stretched,108.79,228.46,110.0,24x26 (estimated),2025-05-29 00:51:14
vivid-mosaic-no6,,,,,,,,,24x26,,,,,VIVID-MOSAIC-NO6-NA-NA-24X26,shopify,deny,manual,185.62,0.0,77.34,True,False,lb,0.0,https://cdn.shopify.com/s/files/1/0785/1504/4639/files/vivid_mosaic_no6_canvas-no_frame_24x36_ced6fa79-3408-47eb-aa4a-a5ab6970a4fc.png?v=1713721423,9.0,"Abstract Art, Wall Art, Ready-To-Hang, Vivid Mosaic No6, Mosaic, Frame Size-24x26, Frame Color-NA,Frame Style-Thin Floating Frame, VividWalls, Artwork",https://cdn.shopify.com/s/files/1/0785/1504/4639/files/vivid_mosaic_no6_canvas-no_frame_24x36_ced6fa79-3408-47eb-aa4a-a5ab6970a4fc.png?v=1713721423,,,,,,,,,,,77.34,58.01,0.0,Stretched,77.34,185.62,140.0,24x26 (estimated),2025-05-29 00:51:14
vivid-mosaic-no5,Vivid Mosaic no5,"<div>
    <p>
        <span>Vivid Mosaic No.5</span> from the <span>Mosaic</span> collection is a rich tapestry of digital artistry that encapsulates Kingler Bercy's innovative approach to contemporary mosaic design. This piece is characterized by its bold use of color and layered geometric shapes, creating an effect that is both dynamic and profound.
    </p>
    <p>
        The artwork's canvas is a constellation of textures that mimic the tactile quality of a traditional mosaic, while the interplay of shadows and highlights imparts depth and vibrancy. Stark blacks cut through the kaleidoscope of blues and purples, accented by splashes of warm tones, suggesting an abstract landscape viewed from above.
    </p>
    <p>
        'Vivid Mosaic No.5' is a celebration of the pixel as a medium, demonstrating the artist's ability to bridge the gap between digital precision and the imperfect beauty of hand-laid mosaic tiles. It is a visual symphony that speaks to the chaos and harmony found within nature and art alike.
    </p>
    <p style=""text-align: right; margin-top: 20px; font-style: italic;"">
        ""A digital odyssey through color and form."" - Artist: Kingler Bercy
    </p>
</div>
<div>
    <div style=""display: flex; flex-wrap: wrap; gap: 10px; justify-content: start;"">
        <span style=""display: inline-block; font-size: 16px; border-radius: 20px; background-color: #f1f1f1; padding: 3px 10px;"">Contemporary Mosaic</span>
        <span style=""display: inline-block; font-size: 16px; border-radius: 20px; background-color: #f1f1f1; padding: 3px 10px;"">Digital Artistry</span>
        <span style=""display: inline-block; font-size: 16px; border-radius: 20px; background-color: #f1f1f1; padding: 3px 10px;"">Geometric Shapes</span>
        <span style=""display: inline-block; font-size: 16px; border-radius: 20px; background-color: #f1f1f1; padding: 3px 10px;"">Abstract Landscape</span>
        <span style=""display: inline-block; font-size: 16px; border-radius: 20px; background-color: #f1f1f1; padding: 3px 10px;"">Mosaic Collection</span>
        <span style=""display: inline-block; font-size: 16px; border-radius: 20px; background-color: #f1f1f1; padding: 3px 10px;"">Pixel Medium</span>
    </div>
</div>
",VividWalls,Home & Garden > Decor > Artwork,Artwork,Mosaic,True,Frame Size,53x72,Frame Color,Black,Frame Style,Thin Floating Frame,VIVID-MOSAIC-NO5-BLACK-THIN-FLOATING-FRAME-53X72,shopify,deny,manual,579.99,0.0,305.26,True,False,lb,0.0,https://cdn.shopify.com/s/files/1/0785/1504/4639/files/vivid_mosaic_no5_canvas-black_frame_48x72_f9b8e986-d103-40f2-8f4d-dbb2a6c77120.png?v=1713721395,1.0,"Abstract Art, Wall Art, Ready-To-Hang, Vivid Mosaic no5, Mosaic, Frame Size-53x72, Frame Color-Black,Frame Style-Thin Floating Frame, VividWalls, Artwork",https://cdn.shopify.com/s/files/1/0785/1504/4639/files/vivid_mosaic_no5_canvas-black_frame_48x72_f9b8e986-d103-40f2-8f4d-dbb2a6c77120.png?v=1713721395,"Abstract Art, Wall Art, Ready-To-Hang, Collection Mosaic Vivid Mosaic no5 53x72, Black Frame Artwork","<div>
    <p>
        <span>Crimson Shade</span> by <span>Kingler Bercy</span> from the <span>Shape Emergence</span> collection manifests a dramatic interplay of geometric shapes in rich crimson tones, contrasted with touches of deep blues and purples, segmented by sharp lines and creating a pattern reminiscent of a complex kaleidoscope. The artwork, printed with high-quality ink pigment on durable cotton canvas, exudes a robust intensity and depth that captivates and engages the viewer. The collection is a striking visual narrative composed of geometric forms and a bold color palette. This ink pigment print on cotton canvas features a dynamic arrangement of shapes that merge and diverge to create a sense of movement and depth.

The artwork is dominated by shades of crimson, ranging from deep maroon to bright red, which are contrasted with hints of purple, navy, and white. This contrast not only accentuates the individual forms but also highlights the overall symmetry and balance within the piece. The meticulous placement of these shapes evokes the intricacy of a well-orchestrated symphony, where each element plays a critical role in the composition.

The use of ink pigment on cotton canvas gives the piece a subtle texture that enhances the visual experience, allowing the colors to resonate with a vibrant intensity. The medium also ensures that the artwork has a lasting quality, with colors that remain vivid over time.
    </p>
</div>
<div>
    <div style=""display: flex; flex-wrap: wrap; gap: 10px; justify-content: start;"">
        <span style=""display: inline-block; font-size: 16px; border-radius: 20px; background-color: #f1f1f1; padding: 3px 10px;"">Crimson Artwork</span>
        <span style=""display: inline-block; font-size: 16px; border-radius: 20px; background-color: #f1f1f1; padding: 3px 10px;"">Geometric Canvas</span>
        <span style=""display: inline-block; font-size: 16px; border-radius: 20px; background-color: #f1f1f1; padding: 3px 10px;"">Ink Pigment Print</span>
        <span style=""display: inline-block; font-size: 16px; border-radius: 20px; background-color: #f1f1f1; padding: 3px 10px;"">Kingler Bercy</span>
        <span style=""display: inline-block; font-size: 16px; border-radius: 20px; background-color: #f1f1f1; padding: 3px 10px;"">Shape Emergence Collection</span>
        <span style=""display: inline-block; font-size: 16px; border-radius: 20px; background-color: #f1f1f1; padding: 3px 10px;"">Abstract Geometry</span>
        <span style=""display: inline-block; font-size: 16px; border-radius: 20px; background-color: #f1f1f1; padding: 3px 10px;"">Cotton Canvas Art</span>
    </div>
</div>
",False,True,,,True,,,active,289.96,217.47,15.3,Stretched,305.26,579.99,90.0,53x72 (estimated),2025-05-29 00:51:14
vivid-mosaic-no5,,,,,,,,,53x72,,White,,Thin Floating Frame,VIVID-MOSAIC-NO5-WHITE-THIN-FLOATING-FRAME-53X72,shopify,deny,manual,610.68,0.0,321.41,True,False,lb,0.0,https://cdn.shopify.com/s/files/1/0785/1504/4639/files/vivid_mosaic_no5_canvas-white_frame_48x72_261edd07-71d9-4170-8ee8-fab2459dac36.png?v=1713721395,2.0,"Abstract Art, Wall Art, Ready-To-Hang, Vivid Mosaic no5, Mosaic, Frame Size-53x72, Frame Color-White,Frame Style-Thin Floating Frame, VividWalls, Artwork",https://cdn.shopify.com/s/files/1/0785/1504/4639/files/vivid_mosaic_no5_canvas-white_frame_48x72_261edd07-71d9-4170-8ee8-fab2459dac36.png?v=1713721395,,,,,,,,,,,289.96,217.47,31.45,Stretched,321.41,610.68,90.0,53x72 (estimated),2025-05-29 00:51:14
vivid-mosaic-no5,,,,,,,,,53x72,,,,,VIVID-MOSAIC-NO5-NA-NA-53X72,shopify,deny,manual,550.92,0.0,289.96,True,False,lb,0.0,https://cdn.shopify.com/s/files/1/0785/1504/4639/files/vivid_mosaic_no5_canvas-no_frame_48x72_c772e90c-ef4b-4ccc-9888-db9f3048b929.png?v=1713721395,3.0,"Abstract Art, Wall Art, Ready-To-Hang, Vivid Mosaic no5, Mosaic, Frame Size-53x72, Frame Color-NA,Frame Style-Thin Floating Frame, VividWalls, Artwork",https://cdn.shopify.com/s/files/1/0785/1504/4639/files/vivid_mosaic_no5_canvas-no_frame_48x72_c772e90c-ef4b-4ccc-9888-db9f3048b929.png?v=1713721395,,,,,,,,,,,289.96,217.47,0.0,Stretched,289.96,550.92,90.0,53x72 (estimated),2025-05-29 00:51:14
vivid-mosaic-no5,,,,,,,,,36x48,,Black,,Thin Floating Frame,VIVID-MOSAIC-NO5-BLACK-THIN-FLOATING-FRAME-36X48,shopify,deny,manual,348.07,0.0,165.75,True,False,lb,0.0,https://cdn.shopify.com/s/files/1/0785/1504/4639/files/vivid_mosaic_no5_canvas-black_frame_36x48_760d26f0-bee7-4b16-9166-ca79a192ecd6.png?v=1713721395,4.0,"Abstract Art, Wall Art, Ready-To-Hang, Vivid Mosaic no5, Mosaic, Frame Size-36x48, Frame Color-Black,Frame Style-Thin Floating Frame, VividWalls, Artwork",https://cdn.shopify.com/s/files/1/0785/1504/4639/files/vivid_mosaic_no5_canvas-black_frame_36x48_760d26f0-bee7-4b16-9166-ca79a192ecd6.png?v=1713721395,,,,,,,,,,,150.45,112.84,15.3,Stretched,165.75,348.07,110.0,36x48,2025-05-29 00:51:14
vivid-mosaic-no5,,,,,,,,,36x48,,White,,Thin Floating Frame,VIVID-MOSAIC-NO5-WHITE-THIN-FLOATING-FRAME-36X48,shopify,deny,manual,381.99,0.0,181.9,True,False,lb,0.0,https://cdn.shopify.com/s/files/1/0785/1504/4639/files/vivid_mosaic_no5_canvas-white_frame_36x48_cbf7cca3-293d-4960-ab7d-b631d5834532.png?v=1713721395,5.0,"Abstract Art, Wall Art, Ready-To-Hang, Vivid Mosaic no5, Mosaic, Frame Size-36x48, Frame Color-White,Frame Style-Thin Floating Frame, VividWalls, Artwork",https://cdn.shopify.com/s/files/1/0785/1504/4639/files/vivid_mosaic_no5_canvas-white_frame_36x48_cbf7cca3-293d-4960-ab7d-b631d5834532.png?v=1713721395,,,,,,,,,,,150.45,112.84,31.45,Stretched,181.9,381.99,110.0,36x48,2025-05-29 00:51:14
vivid-mosaic-no5,,,,,,,,,36x48,,,,,VIVID-MOSAIC-NO5-NA-NA-36X48,shopify,deny,manual,315.94,0.0,150.45,True,False,lb,0.0,https://cdn.shopify.com/s/files/1/0785/1504/4639/files/vivid_mosaic_no5_canvas-No_frame_36x48_63248be7-3b51-4a68-aed0-d8ff4f13e2a5.png?v=1713721395,6.0,"Abstract Art, Wall Art, Ready-To-Hang, Vivid Mosaic no5, Mosaic, Frame Size-36x48, Frame Color-NA,Frame Style-Thin Floating Frame, VividWalls, Artwork",https://cdn.shopify.com/s/files/1/0785/1504/4639/files/vivid_mosaic_no5_canvas-No_frame_36x48_63248be7-3b51-4a68-aed0-d8ff4f13e2a5.png?v=1713721395,,,,,,,,,,,150.45,112.84,0.0,Stretched,150.45,315.94,110.0,36x48,2025-05-29 00:51:14
vivid-mosaic-no5,,,,,,,,,24x36,,Black,,Thin Floating Frame,VIVID-MOSAIC-NO5-BLACK-THIN-FLOATING-FRAME-24X36,shopify,deny,manual,210.63,0.0,100.3,True,False,lb,0.0,https://cdn.shopify.com/s/files/1/0785/1504/4639/files/vivid_mosaic_no5_canvas-black_frame_24x36_c6956589-e470-46c1-8c35-4fb7e2c5136f.png?v=1713721395,7.0,"Abstract Art, Wall Art, Ready-To-Hang, Vivid Mosaic no5, Mosaic, Frame Size-24x36, Frame Color-Black,Frame Style-Thin Floating Frame, VividWalls, Artwork",https://cdn.shopify.com/s/files/1/0785/1504/4639/files/vivid_mosaic_no5_canvas-black_frame_24x36_c6956589-e470-46c1-8c35-4fb7e2c5136f.png?v=1713721395,,,,,,,,,,,85.0,63.75,15.3,Stretched,100.3,210.63,110.0,24x36,2025-05-29 00:51:14
vivid-mosaic-no5,,,,,,,,,24x36,,White,,Thin Floating Frame,VIVID-MOSAIC-NO5-WHITE-THIN-FLOATING-FRAME-24X36,shopify,deny,manual,244.55,0.0,116.45,True,False,lb,0.0,https://cdn.shopify.com/s/files/1/0785/1504/4639/files/vivid_mosaic_no5_canvas-white_frame_24x36_12f026b7-5a23-42a1-bf84-20418e9edb1d.png?v=1713721395,8.0,"Abstract Art, Wall Art, Ready-To-Hang, Vivid Mosaic no5, Mosaic, Frame Size-24x36, Frame Color-White,Frame Style-Thin Floating Frame, VividWalls, Artwork",https://cdn.shopify.com/s/files/1/0785/1504/4639/files/vivid_mosaic_no5_canvas-white_frame_24x36_12f026b7-5a23-42a1-bf84-20418e9edb1d.png?v=1713721395,,,,,,,,,,,85.0,63.75,31.45,Stretched,116.45,244.55,110.0,24x36,2025-05-29 00:51:14
vivid-mosaic-no5,,,,,,,,,24x36,,,,,VIVID-MOSAIC-NO5-NA-NA-24X36,shopify,deny,manual,204.0,0.0,85.0,True,False,lb,0.0,https://cdn.shopify.com/s/files/1/0785/1504/4639/files/vivid_mosaic_no5_canvas-no_frame_24x36_72bdb1df-6765-4407-975e-fcc604c1770e.png?v=1713721395,9.0,"Abstract Art, Wall Art, Ready-To-Hang, Vivid Mosaic no5, Mosaic, Frame Size-24x36, Frame Color-NA,Frame Style-Thin Floating Frame, VividWalls, Artwork",https://cdn.shopify.com/s/files/1/0785/1504/4639/files/vivid_mosaic_no5_canvas-no_frame_24x36_72bdb1df-6765-4407-975e-fcc604c1770e.png?v=1713721395,,,,,,,,,,,85.0,63.75,0.0,Stretched,85.0,204.0,140.0,24x36,2025-05-29 00:51:14
fractal-color-dark-double,Fractal Color Dark Double,"<div>
    <p>
        <span>Fractal Color Dark Double</span> from the <span>Fractal</span> collection is a mesmerizing work of art, where the symmetry and complexity of fractals take center stage. This piece features a symmetrical arrangement of shapes that form a pattern rich in depth and color. Dominated by dark tones, the fractal is illuminated by vibrant hues of blue, green, and orange, creating an illusion of light within the darkness. The design invokes the feeling of looking into an endless kaleidoscope, where patterns unfold and evolve infinitely. This fractal artwork captures the eye and entices the mind, offering a visual journey through its dark and mysterious beauty.
    </p>
</div>
<div>
    <div style=""display: flex; flex-wrap: wrap; gap: 10px; justify-content: start;"">
        <span style=""display: inline-block; font-size: 16px; border-radius: 20px; background-color: #f1f1f1; padding: 3px 10px;"">Fractal Art</span>
        <span style=""display: inline-block; font-size: 16px; border-radius: 20px; background-color: #f1f1f1; padding: 3px 10px;"">Symmetrical Pattern</span>
        <span style=""display: inline-block; font-size: 16px; border-radius: 20px; background-color: #f1f1f1; padding: 3px 10px;"">Kaleidoscopic Effect</span>
        <span style=""display: inline-block; font-size: 16px; border-radius: 20px; background-color: #f1f1f1; padding: 3px 10px;"">Vibrant Hues</span>
        <span style=""display: inline-block; font-size: 16px; border-radius: 20px; background-color: #f1f1f1; padding: 3px 10px;"">Dark Tones</span>
        <span style=""display: inline-block; font-size: 16px; border-radius: 20px; background-color: #f1f1f1; padding: 3px 10px;"">Intricate Artwork</span>
        <span style=""display: inline-block; font-size: 16px; border-radius: 20px; background-color: #f1f1f1; padding: 3px 10px;"">Contemporary Art</span>
        <span style=""display: inline-block; font-size: 16px; border-radius: 20px; background-color: #f1f1f1; padding: 3px 10px;"">Gallery Quality</span>
        <span style=""display: inline-block; font-size: 16px; border-radius: 20px; background-color: #f1f1f1; padding: 3px 10px;"">Mystical Aesthetic</span>
        <span style=""display: inline-block; font-size: 16px; border-radius: 20px; background-color: #f1f1f1; padding: 3px 10px;"">Wall Art</span>
    </div>
</div>
",VividWalls,Home & Garden > Decor > Artwork,Artwork,Fractal,True,Frame Size,72x53,Frame Color,Black,Frame Style,Thin Floating Frame,FRACTAL-COLOR-DARK-DOUBLE-BLACK-THIN-FLOATING-FRAME-72X53,shopify,deny,manual,579.99,0.0,305.26,True,False,lb,0.0,https://cdn.shopify.com/s/files/1/0785/1504/4639/files/fractal_dark_no1_black_frame_72x53_4549fa1d-a421-4027-9c7c-6e2e2590a8b3.png?v=1713722017,1.0,"Abstract Art, Wall Art, Ready-To-Hang, Fractal Color Dark Double, Fractal, Frame Size-72x53, Frame Color-Black,Frame Style-Thin Floating Frame, VividWalls, Artwork",https://cdn.shopify.com/s/files/1/0785/1504/4639/files/fractal_dark_no1_black_frame_72x53_4549fa1d-a421-4027-9c7c-6e2e2590a8b3.png?v=1713722017,"Abstract Art, Wall Art, Ready-To-Hang, Collection Fractal Fractal Color Dark Double 72x53, Black Frame Artwork",,False,True,,,True,,,active,289.96,217.47,15.3,Stretched,305.26,579.99,90.0,72x53 (estimated),2025-05-29 00:51:14
fractal-color-dark-double,,,,,,,,,72x53,,White,,Thin Floating Frame,FRACTAL-COLOR-DARK-DOUBLE-WHITE-THIN-FLOATING-FRAME-72X53,shopify,deny,manual,610.68,0.0,321.41,True,False,lb,0.0,https://cdn.shopify.com/s/files/1/0785/1504/4639/files/fractal_dark_no1_white_frame_72x53_dca9eed8-3e08-43c0-bb5a-fd01cd2facab.png?v=1713722017,2.0,"Abstract Art, Wall Art, Ready-To-Hang, Fractal Color Dark Double, Fractal, Frame Size-72x53, Frame Color-White,Frame Style-Thin Floating Frame, VividWalls, Artwork",https://cdn.shopify.com/s/files/1/0785/1504/4639/files/fractal_dark_no1_white_frame_72x53_dca9eed8-3e08-43c0-bb5a-fd01cd2facab.png?v=1713722017,,,,,,,,,,,289.96,217.47,31.45,Stretched,321.41,610.68,90.0,72x53 (estimated),2025-05-29 00:51:14
fractal-color-dark-double,,,,,,,,,72x53,,,,,FRACTAL-COLOR-DARK-DOUBLE-NA-NA-72X53,shopify,deny,manual,550.92,0.0,289.96,True,False,lb,0.0,https://cdn.shopify.com/s/files/1/0785/1504/4639/files/FractalColor_001_DoubleDark_NoFrame-72x53_db02af03-40d7-4952-9b18-085b1ca02c3f.png?v=1713722017,3.0,"Abstract Art, Wall Art, Ready-To-Hang, Fractal Color Dark Double, Fractal, Frame Size-72x53, Frame Color-NA,Frame Style-Thin Floating Frame, VividWalls, Artwork",https://cdn.shopify.com/s/files/1/0785/1504/4639/files/FractalColor_001_DoubleDark_NoFrame-72x53_db02af03-40d7-4952-9b18-085b1ca02c3f.png?v=1713722017,,,,,,,,,,,289.96,217.47,0.0,Stretched,289.96,550.92,90.0,72x53 (estimated),2025-05-29 00:51:14
fractal-color-dark-double,,,,,,,,,48x36,,Black,,Thin Floating Frame,FRACTAL-COLOR-DARK-DOUBLE-BLACK-THIN-FLOATING-FRAME-48X36,shopify,deny,manual,348.07,0.0,165.75,True,False,lb,0.0,https://cdn.shopify.com/s/files/1/0785/1504/4639/files/FractalColor_001_DoubleDark_Black_Frame-48x36_addf28b6-1128-46fd-ba84-38613264c44a.png?v=1713722017,4.0,"Abstract Art, Wall Art, Ready-To-Hang, Fractal Color Dark Double, Fractal, Frame Size-48x36, Frame Color-Black,Frame Style-Thin Floating Frame, VividWalls, Artwork",https://cdn.shopify.com/s/files/1/0785/1504/4639/files/FractalColor_001_DoubleDark_Black_Frame-48x36_addf28b6-1128-46fd-ba84-38613264c44a.png?v=1713722017,,,,,,,,,,,150.45,112.84,15.3,Stretched,165.75,348.07,110.0,48x36,2025-05-29 00:51:14
fractal-color-dark-double,,,,,,,,,48x36,,White,,Thin Floating Frame,FRACTAL-COLOR-DARK-DOUBLE-WHITE-THIN-FLOATING-FRAME-48X36,shopify,deny,manual,381.99,0.0,181.9,True,False,lb,0.0,https://cdn.shopify.com/s/files/1/0785/1504/4639/files/FractalColor_001_DoubleDark_No_Frame-48x36_f71c0aa2-f734-41e0-8d4f-c3376d32aebe.png?v=1713722017,5.0,"Abstract Art, Wall Art, Ready-To-Hang, Fractal Color Dark Double, Fractal, Frame Size-48x36, Frame Color-White,Frame Style-Thin Floating Frame, VividWalls, Artwork",https://cdn.shopify.com/s/files/1/0785/1504/4639/files/FractalColor_001_DoubleDark_No_Frame-48x36_f71c0aa2-f734-41e0-8d4f-c3376d32aebe.png?v=1713722017,,,,,,,,,,,150.45,112.84,31.45,Stretched,181.9,381.99,110.0,48x36,2025-05-29 00:51:14
fractal-color-dark-double,,,,,,,,,48x36,,,,,FRACTAL-COLOR-DARK-DOUBLE-NA-NA-48X36,shopify,deny,manual,315.94,0.0,150.45,True,False,lb,0.0,https://cdn.shopify.com/s/files/1/0785/1504/4639/files/FractalColor_001_DoubleDark_White_Frame-48x36_90070074-7cd6-4344-8b9d-60b90a8c58b2.png?v=1713722017,6.0,"Abstract Art, Wall Art, Ready-To-Hang, Fractal Color Dark Double, Fractal, Frame Size-48x36, Frame Color-NA,Frame Style-Thin Floating Frame, VividWalls, Artwork",https://cdn.shopify.com/s/files/1/0785/1504/4639/files/FractalColor_001_DoubleDark_White_Frame-48x36_90070074-7cd6-4344-8b9d-60b90a8c58b2.png?v=1713722017,,,,,,,,,,,150.45,112.84,0.0,Stretched,150.45,315.94,110.0,48x36,2025-05-29 00:51:14
fractal-color-dark-double,,,,,,,,,36x24,,Black,,Thin Floating Frame,FRACTAL-COLOR-DARK-DOUBLE-BLACK-THIN-FLOATING-FRAME-36X24,shopify,deny,manual,210.63,0.0,100.3,True,False,lb,0.0,https://cdn.shopify.com/s/files/1/0785/1504/4639/files/FractalColor_001_DoubleDark_Black_Frame-36x24_e558c9a0-8571-4012-8596-f58a92fda542.png?v=1713722017,7.0,"Abstract Art, Wall Art, Ready-To-Hang, Fractal Color Dark Double, Fractal, Frame Size-36x24, Frame Color-Black,Frame Style-Thin Floating Frame, VividWalls, Artwork",https://cdn.shopify.com/s/files/1/0785/1504/4639/files/FractalColor_001_DoubleDark_Black_Frame-36x24_e558c9a0-8571-4012-8596-f58a92fda542.png?v=1713722017,,,,,,,,,,,85.0,63.75,15.3,Stretched,100.3,210.63,110.0,36x24,2025-05-29 00:51:14
fractal-color-dark-double,,,,,,,,,36x24,,White,,Thin Floating Frame,FRACTAL-COLOR-DARK-DOUBLE-WHITE-THIN-FLOATING-FRAME-36X24,shopify,deny,manual,244.55,0.0,116.45,True,False,lb,0.0,https://cdn.shopify.com/s/files/1/0785/1504/4639/files/FractalColor_001_DoubleDark_White_Frame-36x24_fac86287-7bb8-4723-ac10-2c7d99566110.png?v=1713722017,8.0,"Abstract Art, Wall Art, Ready-To-Hang, Fractal Color Dark Double, Fractal, Frame Size-36x24, Frame Color-White,Frame Style-Thin Floating Frame, VividWalls, Artwork",https://cdn.shopify.com/s/files/1/0785/1504/4639/files/FractalColor_001_DoubleDark_White_Frame-36x24_fac86287-7bb8-4723-ac10-2c7d99566110.png?v=1713722017,,,,,,,,,,,85.0,63.75,31.45,Stretched,116.45,244.55,110.0,36x24,2025-05-29 00:51:14
fractal-color-dark-double,,,,,,,,,36x24,,,,,FRACTAL-COLOR-DARK-DOUBLE-NA-NA-36X24,shopify,deny,manual,204.0,0.0,85.0,True,False,lb,0.0,https://cdn.shopify.com/s/files/1/0785/1504/4639/files/FractalColor_001_DoubleDark_No_Frame-36x24_60e957ee-b0ae-426c-aede-85e93f80f8e8.png?v=1713722017,9.0,"Abstract Art, Wall Art, Ready-To-Hang, Fractal Color Dark Double, Fractal, Frame Size-36x24, Frame Color-NA,Frame Style-Thin Floating Frame, VividWalls, Artwork",https://cdn.shopify.com/s/files/1/0785/1504/4639/files/FractalColor_001_DoubleDark_No_Frame-36x24_60e957ee-b0ae-426c-aede-85e93f80f8e8.png?v=1713722017,,,,,,,,,,,85.0,63.75,0.0,Stretched,85.0,204.0,140.0,36x24,2025-05-29 00:51:14
fractal-color-red,Fractal Color Red,"<div>
    <p>
        <span>Fractal Color Red</span> from the <span>Fractal</span> collection is a complex visual exploration of shape and color. Dominated by a vibrant red that weaves through the canvas, this piece is accentuated with contrasting colors—deep blues, purples, and oranges—that create a rich, tapestry-like effect. The fractal patterns are meticulously layered, giving the appearance of endless depth and inviting the viewer into a labyrinth of color. With each repeated form, the artwork grows more intense, drawing the eye inward to discover the infinite details hidden within this fiery fractal landscape.
    </p>
</div>
<div>
    <div style=""display: flex; flex-wrap: wrap; gap: 10px; justify-content: start;"">
        <span style=""display: inline-block; font-size: 16px; border-radius: 20px; background-color: #f1f1f1; padding: 3px 10px;"">Fractal Imagery</span>
        <span style=""display: inline-block; font-size: 16px; border-radius: 20px; background-color: #f1f1f1; padding: 3px 10px;"">Vibrant Red Art</span>
        <span style=""display: inline-block; font-size: 16px; border-radius: 20px; background-color: #f1f1f1; padding: 3px 10px;"">Color Richness</span>
        <span style=""display: inline-block; font-size: 16px; border-radius: 20px; background-color: #f1f1f1; padding: 3px 10px;"">Infinite Depth</span>
        <span style=""display: inline-block; font-size: 16px; border-radius: 20px; background-color: #f1f1f1; padding: 3px 10px;"">Abstract Pattern</span>
        <span style=""display: inline-block; font-size: 16px; border-radius: 20px; background-color: #f1f1f1; padding: 3px 10px;"">Modern Decor</span>
        <span style=""display: inline-block; font-size: 16px; border-radius: 20px; background-color: #f1f1f1; padding: 3px 10px;"">Gallery Quality</span>
        <span style=""display: inline-block; font-size: 16px; border-radius: 20px; background-color: #f1f1f1; padding: 3px 10px;"">Contemporary Art</span>
        <span style=""display: inline-block; font-size: 16px; border-radius: 20px; background-color: #f1f1f1; padding: 3px 10px;"">Wall Art</span>
        <span style=""display: inline-block; font-size: 16px; border-radius: 20px; background-color: #f1f1f1; padding: 3px 10px;"">Artistic Exploration</span>
    </div>
</div>
",VividWalls,Home & Garden > Decor > Artwork,Artwork,Fractal,True,Frame Size,53x72,Frame Color,Black,Frame Style,Thin Floating Frame,FRACTAL-COLOR-RED-BLACK-THIN-FLOATING-FRAME-53X72,shopify,deny,manual,579.99,0.0,305.26,True,False,lb,0.0,https://cdn.shopify.com/s/files/1/0785/1504/4639/files/FractalColor_Red_001_BlackFrame-53x72_8dcb1c9b-10af-4141-b8b0-60896f11ca8a.png?v=1713721992,1.0,"Abstract Art, Wall Art, Ready-To-Hang, Fractal Color Red, Fractal, Frame Size-53x72, Frame Color-Black,Frame Style-Thin Floating Frame, VividWalls, Artwork",https://cdn.shopify.com/s/files/1/0785/1504/4639/files/FractalColor_Red_001_BlackFrame-53x72_8dcb1c9b-10af-4141-b8b0-60896f11ca8a.png?v=1713721992,"Abstract Art, Wall Art, Ready-To-Hang, Collection Fractal Fractal Color Red 53x72, Black Frame Artwork",,False,True,,,True,,,active,289.96,217.47,15.3,Stretched,305.26,579.99,90.0,53x72 (estimated),2025-05-29 00:51:14
fractal-color-red,,,,,,,,,53x72,,White,,Thin Floating Frame,FRACTAL-COLOR-RED-WHITE-THIN-FLOATING-FRAME-53X72,shopify,deny,manual,610.68,0.0,321.41,True,False,lb,0.0,https://cdn.shopify.com/s/files/1/0785/1504/4639/files/FractalColor_Red_001_WhiteFrame-48x72_983ef655-36f9-4b2a-b957-d2af3f1a7589.png?v=1713721992,2.0,"Abstract Art, Wall Art, Ready-To-Hang, Fractal Color Red, Fractal, Frame Size-53x72, Frame Color-White,Frame Style-Thin Floating Frame, VividWalls, Artwork",https://cdn.shopify.com/s/files/1/0785/1504/4639/files/FractalColor_Red_001_WhiteFrame-48x72_983ef655-36f9-4b2a-b957-d2af3f1a7589.png?v=1713721992,,,,,,,,,,,289.96,217.47,31.45,Stretched,321.41,610.68,90.0,53x72 (estimated),2025-05-29 00:51:14
fractal-color-red,,,,,,,,,53x72,,,,,FRACTAL-COLOR-RED-NA-NA-53X72,shopify,deny,manual,550.92,0.0,289.96,True,False,lb,0.0,https://cdn.shopify.com/s/files/1/0785/1504/4639/files/FractalColor_Red_001_NoFrame-36x48_107d8acc-c2aa-4b4a-93a9-8c34366c6a70.png?v=1713721992,3.0,"Abstract Art, Wall Art, Ready-To-Hang, Fractal Color Red, Fractal, Frame Size-53x72, Frame Color-NA,Frame Style-Thin Floating Frame, VividWalls, Artwork",https://cdn.shopify.com/s/files/1/0785/1504/4639/files/FractalColor_Red_001_NoFrame-36x48_107d8acc-c2aa-4b4a-93a9-8c34366c6a70.png?v=1713721992,,,,,,,,,,,289.96,217.47,0.0,Stretched,289.96,550.92,90.0,53x72 (estimated),2025-05-29 00:51:14
fractal-color-red,,,,,,,,,36x48,,Black,,Thin Floating Frame,FRACTAL-COLOR-RED-BLACK-THIN-FLOATING-FRAME-36X48,shopify,deny,manual,348.07,0.0,165.75,True,False,lb,0.0,https://cdn.shopify.com/s/files/1/0785/1504/4639/files/FractalColor_Red_no1_Black_Frame-36x48_94d73c1e-a8df-43b0-b7ea-dcb6cce1b4f5.png?v=1713721992,4.0,"Abstract Art, Wall Art, Ready-To-Hang, Fractal Color Red, Fractal, Frame Size-36x48, Frame Color-Black,Frame Style-Thin Floating Frame, VividWalls, Artwork",https://cdn.shopify.com/s/files/1/0785/1504/4639/files/FractalColor_Red_no1_Black_Frame-36x48_94d73c1e-a8df-43b0-b7ea-dcb6cce1b4f5.png?v=1713721992,,,,,,,,,,,150.45,112.84,15.3,Stretched,165.75,348.07,110.0,36x48,2025-05-29 00:51:14
fractal-color-red,,,,,,,,,36x48,,White,,Thin Floating Frame,FRACTAL-COLOR-RED-WHITE-THIN-FLOATING-FRAME-36X48,shopify,deny,manual,381.99,0.0,181.9,True,False,lb,0.0,https://cdn.shopify.com/s/files/1/0785/1504/4639/files/FractalColor_Red_001_White_Frame-36x48_257a3b2c-d036-41c5-a8f2-32c9f7f4454a.png?v=1713721992,5.0,"Abstract Art, Wall Art, Ready-To-Hang, Fractal Color Red, Fractal, Frame Size-36x48, Frame Color-White,Frame Style-Thin Floating Frame, VividWalls, Artwork",https://cdn.shopify.com/s/files/1/0785/1504/4639/files/FractalColor_Red_001_White_Frame-36x48_257a3b2c-d036-41c5-a8f2-32c9f7f4454a.png?v=1713721992,,,,,,,,,,,150.45,112.84,31.45,Stretched,181.9,381.99,110.0,36x48,2025-05-29 00:51:14
fractal-color-red,,,,,,,,,36x48,,,,,FRACTAL-COLOR-RED-NA-NA-36X48,shopify,deny,manual,315.94,0.0,150.45,True,False,lb,0.0,https://cdn.shopify.com/s/files/1/0785/1504/4639/files/FractalColor_Red_no1_No_Frame-36x48_307ab4b9-ffb1-45f7-b752-56a4ea25cc0b.png?v=1713721992,6.0,"Abstract Art, Wall Art, Ready-To-Hang, Fractal Color Red, Fractal, Frame Size-36x48, Frame Color-NA,Frame Style-Thin Floating Frame, VividWalls, Artwork",https://cdn.shopify.com/s/files/1/0785/1504/4639/files/FractalColor_Red_no1_No_Frame-36x48_307ab4b9-ffb1-45f7-b752-56a4ea25cc0b.png?v=1713721992,,,,,,,,,,,150.45,112.84,0.0,Stretched,150.45,315.94,110.0,36x48,2025-05-29 00:51:14
fractal-color-red,,,,,,,,,24x36,,Black,,Thin Floating Frame,FRACTAL-COLOR-RED-BLACK-THIN-FLOATING-FRAME-24X36,shopify,deny,manual,210.63,0.0,100.3,True,False,lb,0.0,https://cdn.shopify.com/s/files/1/0785/1504/4639/files/FractalColor_Red_no1_Black_Frame-24x36_871f6e16-8789-4e97-8778-980b80fe785b.png?v=1713721992,7.0,"Abstract Art, Wall Art, Ready-To-Hang, Fractal Color Red, Fractal, Frame Size-24x36, Frame Color-Black,Frame Style-Thin Floating Frame, VividWalls, Artwork",https://cdn.shopify.com/s/files/1/0785/1504/4639/files/FractalColor_Red_no1_Black_Frame-24x36_871f6e16-8789-4e97-8778-980b80fe785b.png?v=1713721992,,,,,,,,,,,85.0,63.75,15.3,Stretched,100.3,210.63,110.0,24x36,2025-05-29 00:51:14
fractal-color-red,,,,,,,,,24x36,,White,,Thin Floating Frame,FRACTAL-COLOR-RED-WHITE-THIN-FLOATING-FRAME-24X36,shopify,deny,manual,244.55,0.0,116.45,True,False,lb,0.0,https://cdn.shopify.com/s/files/1/0785/1504/4639/files/FractalColor_Red_no1_White_Frame-24x36_586ed032-c6f0-4a58-a852-1db22af969a2.png?v=1713721992,8.0,"Abstract Art, Wall Art, Ready-To-Hang, Fractal Color Red, Fractal, Frame Size-24x36, Frame Color-White,Frame Style-Thin Floating Frame, VividWalls, Artwork",https://cdn.shopify.com/s/files/1/0785/1504/4639/files/FractalColor_Red_no1_White_Frame-24x36_586ed032-c6f0-4a58-a852-1db22af969a2.png?v=1713721992,,,,,,,,,,,85.0,63.75,31.45,Stretched,116.45,244.55,110.0,24x36,2025-05-29 00:51:14
fractal-color-red,,,,,,,,,24x36,,,,,FRACTAL-COLOR-RED-NA-NA-24X36,shopify,deny,manual,204.0,0.0,85.0,True,False,lb,0.0,https://cdn.shopify.com/s/files/1/0785/1504/4639/files/FractalColor_Red_no1_No_Frame-24x36_b2b6d7a4-1b5e-4551-888f-ec1d23cb2d75.png?v=1713721992,9.0,"Abstract Art, Wall Art, Ready-To-Hang, Fractal Color Red, Fractal, Frame Size-24x36, Frame Color-NA,Frame Style-Thin Floating Frame, VividWalls, Artwork",https://cdn.shopify.com/s/files/1/0785/1504/4639/files/FractalColor_Red_no1_No_Frame-24x36_b2b6d7a4-1b5e-4551-888f-ec1d23cb2d75.png?v=1713721992,,,,,,,,,,,85.0,63.75,0.0,Stretched,85.0,204.0,140.0,24x36,2025-05-29 00:51:14
fractal-color-light,Fractal Color Light,"<div>
    <p>
        <span>Fractal Color Light</span> from the <span>Fractal</span> collection is an artwork that captures a stunning display of fractal geometry illuminated by a lively color palette. This piece features an intricate pattern of shapes and colors, where light and dark tones coalesce to create a vibrant dance of hues. Bright blues, greens, and yellows pop against darker backgrounds, highlighting the unique form of each fractal iteration. The artwork reflects a delicate balance between light and shadow, exhibiting a radiant energy that seems to leap from the canvas.
    </p>
</div>
<div>
    <div style=""display: flex; flex-wrap: wrap; gap: 10px; justify-content: start;"">
        <span style=""display: inline-block; font-size: 16px; border-radius: 20px; background-color: #f1f1f1; padding: 3px 10px;"">Fractal Geometry</span>
        <span style=""display: inline-block; font-size: 16px; border-radius: 20px; background-color: #f1f1f1; padding: 3px 10px;"">Vibrant Color Palette</span>
        <span style=""display: inline-block; font-size: 16px; border-radius: 20px; background-color: #f1f1f1; padding: 3px 10px;"">Light and Shadow</span>
        <span style=""display: inline-block; font-size: 16px; border-radius: 20px; background-color: #f1f1f1; padding: 3px 10px;"">Radiant Energy</span>
        <span style=""display: inline-block; font-size: 16px; border-radius: 20px; background-color: #f1f1f1; padding: 3px 10px;"">Dynamic Hues</span>
        <span style=""display: inline-block; font-size: 16px; border-radius: 20px; background-color: #f1f1f1; padding: 3px 10px;"">Modern Art</span>
        <span style=""display: inline-block; font-size: 16px; border-radius: 20px; background-color: #f1f1f1; padding: 3px 10px;"">Gallery Quality</span>
        <span style=""display: inline-block; font-size: 16px; border-radius: 20px; background-color: #f1f1f1; padding: 3px 10px;"">Contemporary Decor</span>
        <span style=""display: inline-block; font-size: 16px; border-radius: 20px; background-color: #f1f1f1; padding: 3px 10px;"">Artistic Expression</span>
        <span style=""display: inline-block; font-size: 16px; border-radius: 20px; background-color: #f1f1f1; padding: 3px 10px;"">Wall Decoration</span>
    </div>
</div>
",VividWalls,Home & Garden > Decor > Artwork,Artwork,Fractal,False,Frame Frame Size,53x72,Frame Color,Black,Frame Style,Thin Floating Frame,FRACTAL-COLOR-LIGHT-BLACK-THIN-FLOATING-FRAME-53X72,shopify,deny,manual,579.99,0.0,305.26,True,False,lb,0.0,https://cdn.shopify.com/s/files/1/0785/1504/4639/files/FractalColor-Light-003_BlackFrame-48x72_48ac7ec1-642d-42fb-a9e3-9381feb68bfe.png?v=1713721848,1.0,"Abstract Art, Wall Art, Ready-To-Hang, Fractal Color Light, Fractal, Frame Frame Size-53x72, Frame Color-Black,Frame Style-Thin Floating Frame, VividWalls, Artwork",https://cdn.shopify.com/s/files/1/0785/1504/4639/files/FractalColor-Light-003_BlackFrame-48x72_48ac7ec1-642d-42fb-a9e3-9381feb68bfe.png?v=1713721848,"Abstract Art, Wall Art, Ready-To-Hang, Collection Fractal Fractal Color Light 53x72, Black Frame Artwork",,False,True,,,True,,,draft,289.96,217.47,15.3,Stretched,305.26,579.99,90.0,53x72 (estimated),2025-05-29 00:51:14
fractal-color-light,,,,,,,,,53x72,,White,,Thin Floating Frame,FRACTAL-COLOR-LIGHT-WHITE-THIN-FLOATING-FRAME-53X72,shopify,deny,manual,610.68,0.0,321.41,True,False,lb,0.0,https://cdn.shopify.com/s/files/1/0785/1504/4639/files/FractalColor-Light-003_WhiteFrame-48x72_de9b6883-c1b3-47a8-bcd9-24ac83d706b7.png?v=1713721848,2.0,"Abstract Art, Wall Art, Ready-To-Hang, Fractal Color Light, Fractal, Frame Frame Size-53x72, Frame Color-White,Frame Style-Thin Floating Frame, VividWalls, Artwork",https://cdn.shopify.com/s/files/1/0785/1504/4639/files/FractalColor-Light-003_WhiteFrame-48x72_de9b6883-c1b3-47a8-bcd9-24ac83d706b7.png?v=1713721848,,,,,,,,,,,289.96,217.47,31.45,Stretched,321.41,610.68,90.0,53x72 (estimated),2025-05-29 00:51:14
fractal-color-light,,,,,,,,,53x72,,,,,FRACTAL-COLOR-LIGHT-NA-NA-53X72,shopify,deny,manual,550.92,0.0,289.96,True,False,lb,0.0,https://cdn.shopify.com/s/files/1/0785/1504/4639/files/FractalColor-003_NoFrame-36x48_ba7a187f-b88b-41d5-b00f-bc9ed69ed887.png?v=1713721848,3.0,"Abstract Art, Wall Art, Ready-To-Hang, Fractal Color Light, Fractal, Frame Frame Size-53x72, Frame Color-NA,Frame Style-Thin Floating Frame, VividWalls, Artwork",https://cdn.shopify.com/s/files/1/0785/1504/4639/files/FractalColor-003_NoFrame-36x48_ba7a187f-b88b-41d5-b00f-bc9ed69ed887.png?v=1713721848,,,,,,,,,,,289.96,217.47,0.0,Stretched,289.96,550.92,90.0,53x72 (estimated),2025-05-29 00:51:14
fractal-color-light,,,,,,,,,36x48,,Black,,Thin Floating Frame,FRACTAL-COLOR-LIGHT-BLACK-THIN-FLOATING-FRAME-36X48,shopify,deny,manual,348.07,0.0,165.75,True,False,lb,0.0,https://cdn.shopify.com/s/files/1/0785/1504/4639/files/FractalColor-Light_no3_Black_Frame-36x48_beee6bf3-5d58-4955-984c-c61ce4e0e13f.png?v=1713721848,4.0,"Abstract Art, Wall Art, Ready-To-Hang, Fractal Color Light, Fractal, Frame Frame Size-36x48, Frame Color-Black,Frame Style-Thin Floating Frame, VividWalls, Artwork",https://cdn.shopify.com/s/files/1/0785/1504/4639/files/FractalColor-Light_no3_Black_Frame-36x48_beee6bf3-5d58-4955-984c-c61ce4e0e13f.png?v=1713721848,,,,,,,,,,,150.45,112.84,15.3,Stretched,165.75,348.07,110.0,36x48,2025-05-29 00:51:14
fractal-color-light,,,,,,,,,36x48,,White,,Thin Floating Frame,FRACTAL-COLOR-LIGHT-WHITE-THIN-FLOATING-FRAME-36X48,shopify,deny,manual,381.99,0.0,181.9,True,False,lb,0.0,https://cdn.shopify.com/s/files/1/0785/1504/4639/files/FractalColor-Light_no3_White_Frame-36x48_67b157ca-312e-4724-b986-75560e7655b6.png?v=1713721848,5.0,"Abstract Art, Wall Art, Ready-To-Hang, Fractal Color Light, Fractal, Frame Frame Size-36x48, Frame Color-White,Frame Style-Thin Floating Frame, VividWalls, Artwork",https://cdn.shopify.com/s/files/1/0785/1504/4639/files/FractalColor-Light_no3_White_Frame-36x48_67b157ca-312e-4724-b986-75560e7655b6.png?v=1713721848,,,,,,,,,,,150.45,112.84,31.45,Stretched,181.9,381.99,110.0,36x48,2025-05-29 00:51:14
fractal-color-light,,,,,,,,,36x48,,,,,FRACTAL-COLOR-LIGHT-NA-NA-36X48,shopify,deny,manual,315.94,0.0,150.45,True,False,lb,0.0,https://cdn.shopify.com/s/files/1/0785/1504/4639/files/FractalColor-Light_no3_No_Frame-36x48_43deef4a-f2de-44ea-b0ed-1a1b5f0b6a46.png?v=1713721848,6.0,"Abstract Art, Wall Art, Ready-To-Hang, Fractal Color Light, Fractal, Frame Frame Size-36x48, Frame Color-NA,Frame Style-Thin Floating Frame, VividWalls, Artwork",https://cdn.shopify.com/s/files/1/0785/1504/4639/files/FractalColor-Light_no3_No_Frame-36x48_43deef4a-f2de-44ea-b0ed-1a1b5f0b6a46.png?v=1713721848,,,,,,,,,,,150.45,112.84,0.0,Stretched,150.45,315.94,110.0,36x48,2025-05-29 00:51:14
fractal-color-light,,,,,,,,,24x36,,Black,,Thin Floating Frame,FRACTAL-COLOR-LIGHT-BLACK-THIN-FLOATING-FRAME-24X36,shopify,deny,manual,210.63,0.0,100.3,True,False,lb,0.0,https://cdn.shopify.com/s/files/1/0785/1504/4639/files/FractalColor-Light_no3_Black_Frame-24x36_c1b6d423-9289-4111-b161-80b477f717a1.png?v=1713721848,7.0,"Abstract Art, Wall Art, Ready-To-Hang, Fractal Color Light, Fractal, Frame Frame Size-24x36, Frame Color-Black,Frame Style-Thin Floating Frame, VividWalls, Artwork",https://cdn.shopify.com/s/files/1/0785/1504/4639/files/FractalColor-Light_no3_Black_Frame-24x36_c1b6d423-9289-4111-b161-80b477f717a1.png?v=1713721848,,,,,,,,,,,85.0,63.75,15.3,Stretched,100.3,210.63,110.0,24x36,2025-05-29 00:51:14
fractal-color-light,,,,,,,,,24x36,,White,,Thin Floating Frame,FRACTAL-COLOR-LIGHT-WHITE-THIN-FLOATING-FRAME-24X36,shopify,deny,manual,244.55,0.0,116.45,True,False,lb,0.0,https://cdn.shopify.com/s/files/1/0785/1504/4639/files/FractalColor-Light_no3_White_Frame-24x36_7a74a323-045d-44fd-b56c-a35057e45ca2.png?v=1713721848,8.0,"Abstract Art, Wall Art, Ready-To-Hang, Fractal Color Light, Fractal, Frame Frame Size-24x36, Frame Color-White,Frame Style-Thin Floating Frame, VividWalls, Artwork",https://cdn.shopify.com/s/files/1/0785/1504/4639/files/FractalColor-Light_no3_White_Frame-24x36_7a74a323-045d-44fd-b56c-a35057e45ca2.png?v=1713721848,,,,,,,,,,,85.0,63.75,31.45,Stretched,116.45,244.55,110.0,24x36,2025-05-29 00:51:14
fractal-color-light,,,,,,,,,24x36,,,,,FRACTAL-COLOR-LIGHT-NA-NA-24X36,shopify,deny,manual,204.0,0.0,85.0,True,False,lb,0.0,https://cdn.shopify.com/s/files/1/0785/1504/4639/files/FractalColor-Light_no3_No_Frame-24x36_0b5b5c57-7055-4736-a5c2-d56e53819908.png?v=1713721848,9.0,"Abstract Art, Wall Art, Ready-To-Hang, Fractal Color Light, Fractal, Frame Frame Size-24x36, Frame Color-NA,Frame Style-Thin Floating Frame, VividWalls, Artwork",https://cdn.shopify.com/s/files/1/0785/1504/4639/files/FractalColor-Light_no3_No_Frame-24x36_0b5b5c57-7055-4736-a5c2-d56e53819908.png?v=1713721848,,,,,,,,,,,85.0,63.75,0.0,Stretched,85.0,204.0,140.0,24x36,2025-05-29 00:51:14
fractal-color-dark,Fractal Color Dark,"<div>
    <p>
        <span>Fractal Color Dark</span> from the <span>Fractal</span> collection presents a rich tapestry of geometric complexity. Dark, shadowy backgrounds are juxtaposed with vivid bursts of color, including electric blues, greens, and fiery oranges, all interlocking in a fractal pattern that draws the eye inward. The artwork's dark base enhances the intensity of the bright colors, creating a sense of depth and intrigue. This piece captures the essence of fractal art with its repeating patterns, exploring the intersection of darkness and color, order and chaos.
    </p>
</div>
<div>
    <div style=""display: flex; flex-wrap: wrap; gap: 10px; justify-content: start;"">
        <span style=""display: inline-block; font-size: 16px; border-radius: 20px; background-color: #f1f1f1; padding: 3px 10px;"">Fractal Geometry</span>
        <span style=""display: inline-block; font-size: 16px; border-radius: 20px; background-color: #f1f1f1; padding: 3px 10px;"">Depth and Intrigue</span>
        <span style=""display: inline-block; font-size: 16px; border-radius: 20px; background-color: #f1f1f1; padding: 3px 10px;"">Color Intensity</span>
        <span style=""display: inline-block; font-size: 16px; border-radius: 20px; background-color: #f1f1f1; padding: 3px 10px;"">Vivid Bursts of Color</span>
        <span style=""display: inline-block; font-size: 16px; border-radius: 20px; background-color: #f1f1f1; padding: 3px 10px;"">Abstract Art</span>
        <span style=""display: inline-block; font-size: 16px; border-radius: 20px; background-color: #f1f1f1; padding: 3px 10px;"">Modern Decor</span>
        <span style=""display: inline-block; font-size: 16px; border-radius: 20px; background-color: #f1f1f1; padding: 3px 10px;"">Gallery Quality</span>
        <span style=""display: inline-block; font-size: 16px; border-radius: 20px; background-color: #f1f1f1; padding: 3px 10px;"">Contemporary Design</span>
        <span style=""display: inline-block; font-size: 16px; border-radius: 20px; background-color: #f1f1f1; padding: 3px 10px;"">Artistic Complexity</span>
        <span style=""display: inline-block; font-size: 16px; border-radius: 20px; background-color: #f1f1f1; padding: 3px 10px;"">Wall Art</span>
    </div>
</div>
",VividWalls,Home & Garden > Decor > Artwork,Artwork,Fractal,True,Frame Size,53x72,Frame Color,Black,Frame Style,Thin Floating Frame,FRACTAL-COLOR-DARK-BLACK-THIN-FLOATING-FRAME-53X72,shopify,deny,manual,579.99,0.0,305.26,True,False,lb,0.0,https://cdn.shopify.com/s/files/1/0785/1504/4639/files/fractal_dark_no1_black_frame-53x72_adb28661-d3d2-4fa4-a109-28a225f641d7.png?v=1713721823,1.0,"Abstract Art, Wall Art, Ready-To-Hang, Fractal Color Dark, Fractal, Frame Size-53x72, Frame Color-Black,Frame Style-Thin Floating Frame, VividWalls, Artwork",https://cdn.shopify.com/s/files/1/0785/1504/4639/files/fractal_dark_no1_black_frame-53x72_adb28661-d3d2-4fa4-a109-28a225f641d7.png?v=1713721823,"Abstract Art, Wall Art, Ready-To-Hang, Collection Fractal Fractal Color Dark 53x72, Black Frame Artwork",,False,True,,,True,,,active,289.96,217.47,15.3,Stretched,305.26,579.99,90.0,53x72 (estimated),2025-05-29 00:51:14
fractal-color-dark,,,,,,,,,53x72,,White,,Thin Floating Frame,FRACTAL-COLOR-DARK-WHITE-THIN-FLOATING-FRAME-53X72,shopify,deny,manual,610.68,0.0,321.41,True,False,lb,0.0,https://cdn.shopify.com/s/files/1/0785/1504/4639/files/fractal_dark_no1_white_frame-53x72_31cc060d-d98b-4c8e-ae9a-6cff5146a3ff.png?v=1713721823,2.0,"Abstract Art, Wall Art, Ready-To-Hang, Fractal Color Dark, Fractal, Frame Size-53x72, Frame Color-White,Frame Style-Thin Floating Frame, VividWalls, Artwork",https://cdn.shopify.com/s/files/1/0785/1504/4639/files/fractal_dark_no1_white_frame-53x72_31cc060d-d98b-4c8e-ae9a-6cff5146a3ff.png?v=1713721823,,,,,,,,,,,289.96,217.47,31.45,Stretched,321.41,610.68,90.0,53x72 (estimated),2025-05-29 00:51:14
fractal-color-dark,,,,,,,,,53x72,,,,,FRACTAL-COLOR-DARK-NA-NA-53X72,shopify,deny,manual,550.92,0.0,289.96,True,False,lb,0.0,https://cdn.shopify.com/s/files/1/0785/1504/4639/files/fractal_dark_no1_no_frame-53x72_b194db89-0485-4f85-89c2-b5823d97f963.png?v=1713721823,3.0,"Abstract Art, Wall Art, Ready-To-Hang, Fractal Color Dark, Fractal, Frame Size-53x72, Frame Color-NA,Frame Style-Thin Floating Frame, VividWalls, Artwork",https://cdn.shopify.com/s/files/1/0785/1504/4639/files/fractal_dark_no1_no_frame-53x72_b194db89-0485-4f85-89c2-b5823d97f963.png?v=1713721823,,,,,,,,,,,289.96,217.47,0.0,Stretched,289.96,550.92,90.0,53x72 (estimated),2025-05-29 00:51:14
fractal-color-dark,,,,,,,,,36x48,,Black,,Thin Floating Frame,FRACTAL-COLOR-DARK-BLACK-THIN-FLOATING-FRAME-36X48,shopify,deny,manual,348.07,0.0,165.75,True,False,lb,0.0,https://cdn.shopify.com/s/files/1/0785/1504/4639/files/FractalColor_no1_Dark_Black_Frame-36x48_e0cbc84c-0bbe-44ec-a97e-60d4c9e6fcb2.png?v=1713721823,4.0,"Abstract Art, Wall Art, Ready-To-Hang, Fractal Color Dark, Fractal, Frame Size-36x48, Frame Color-Black,Frame Style-Thin Floating Frame, VividWalls, Artwork",https://cdn.shopify.com/s/files/1/0785/1504/4639/files/FractalColor_no1_Dark_Black_Frame-36x48_e0cbc84c-0bbe-44ec-a97e-60d4c9e6fcb2.png?v=1713721823,,,,,,,,,,,150.45,112.84,15.3,Stretched,165.75,348.07,110.0,36x48,2025-05-29 00:51:14
fractal-color-dark,,,,,,,,,36x48,,White,,Thin Floating Frame,FRACTAL-COLOR-DARK-WHITE-THIN-FLOATING-FRAME-36X48,shopify,deny,manual,381.99,0.0,181.9,True,False,lb,0.0,https://cdn.shopify.com/s/files/1/0785/1504/4639/files/FractalColor_no1_Dark_White_Frame-36x48_fbdc7b76-d541-45ad-a4ff-a0d83dd830c8.png?v=1713721823,5.0,"Abstract Art, Wall Art, Ready-To-Hang, Fractal Color Dark, Fractal, Frame Size-36x48, Frame Color-White,Frame Style-Thin Floating Frame, VividWalls, Artwork",https://cdn.shopify.com/s/files/1/0785/1504/4639/files/FractalColor_no1_Dark_White_Frame-36x48_fbdc7b76-d541-45ad-a4ff-a0d83dd830c8.png?v=1713721823,,,,,,,,,,,150.45,112.84,31.45,Stretched,181.9,381.99,110.0,36x48,2025-05-29 00:51:14
fractal-color-dark,,,,,,,,,36x48,,,,,FRACTAL-COLOR-DARK-NA-NA-36X48,shopify,deny,manual,315.94,0.0,150.45,True,False,lb,0.0,https://cdn.shopify.com/s/files/1/0785/1504/4639/files/FractalColor_no1_Dark_No_Frame-36x48_6495daaa-781b-4720-abfd-e22b84e07200.png?v=1713721823,6.0,"Abstract Art, Wall Art, Ready-To-Hang, Fractal Color Dark, Fractal, Frame Size-36x48, Frame Color-NA,Frame Style-Thin Floating Frame, VividWalls, Artwork",https://cdn.shopify.com/s/files/1/0785/1504/4639/files/FractalColor_no1_Dark_No_Frame-36x48_6495daaa-781b-4720-abfd-e22b84e07200.png?v=1713721823,,,,,,,,,,,150.45,112.84,0.0,Stretched,150.45,315.94,110.0,36x48,2025-05-29 00:51:14
fractal-color-dark,,,,,,,,,24x36,,Black,,Thin Floating Frame,FRACTAL-COLOR-DARK-BLACK-THIN-FLOATING-FRAME-24X36,shopify,deny,manual,210.63,0.0,100.3,True,False,lb,0.0,https://cdn.shopify.com/s/files/1/0785/1504/4639/files/FractalColor_no1_Dark_Black_Frame-24x36_ea789756-05f3-4cbc-8202-ef501774f577.png?v=1713721823,7.0,"Abstract Art, Wall Art, Ready-To-Hang, Fractal Color Dark, Fractal, Frame Size-24x36, Frame Color-Black,Frame Style-Thin Floating Frame, VividWalls, Artwork",https://cdn.shopify.com/s/files/1/0785/1504/4639/files/FractalColor_no1_Dark_Black_Frame-24x36_ea789756-05f3-4cbc-8202-ef501774f577.png?v=1713721823,,,,,,,,,,,85.0,63.75,15.3,Stretched,100.3,210.63,110.0,24x36,2025-05-29 00:51:14
fractal-color-dark,,,,,,,,,24x36,,White,,Thin Floating Frame,FRACTAL-COLOR-DARK-WHITE-THIN-FLOATING-FRAME-24X36,shopify,deny,manual,244.55,0.0,116.45,True,False,lb,0.0,https://cdn.shopify.com/s/files/1/0785/1504/4639/files/FractalColor_no1_Dark_White_Frame-24x36_73ffafd5-8711-4031-b932-6551e9a072f4.png?v=1713721823,8.0,"Abstract Art, Wall Art, Ready-To-Hang, Fractal Color Dark, Fractal, Frame Size-24x36, Frame Color-White,Frame Style-Thin Floating Frame, VividWalls, Artwork",https://cdn.shopify.com/s/files/1/0785/1504/4639/files/FractalColor_no1_Dark_White_Frame-24x36_73ffafd5-8711-4031-b932-6551e9a072f4.png?v=1713721823,,,,,,,,,,,85.0,63.75,31.45,Stretched,116.45,244.55,110.0,24x36,2025-05-29 00:51:14
fractal-color-dark,,,,,,,,,24x36,,,,,FRACTAL-COLOR-DARK-NA-NA-24X36,shopify,deny,manual,204.0,0.0,85.0,True,False,lb,0.0,https://cdn.shopify.com/s/files/1/0785/1504/4639/files/FractalColor_no1_Dark_No_Frame-24x36_5d0073b2-5674-4695-91a7-f46511463866.png?v=1713721823,9.0,"Abstract Art, Wall Art, Ready-To-Hang, Fractal Color Dark, Fractal, Frame Size-24x36, Frame Color-NA,Frame Style-Thin Floating Frame, VividWalls, Artwork",https://cdn.shopify.com/s/files/1/0785/1504/4639/files/FractalColor_no1_Dark_No_Frame-24x36_5d0073b2-5674-4695-91a7-f46511463866.png?v=1713721823,,,,,,,,,,,85.0,63.75,0.0,Stretched,85.0,204.0,140.0,24x36,2025-05-29 00:51:14
fractal-noir,Fractal Noir,"<div>
    <p>
        <span>Fractal Noir</span> from the <span>Fractal</span> collection is an artwork that delves into the elegance of monochrome. Composed entirely in black and white, this piece features a complex arrangement of fractal patterns that play with light, shadow, and texture. The stark contrast between the black and white segments produces a striking optical effect, with each layer of the fractal adding to the composition's overall depth and sophistication. This piece exemplifies how simplicity in color can lead to richness in form and nuance, making it a bold statement in any contemporary setting.
    </p>
</div>
<div>
    <div style=""display: flex; flex-wrap: wrap; gap: 10px; justify-content: start;"">
        <span style=""display: inline-block; font-size: 16px; border-radius: 20px; background-color: #f1f1f1; padding: 3px 10px;"">Monochrome Art</span>
        <span style=""display: inline-block; font-size: 16px; border-radius: 20px; background-color: #f1f1f1; padding: 3px 10px;"">Fractal Patterns</span>
        <span style=""display: inline-block; font-size: 16px; border-radius: 20px; background-color: #f1f1f1; padding: 3px 10px;"">Optical Effect</span>
        <span style=""display: inline-block; font-size: 16px; border-radius: 20px; background-color: #f1f1f1; padding: 3px 10px;"">Abstract Complexity</span>
        <span style=""display: inline-block; font-size: 16px; border-radius: 20px; background-color: #f1f1f1; padding: 3px 10px;"">Contemporary Design</span>
        <span style=""display: inline-block; font-size: 16px; border-radius: 20px; background-color: #f1f1f1; padding: 3px 10px;"">Texture and Contrast</span>
        <span style=""display: inline-block; font-size: 16px; border-radius: 20px; background-color: #f1f1f1; padding: 3px 10px;"">Modern Decor</span>
        <span style=""display: inline-block; font-size: 16px; border-radius: 20px; background-color: #f1f1f1; padding: 3px 10px;"">Gallery Quality</span>
        <span style=""display: inline-block; font-size: 16px; border-radius: 20px; background-color: #f1f1f1; padding: 3px 10px;"">Artistic Expression</span>
        <span style=""display: inline-block; font-size: 16px; border-radius: 20px; background-color: #f1f1f1; padding: 3px 10px;"">Wall Art</span>
    </div>
</div>",VividWalls,Home & Garden > Decor > Artwork,Artwork,Fractal,True,Frame Size,53x72,Frame Color,Black,Frame Style,Thin Floating Frame,FRACTAL-NOIR-BLACK-THIN-FLOATING-FRAME-53X72,shopify,deny,manual,579.99,0.0,305.26,True,False,lb,0.0,https://cdn.shopify.com/s/files/1/0785/1504/4639/files/FractalBW-001_BlkFrame-48x72_6d8932bd-062a-4ab7-a1b6-66a278d78c6c.png?v=1713720912,1.0,"Abstract Art, Wall Art, Ready-To-Hang, Fractal Noir, Fractal, Frame Size-53x72, Frame Color-Black,Frame Style-Thin Floating Frame, VividWalls, Artwork",https://cdn.shopify.com/s/files/1/0785/1504/4639/files/FractalBW-001_BlkFrame-48x72_6d8932bd-062a-4ab7-a1b6-66a278d78c6c.png?v=1713720912,"Abstract Art, Wall Art, Ready-To-Hang, Collection Fractal Fractal Noir 53x72, Black Frame Artwork",,False,True,,,True,,,active,289.96,217.47,15.3,Stretched,305.26,579.99,90.0,53x72 (estimated),2025-05-29 00:51:14
fractal-noir,,,,,,,,,53x72,,White,,Thin Floating Frame,FRACTAL-NOIR-WHITE-THIN-FLOATING-FRAME-53X72,shopify,deny,manual,610.68,0.0,321.41,True,False,lb,0.0,https://cdn.shopify.com/s/files/1/0785/1504/4639/files/FractalBW-001_WhtFrame-48x72_ecb2c98e-7429-44cc-986b-09abc1da88ea.png?v=1713720912,2.0,"Abstract Art, Wall Art, Ready-To-Hang, Fractal Noir, Fractal, Frame Size-53x72, Frame Color-White,Frame Style-Thin Floating Frame, VividWalls, Artwork",https://cdn.shopify.com/s/files/1/0785/1504/4639/files/FractalBW-001_WhtFrame-48x72_ecb2c98e-7429-44cc-986b-09abc1da88ea.png?v=1713720912,,,,,,,,,,,289.96,217.47,31.45,Stretched,321.41,610.68,90.0,53x72 (estimated),2025-05-29 00:51:14
fractal-noir,,,,,,,,,53x72,,,,,FRACTAL-NOIR-NA-NA-53X72,shopify,deny,manual,550.92,0.0,289.96,True,False,lb,0.0,https://cdn.shopify.com/s/files/1/0785/1504/4639/files/FractalBW-001_NoFrame-48x72_3baf40ac-3516-434d-adb6-dee4ecd8ed48.png?v=1713720912,3.0,"Abstract Art, Wall Art, Ready-To-Hang, Fractal Noir, Fractal, Frame Size-53x72, Frame Color-NA,Frame Style-Thin Floating Frame, VividWalls, Artwork",https://cdn.shopify.com/s/files/1/0785/1504/4639/files/FractalBW-001_NoFrame-48x72_3baf40ac-3516-434d-adb6-dee4ecd8ed48.png?v=1713720912,,,,,,,,,,,289.96,217.47,0.0,Stretched,289.96,550.92,90.0,53x72 (estimated),2025-05-29 00:51:14
fractal-noir,,,,,,,,,36x48,,Black,,Thin Floating Frame,FRACTAL-NOIR-BLACK-THIN-FLOATING-FRAME-36X48,shopify,deny,manual,348.07,0.0,165.75,True,False,lb,0.0,https://cdn.shopify.com/s/files/1/0785/1504/4639/files/Fractal-Chrome_no1_Black_Frame-36x48_036b44c9-779d-4537-9698-5bd9045ec312.png?v=1713720912,4.0,"Abstract Art, Wall Art, Ready-To-Hang, Fractal Noir, Fractal, Frame Size-36x48, Frame Color-Black,Frame Style-Thin Floating Frame, VividWalls, Artwork",https://cdn.shopify.com/s/files/1/0785/1504/4639/files/Fractal-Chrome_no1_Black_Frame-36x48_036b44c9-779d-4537-9698-5bd9045ec312.png?v=1713720912,,,,,,,,,,,150.45,112.84,15.3,Stretched,165.75,348.07,110.0,36x48,2025-05-29 00:51:14
fractal-noir,,,,,,,,,36x48,,White,,Thin Floating Frame,FRACTAL-NOIR-WHITE-THIN-FLOATING-FRAME-36X48,shopify,deny,manual,381.99,0.0,181.9,True,False,lb,0.0,https://cdn.shopify.com/s/files/1/0785/1504/4639/files/Fractal-Chrome_no1_White_Frame-36x48_e7f98aaa-c57b-4eff-a7af-3063e9c7a21e.png?v=1713720912,5.0,"Abstract Art, Wall Art, Ready-To-Hang, Fractal Noir, Fractal, Frame Size-36x48, Frame Color-White,Frame Style-Thin Floating Frame, VividWalls, Artwork",https://cdn.shopify.com/s/files/1/0785/1504/4639/files/Fractal-Chrome_no1_White_Frame-36x48_e7f98aaa-c57b-4eff-a7af-3063e9c7a21e.png?v=1713720912,,,,,,,,,,,150.45,112.84,31.45,Stretched,181.9,381.99,110.0,36x48,2025-05-29 00:51:14
fractal-noir,,,,,,,,,36x48,,,,,FRACTAL-NOIR-NA-NA-36X48,shopify,deny,manual,315.94,0.0,150.45,True,False,lb,0.0,https://cdn.shopify.com/s/files/1/0785/1504/4639/files/Fractal-Chrome_no1_No_Frame-36x48_22bb6f7b-5f1c-4634-a1d9-88a54826acca.png?v=1713720912,6.0,"Abstract Art, Wall Art, Ready-To-Hang, Fractal Noir, Fractal, Frame Size-36x48, Frame Color-NA,Frame Style-Thin Floating Frame, VividWalls, Artwork",https://cdn.shopify.com/s/files/1/0785/1504/4639/files/Fractal-Chrome_no1_No_Frame-36x48_22bb6f7b-5f1c-4634-a1d9-88a54826acca.png?v=1713720912,,,,,,,,,,,150.45,112.84,0.0,Stretched,150.45,315.94,110.0,36x48,2025-05-29 00:51:14
fractal-noir,,,,,,,,,24x36,,Black,,Thin Floating Frame,FRACTAL-NOIR-BLACK-THIN-FLOATING-FRAME-24X36,shopify,deny,manual,210.63,0.0,100.3,True,False,lb,0.0,https://cdn.shopify.com/s/files/1/0785/1504/4639/files/Fractal-Chrome_no1_Black_Frame-24x36_89185191-1eac-4020-8302-546db271eac3.png?v=1713720912,7.0,"Abstract Art, Wall Art, Ready-To-Hang, Fractal Noir, Fractal, Frame Size-24x36, Frame Color-Black,Frame Style-Thin Floating Frame, VividWalls, Artwork",https://cdn.shopify.com/s/files/1/0785/1504/4639/files/Fractal-Chrome_no1_Black_Frame-24x36_89185191-1eac-4020-8302-546db271eac3.png?v=1713720912,,,,,,,,,,,85.0,63.75,15.3,Stretched,100.3,210.63,110.0,24x36,2025-05-29 00:51:14
fractal-noir,,,,,,,,,24x36,,White,,Thin Floating Frame,FRACTAL-NOIR-WHITE-THIN-FLOATING-FRAME-24X36,shopify,deny,manual,244.55,0.0,116.45,True,False,lb,0.0,https://cdn.shopify.com/s/files/1/0785/1504/4639/files/Fractal-Chrome_no1_White_Frame-24x36_52002493-e879-46f8-9865-0174f207217b.png?v=1713720912,8.0,"Abstract Art, Wall Art, Ready-To-Hang, Fractal Noir, Fractal, Frame Size-24x36, Frame Color-White,Frame Style-Thin Floating Frame, VividWalls, Artwork",https://cdn.shopify.com/s/files/1/0785/1504/4639/files/Fractal-Chrome_no1_White_Frame-24x36_52002493-e879-46f8-9865-0174f207217b.png?v=1713720912,,,,,,,,,,,85.0,63.75,31.45,Stretched,116.45,244.55,110.0,24x36,2025-05-29 00:51:14
fractal-noir,,,,,,,,,24x36,,,,,FRACTAL-NOIR-NA-NA-24X36,shopify,deny,manual,204.0,0.0,85.0,True,False,lb,0.0,https://cdn.shopify.com/s/files/1/0785/1504/4639/files/Fractal-Chrome_no1_No_Frame-24x36_83c87021-2644-4c79-8040-6ef6c293e189.png?v=1713720912,9.0,"Abstract Art, Wall Art, Ready-To-Hang, Fractal Noir, Fractal, Frame Size-24x36, Frame Color-NA,Frame Style-Thin Floating Frame, VividWalls, Artwork",https://cdn.shopify.com/s/files/1/0785/1504/4639/files/Fractal-Chrome_no1_No_Frame-24x36_83c87021-2644-4c79-8040-6ef6c293e189.png?v=1713720912,,,,,,,,,,,85.0,63.75,0.0,Stretched,85.0,204.0,140.0,24x36,2025-05-29 00:51:14
fractal-noir-double,Fractal Noir Double,"<div>
    <p>
        <span>Fractal Noir</span> from the <span>Fractal</span> collection is a study in the power of black and white. The artwork features a stark, high-contrast interplay of geometric shapes, which creates a compelling optical experience. White forms emerge from the blackness, reminiscent of the negative space in photography or the inkblots of a Rorschach test, inviting personal interpretation and introspection. The fractal nature of the design gives it a recursive depth, with the self-similarity of the patterns leading the eye deeper into the composition, making ""Fractal Noir"" a profound statement piece.
    </p>
</div>
<div>
    <div style=""display: flex; flex-wrap: wrap; gap: 10px; justify-content: start;"">
        <span style=""display: inline-block; font-size: 16px; border-radius: 20px; background-color: #f1f1f1; padding: 3px 10px;"">Black and White Art</span>
        <span style=""display: inline-block; font-size: 16px; border-radius: 20px; background-color: #f1f1f1; padding: 3px 10px;"">Geometric Shapes</span>
        <span style=""display: inline-block; font-size: 16px; border-radius: 20px; background-color: #f1f1f1; padding: 3px 10px;"">Optical Experience</span>
        <span style=""display: inline-block; font-size: 16px; border-radius: 20px; background-color: #f1f1f1; padding: 3px 10px;"">Negative Space</span>
        <span style=""display: inline-block; font-size: 16px; border-radius: 20px; background-color: #f1f1f1; padding: 3px 10px;"">Recursive Depth</span>
        <span style=""display: inline-block; font-size: 16px; border-radius: 20px; background-color: #f1f1f1; padding: 3px 10px;"">Fractal Design</span>
        <span style=""display: inline-block; font-size: 16px; border-radius: 20px; background-color: #f1f1f1; padding: 3px 10px;"">Modern Decor</span>
        <span style=""display: inline-block; font-size: 16px; border-radius: 20px; background-color: #f1f1f1; padding: 3px 10px;"">Statement Piece</span>
        <span style=""display: inline-block; font-size: 16px; border-radius: 20px; background-color: #f1f1f1; padding: 3px 10px;"">Contemporary Art</span>
        <span style=""display: inline-block; font-size: 16px; border-radius: 20px; background-color: #f1f1f1; padding: 3px 10px;"">Gallery Quality</span>
    </div>
</div>",VividWalls,Home & Garden > Decor > Artwork,Artwork,Fractal,True,Frame Size,72x53,Frame Color,Black,Frame Style,Thin Floating Frame,FRACTAL-NOIR-DOUBLE-BLACK-THIN-FLOATING-FRAME-72X53,shopify,deny,manual,579.99,0.0,305.26,True,False,lb,0.0,https://cdn.shopify.com/s/files/1/0785/1504/4639/files/Fractal_Noir_Black-Frame-72x48_a1e3dee9-20f5-43c8-8ae3-79fd51b00604.png?v=1713720889,1.0,"Abstract Art, Wall Art, Ready-To-Hang, Fractal Noir Double, Fractal, Frame Size-72x53, Frame Color-Black,Frame Style-Thin Floating Frame, VividWalls, Artwork",https://cdn.shopify.com/s/files/1/0785/1504/4639/files/Fractal_Noir_Black-Frame-72x48_a1e3dee9-20f5-43c8-8ae3-79fd51b00604.png?v=1713720889,"Abstract Art, Wall Art, Ready-To-Hang, Collection Fractal Fractal Noir Double 72x53, Black Frame Artwork",,False,True,,,True,,,active,289.96,217.47,15.3,Stretched,305.26,579.99,90.0,72x53 (estimated),2025-05-29 00:51:14
fractal-noir-double,,,,,,,,,72x53,,White,,Thin Floating Frame,FRACTAL-NOIR-DOUBLE-WHITE-THIN-FLOATING-FRAME-72X53,shopify,deny,manual,610.68,0.0,321.41,True,False,lb,0.0,https://cdn.shopify.com/s/files/1/0785/1504/4639/files/Fractal_Noir_White-Frame-72x48_317e6f5e-b983-4fe8-bdf2-1b0b94b55b17.png?v=1713720889,2.0,"Abstract Art, Wall Art, Ready-To-Hang, Fractal Noir Double, Fractal, Frame Size-72x53, Frame Color-White,Frame Style-Thin Floating Frame, VividWalls, Artwork",https://cdn.shopify.com/s/files/1/0785/1504/4639/files/Fractal_Noir_White-Frame-72x48_317e6f5e-b983-4fe8-bdf2-1b0b94b55b17.png?v=1713720889,,,,,,,,,,,289.96,217.47,31.45,Stretched,321.41,610.68,90.0,72x53 (estimated),2025-05-29 00:51:14
fractal-noir-double,,,,,,,,,72x53,,,,,FRACTAL-NOIR-DOUBLE-NA-NA-72X53,shopify,deny,manual,550.92,0.0,289.96,True,False,lb,0.0,https://cdn.shopify.com/s/files/1/0785/1504/4639/files/Fractal_Noir_No-Frame-72x48_c84e7b6e-f406-4a13-acbf-4f7e50bb3462.png?v=1713720889,3.0,"Abstract Art, Wall Art, Ready-To-Hang, Fractal Noir Double, Fractal, Frame Size-72x53, Frame Color-NA,Frame Style-Thin Floating Frame, VividWalls, Artwork",https://cdn.shopify.com/s/files/1/0785/1504/4639/files/Fractal_Noir_No-Frame-72x48_c84e7b6e-f406-4a13-acbf-4f7e50bb3462.png?v=1713720889,,,,,,,,,,,289.96,217.47,0.0,Stretched,289.96,550.92,90.0,72x53 (estimated),2025-05-29 00:51:14
fractal-noir-double,,,,,,,,,48x36,,Black,,Thin Floating Frame,FRACTAL-NOIR-DOUBLE-BLACK-THIN-FLOATING-FRAME-48X36,shopify,deny,manual,348.07,0.0,165.75,True,False,lb,0.0,https://cdn.shopify.com/s/files/1/0785/1504/4639/files/Fractal_Noir_Black-Frame-48x36_5ddaf883-89aa-4ece-a36b-910004f29c19.png?v=1713720889,4.0,"Abstract Art, Wall Art, Ready-To-Hang, Fractal Noir Double, Fractal, Frame Size-48x36, Frame Color-White,Frame Style-Thin Floating Frame, VividWalls, Artwork",https://cdn.shopify.com/s/files/1/0785/1504/4639/files/Fractal_Noir_No-Frame-48x36_799f401f-3251-49fd-a7f8-9baf689c937a.png?v=1713720889,,,,,,,,,,,150.45,112.84,15.3,Stretched,165.75,348.07,110.0,48x36,2025-05-29 00:51:14
fractal-noir-double,,,,,,,,,48x36,,White,,Thin Floating Frame,FRACTAL-NOIR-DOUBLE-WHITE-THIN-FLOATING-FRAME-48X36,shopify,deny,manual,381.99,0.0,181.9,True,False,lb,0.0,https://cdn.shopify.com/s/files/1/0785/1504/4639/files/Fractal_Noir_No-Frame-48x36_799f401f-3251-49fd-a7f8-9baf689c937a.png?v=1713720889,5.0,"Abstract Art, Wall Art, Ready-To-Hang, Fractal Noir Double, Fractal, Frame Size-48x36, Frame Color-NA,Frame Style-Thin Floating Frame, VividWalls, Artwork",https://cdn.shopify.com/s/files/1/0785/1504/4639/files/Fractal_Noir_Black-Frame-48x36_5ddaf883-89aa-4ece-a36b-910004f29c19.png?v=1713720889,,,,,,,,,,,150.45,112.84,31.45,Stretched,181.9,381.99,110.0,48x36,2025-05-29 00:51:14
fractal-noir-double,,,,,,,,,48x36,,,,,FRACTAL-NOIR-DOUBLE-NA-NA-48X36,shopify,deny,manual,315.94,0.0,150.45,True,False,lb,0.0,https://cdn.shopify.com/s/files/1/0785/1504/4639/files/Fractal_Noir_Black-Frame-36x24_b113afe8-1418-4961-acc7-475635908fae.png?v=1713720889,6.0,"Abstract Art, Wall Art, Ready-To-Hang, Fractal Noir Double, Fractal, Frame Size-36x24, Frame Color-Black,Frame Style-Thin Floating Frame, VividWalls, Artwork",https://cdn.shopify.com/s/files/1/0785/1504/4639/files/Fractal_Noir_No-Frame-48x36_799f401f-3251-49fd-a7f8-9baf689c937a.png?v=1713720889,,,,,,,,,,,150.45,112.84,0.0,Stretched,150.45,315.94,110.0,48x36,2025-05-29 00:51:14
fractal-noir-double,,,,,,,,,36x24,,Black,,Thin Floating Frame,FRACTAL-NOIR-DOUBLE-BLACK-THIN-FLOATING-FRAME-36X24,shopify,deny,manual,210.63,0.0,100.3,True,False,lb,0.0,https://cdn.shopify.com/s/files/1/0785/1504/4639/files/Fractal_Noir_White-Frame-36x24_17d5740e-c1a6-4d6b-ba85-b67036a82197.png?v=1713720889,7.0,"Abstract Art, Wall Art, Ready-To-Hang, Fractal Noir Double, Fractal, Frame Size-36x24, Frame Color-White,Frame Style-Thin Floating Frame, VividWalls, Artwork",https://cdn.shopify.com/s/files/1/0785/1504/4639/files/Fractal_Noir_Black-Frame-36x24_b113afe8-1418-4961-acc7-475635908fae.png?v=1713720889,,,,,,,,,,,85.0,63.75,15.3,Stretched,100.3,210.63,110.0,36x24,2025-05-29 00:51:14
fractal-noir-double,,,,,,,,,36x24,,White,,Thin Floating Frame,FRACTAL-NOIR-DOUBLE-WHITE-THIN-FLOATING-FRAME-36X24,shopify,deny,manual,244.55,0.0,116.45,True,False,lb,0.0,https://cdn.shopify.com/s/files/1/0785/1504/4639/files/Fractal_Noir_No-Frame-36x24_44f102c3-d12b-40a5-8d23-eee15dd771e1.png?v=1713720889,8.0,"Abstract Art, Wall Art, Ready-To-Hang, Fractal Noir Double, Fractal, Frame Size-36x24, Frame Color-NA,Frame Style-Thin Floating Frame, VividWalls, Artwork",https://cdn.shopify.com/s/files/1/0785/1504/4639/files/Fractal_Noir_White-Frame-36x24_17d5740e-c1a6-4d6b-ba85-b67036a82197.png?v=1713720889,,,,,,,,,,,85.0,63.75,31.45,Stretched,116.45,244.55,110.0,36x24,2025-05-29 00:51:14
fractal-noir-double,,,,,,,,,36x24,,,,,FRACTAL-NOIR-DOUBLE-NA-NA-36X24,shopify,deny,manual,204.0,0.0,85.0,True,False,lb,0.0,,,,https://cdn.shopify.com/s/files/1/0785/1504/4639/files/Fractal_Noir_No-Frame-36x24_44f102c3-d12b-40a5-8d23-eee15dd771e1.png?v=1713720889,,,,,,,,,,,85.0,63.75,0.0,Stretched,85.0,204.0,140.0,36x24,2025-05-29 00:51:14
fractal-double-red,Fractal Double Red,"<div>
  <p>
  <span>Fractal Double Red</span> from the <span>Fractal</span> collection presents a compelling fusion of texture and geometry. With its intricate layers and rich, red-dominated color palette, this piece exemplifies the depth and complexity achievable in modern abstract art. The artwork's textured surface is masterfully balanced with the simplicity of its geometric shapes, offering a visually stunning and intellectually engaging experience.
</p>
<p>
  The collection is an artwork that radiates with a kaleidoscope of colors and complex patterns. The piece features a rich tapestry of reds, from deep maroon to bright scarlet, interwoven with shades of purple, blue, and orange. It has a symmetrical design that mirrors across the center, creating a sense of balance and harmony. This fractal art, characterized by self-repeating patterns, offers a visual experience that is both chaotic and ordered, with each glance revealing new details within its intricate depths.
</p>
</div>
<div>
    <div style=""display: flex; flex-wrap: wrap; gap: 10px; justify-content: start;"">
        <span style=""display: inline-block; font-size: 16px; border-radius: 20px; background-color: #f1f1f1; padding: 3px 10px;"">Fractal Art</span>
        <span style=""display: inline-block; font-size: 16px; border-radius: 20px; background-color: #f1f1f1; padding: 3px 10px;"">Red Abstract</span>
        <span style=""display: inline-block; font-size: 16px; border-radius: 20px; background-color: #f1f1f1; padding: 3px 10px;"">Symmetrical Design</span>
        <span style=""display: inline-block; font-size: 16px; border-radius: 20px; background-color: #f1f1f1; padding: 3px 10px;"">Intricate Patterns</span>
        <span style=""display: inline-block; font-size: 16px; border-radius: 20px; background-color: #f1f1f1; padding: 3px 10px;"">Colorful Artwork</span>
        <span style=""display: inline-block; font-size: 16px; border-radius: 20px; background-color: #f1f1f1; padding: 3px 10px;"">Modern Decor</span>
        <span style=""display: inline-block; font-size: 16px; border-radius: 20px; background-color: #f1f1f1; padding: 3px 10px;"">Gallery Quality</span>
        <span style=""display: inline-block; font-size: 16px; border-radius: 20px; background-color: #f1f1f1; padding: 3px 10px;"">Decorative Art</span>
        <span style=""display: inline-block; font-size: 16px; border-radius: 20px; background-color: #f1f1f1; padding: 3px 10px;"">Wall Art</span>
        <span style=""display: inline-block; font-size: 16px; border-radius: 20px; background-color: #f1f1f1; padding: 3px 10px;"">Visual Depth</span>
    </div>
</div>
",VividWalls,Home & Garden > Decor > Artwork,Artwork,Fractal,True,Frame Size,72x53,Frame Color,Black,Frame Style,Thin Floating Frame,FRACTAL-DOUBLE-RED-BLACK-THIN-FLOATING-FRAME-72X53,shopify,deny,manual,579.99,0.0,305.26,True,False,lb,0.0,https://cdn.shopify.com/s/files/1/0785/1504/4639/files/Fractal-Red-002_BlkFrame-72x53_f1c4d256-de8f-489b-b801-f91783670e33.png?v=1713720866,1.0,"Abstract Art, Wall Art, Ready-To-Hang, Fractal Double Red, Fractal, Frame Size-72x53, Frame Color-Black,Frame Style-Thin Floating Frame, VividWalls, Artwork",https://cdn.shopify.com/s/files/1/0785/1504/4639/files/Fractal-Red-002_BlkFrame-72x53_f1c4d256-de8f-489b-b801-f91783670e33.png?v=1713720866,"Abstract Art, Wall Art, Ready-To-Hang, Collection Fractal Fractal Double Red 72x53, Black Frame Artwork",,False,True,,,True,,,active,289.96,217.47,15.3,Stretched,305.26,579.99,90.0,72x53 (estimated),2025-05-29 00:51:14
fractal-double-red,,,,,,,,,72x53,,White,,Thin Floating Frame,FRACTAL-DOUBLE-RED-WHITE-THIN-FLOATING-FRAME-72X53,shopify,deny,manual,610.68,0.0,321.41,True,False,lb,0.0,https://cdn.shopify.com/s/files/1/0785/1504/4639/files/Fractal-Red-002_WhtFrame-72x53_6d4fed8e-d4c0-4126-9822-c635112ca4ef.png?v=1713720866,2.0,"Abstract Art, Wall Art, Ready-To-Hang, Fractal Double Red, Fractal, Frame Size-72x53, Frame Color-White,Frame Style-Thin Floating Frame, VividWalls, Artwork",https://cdn.shopify.com/s/files/1/0785/1504/4639/files/Fractal-Red-002_WhtFrame-72x53_6d4fed8e-d4c0-4126-9822-c635112ca4ef.png?v=1713720866,,,,,,,,,,,289.96,217.47,31.45,Stretched,321.41,610.68,90.0,72x53 (estimated),2025-05-29 00:51:14
fractal-double-red,,,,,,,,,72x53,,,,,FRACTAL-DOUBLE-RED-NA-NA-72X53,shopify,deny,manual,550.92,0.0,289.96,True,False,lb,0.0,https://cdn.shopify.com/s/files/1/0785/1504/4639/files/Fractal-Red-002_NoFrame-72x53_230e986f-34dc-4172-9261-4ab1d85be775.png?v=1713720866,3.0,"Abstract Art, Wall Art, Ready-To-Hang, Fractal Double Red, Fractal, Frame Size-72x53, Frame Color-NA,Frame Style-Thin Floating Frame, VividWalls, Artwork",https://cdn.shopify.com/s/files/1/0785/1504/4639/files/Fractal-Red-002_NoFrame-72x53_230e986f-34dc-4172-9261-4ab1d85be775.png?v=1713720866,,,,,,,,,,,289.96,217.47,0.0,Stretched,289.96,550.92,90.0,72x53 (estimated),2025-05-29 00:51:14
fractal-double-red,,,,,,,,,48x36,,Black,,Thin Floating Frame,FRACTAL-DOUBLE-RED-BLACK-THIN-FLOATING-FRAME-48X36,shopify,deny,manual,348.07,0.0,165.75,True,False,lb,0.0,https://cdn.shopify.com/s/files/1/0785/1504/4639/files/Fractal-Red-no2_Black-Frame-48x36_89c62ace-2af7-4966-811c-0e9aae57fac4.png?v=1713720866,4.0,"Abstract Art, Wall Art, Ready-To-Hang, Fractal Double Red, Fractal, Frame Size-48x36, Frame Color-Black,Frame Style-Thin Floating Frame, VividWalls, Artwork",https://cdn.shopify.com/s/files/1/0785/1504/4639/files/Fractal-Red-no2_Black-Frame-48x36_89c62ace-2af7-4966-811c-0e9aae57fac4.png?v=1713720866,,,,,,,,,,,150.45,112.84,15.3,Stretched,165.75,348.07,110.0,48x36,2025-05-29 00:51:14
fractal-double-red,,,,,,,,,48x36,,White,,Thin Floating Frame,FRACTAL-DOUBLE-RED-WHITE-THIN-FLOATING-FRAME-48X36,shopify,deny,manual,381.99,0.0,181.9,True,False,lb,0.0,https://cdn.shopify.com/s/files/1/0785/1504/4639/files/Fractal-Red-no2_White-Frame-48x36_9fbf05db-070f-43b7-88be-74a043acd7ae.png?v=1713720866,5.0,"Abstract Art, Wall Art, Ready-To-Hang, Fractal Double Red, Fractal, Frame Size-48x36, Frame Color-White,Frame Style-Thin Floating Frame, VividWalls, Artwork",https://cdn.shopify.com/s/files/1/0785/1504/4639/files/Fractal-Red-no2_White-Frame-48x36_9fbf05db-070f-43b7-88be-74a043acd7ae.png?v=1713720866,,,,,,,,,,,150.45,112.84,31.45,Stretched,181.9,381.99,110.0,48x36,2025-05-29 00:51:14
fractal-double-red,,,,,,,,,48x36,,,,,FRACTAL-DOUBLE-RED-NA-NA-48X36,shopify,deny,manual,315.94,0.0,150.45,True,False,lb,0.0,https://cdn.shopify.com/s/files/1/0785/1504/4639/files/Fractal-Red-no2_No-Frame-48x36_5b57f092-c668-4618-891b-e12b9b50b3c7.png?v=1713720866,6.0,"Abstract Art, Wall Art, Ready-To-Hang, Fractal Double Red, Fractal, Frame Size-48x36, Frame Color-NA,Frame Style-Thin Floating Frame, VividWalls, Artwork",https://cdn.shopify.com/s/files/1/0785/1504/4639/files/Fractal-Red-no2_No-Frame-48x36_5b57f092-c668-4618-891b-e12b9b50b3c7.png?v=1713720866,,,,,,,,,,,150.45,112.84,0.0,Stretched,150.45,315.94,110.0,48x36,2025-05-29 00:51:14
fractal-double-red,,,,,,,,,36x24,,Black,,Thin Floating Frame,FRACTAL-DOUBLE-RED-BLACK-THIN-FLOATING-FRAME-36X24,shopify,deny,manual,210.63,0.0,100.3,True,False,lb,0.0,https://cdn.shopify.com/s/files/1/0785/1504/4639/files/Fractal-Red-no2_BlackFrame-36x24_9754f86e-c854-4a31-a517-3616d0973dae.png?v=1713720866,7.0,"Abstract Art, Wall Art, Ready-To-Hang, Fractal Double Red, Fractal, Frame Size-36x24, Frame Color-Black,Frame Style-Thin Floating Frame, VividWalls, Artwork",https://cdn.shopify.com/s/files/1/0785/1504/4639/files/Fractal-Red-no2_BlackFrame-36x24_9754f86e-c854-4a31-a517-3616d0973dae.png?v=1713720866,,,,,,,,,,,85.0,63.75,15.3,Stretched,100.3,210.63,110.0,36x24,2025-05-29 00:51:14
fractal-double-red,,,,,,,,,36x24,,White,,Thin Floating Frame,FRACTAL-DOUBLE-RED-WHITE-THIN-FLOATING-FRAME-36X24,shopify,deny,manual,244.55,0.0,116.45,True,False,lb,0.0,https://cdn.shopify.com/s/files/1/0785/1504/4639/files/Fractal-Red-no2_No-Frame-36x24_01ca15fb-5260-44b3-bdf1-df887802acf2.png?v=1713720866,8.0,"Abstract Art, Wall Art, Ready-To-Hang, Fractal Double Red, Fractal, Frame Size-36x24, Frame Color-NA,Frame Style-Thin Floating Frame, VividWalls, Artwork",https://cdn.shopify.com/s/files/1/0785/1504/4639/files/Fractal-Red-no2_No-Frame-36x24_01ca15fb-5260-44b3-bdf1-df887802acf2.png?v=1713720866,,,,,,,,,,,85.0,63.75,31.45,Stretched,116.45,244.55,110.0,36x24,2025-05-29 00:51:14
fractal-double-red,,,,,,,,,36x24,,,,,FRACTAL-DOUBLE-RED-NA-NA-36X24,shopify,deny,manual,204.0,0.0,85.0,True,False,lb,0.0,,,,https://cdn.shopify.com/s/files/1/0785/1504/4639/files/Fractal-Red-no2_No-Frame-36x24_01ca15fb-5260-44b3-bdf1-df887802acf2.png?v=1713720866,,,,,,,,,,,85.0,63.75,0.0,Stretched,85.0,204.0,140.0,36x24,2025-05-29 00:51:14
